ISO-10303-21;
HEADER;
FILE_DESCRIPTION (( 'STEP AP214' ),
    '1' );
FILE_NAME ('User Library-aa smt battery clip-1.STEP',
    '2021-09-07T10:14:16',
    ( '' ),
    ( '' ),
    'SwSTEP 2.0',
    'SolidWorks 2021',
    '' );
FILE_SCHEMA (( 'AUTOMOTIVE_DESIGN' ));
ENDSEC;

DATA;
#1 = ORIENTED_EDGE ( 'NONE', *, *, #2799, .T. ) ;
#2 =( NAMED_UNIT ( * ) SI_UNIT ( $, .STERADIAN. ) SOLID_ANGLE_UNIT ( ) );
#3 = DIRECTION ( 'NONE',  ( 0.0000000000000000000, 0.0000000000000000000, -1.000000000000000000 ) ) ;
#4 = DIRECTION ( 'NONE',  ( 0.0000000000000000000, 0.0000000000000000000, -1.000000000000000000 ) ) ;
#5 = EDGE_CURVE ( 'NONE', #1727, #685, #1538, .T. ) ;
#6 = CARTESIAN_POINT ( 'NONE',  ( -6.349999999999999645, -8.649444591070091448, 1.574799999999999534 ) ) ;
#7 = VERTEX_POINT ( 'NONE', #2252 ) ;
#8 = CYLINDRICAL_SURFACE ( 'NONE', #3098, 0.7873999999999999888 ) ;
#9 =( LENGTH_UNIT ( ) NAMED_UNIT ( * ) SI_UNIT ( .MILLI., .METRE. ) );
#10 = DIRECTION ( 'NONE',  ( 0.0000000000000000000, -0.0000000000000000000, 1.000000000000000000 ) ) ;
#11 = ORIENTED_EDGE ( 'NONE', *, *, #38, .F. ) ;
#12 = CARTESIAN_POINT ( 'NONE',  ( -6.349999999999999645, 7.464104023734799753, 5.100726455503645340 ) ) ;
#13 = FILL_AREA_STYLE ('',( #2274 ) ) ;
#14 = VECTOR ( 'NONE', #2072, 1000.000000000000227 ) ;
#15 = CARTESIAN_POINT ( 'NONE',  ( -6.349999999999998757, -8.649444591070091448, -1.574800000000000422 ) ) ;
#16 = MECHANICAL_DESIGN_GEOMETRIC_PRESENTATION_REPRESENTATION (  '', ( #2268 ), #1758 ) ;
#17 = ORIENTED_EDGE ( 'NONE', *, *, #1986, .T. ) ;
#18 = EDGE_CURVE ( 'NONE', #1589, #2215, #100, .T. ) ;
#19 = CARTESIAN_POINT ( 'NONE',  ( 1.422399999999995446, -13.01824459107008991, -0.7874000000000014321 ) ) ;
#20 =( NAMED_UNIT ( * ) PLANE_ANGLE_UNIT ( ) SI_UNIT ( $, .RADIAN. ) );
#21 = CARTESIAN_POINT ( 'NONE',  ( -6.349999999999999645, 0.0000000000000000000, 0.0000000000000000000 ) ) ;
#22 = LINE ( 'NONE', #222, #2808 ) ;
#23 = COLOUR_RGB ( '',1.000000000000000000, 0.8666666666666666963, 0.5294117647058823595 ) ;
#24 = VERTEX_POINT ( 'NONE', #2525 ) ;
#25 = LINE ( 'NONE', #984, #1025 ) ;
#26 = MECHANICAL_DESIGN_GEOMETRIC_PRESENTATION_REPRESENTATION (  '', ( #1360 ), #2694 ) ;
#27 =( NAMED_UNIT ( * ) SI_UNIT ( $, .STERADIAN. ) SOLID_ANGLE_UNIT ( ) );
#28 = MECHANICAL_DESIGN_GEOMETRIC_PRESENTATION_REPRESENTATION (  '', ( #2334 ), #2585 ) ;
#29 = ORIENTED_EDGE ( 'NONE', *, *, #1373, .F. ) ;
#30 = UNCERTAINTY_MEASURE_WITH_UNIT (LENGTH_MEASURE( 1.000000000000000082E-05 ), #79, 'distance_accuracy_value', 'NONE');
#31 = DIRECTION ( 'NONE',  ( -0.9930379955505395095, -0.1177944794672777795, -0.0000000000000000000 ) ) ;
#32 = UNCERTAINTY_MEASURE_WITH_UNIT (LENGTH_MEASURE( 1.000000000000000082E-05 ), #2022, 'distance_accuracy_value', 'NONE');
#33 =( GEOMETRIC_REPRESENTATION_CONTEXT ( 3 ) GLOBAL_UNCERTAINTY_ASSIGNED_CONTEXT ( ( #2476 ) ) GLOBAL_UNIT_ASSIGNED_CONTEXT ( ( #2685, #966, #1921 ) ) REPRESENTATION_CONTEXT ( 'NONE', 'WORKASPACE' ) );
#34 = CARTESIAN_POINT ( 'NONE',  ( 1.777545974569638032, 4.575234094530384432, -3.962399999999999700 ) ) ;
#35 = COLOUR_RGB ( '',1.000000000000000000, 0.8666666666666666963, 0.5294117647058823595 ) ;
#36 = ORIENTED_EDGE ( 'NONE', *, *, #613, .F. ) ;
#37 =( LENGTH_UNIT ( ) NAMED_UNIT ( * ) SI_UNIT ( .MILLI., .METRE. ) );
#38 = EDGE_CURVE ( 'NONE', #1943, #705, #568, .T. ) ;
#39 = CIRCLE ( 'NONE', #2444, 0.1523999999999995913 ) ;
#40 = COLOUR_RGB ( '',1.000000000000000000, 0.8666666666666666963, 0.5294117647058823595 ) ;
#41 = CARTESIAN_POINT ( 'NONE',  ( -5.168900000000000716, -8.573244591070091403, -1.181100000000000039 ) ) ;
#42 = VECTOR ( 'NONE', #203, 1000.000000000000000 ) ;
#43 = LINE ( 'NONE', #2920, #585 ) ;
#44 = PRESENTATION_LAYER_ASSIGNMENT (  '', '', ( #1285 ) ) ;
#45 = VERTEX_POINT ( 'NONE', #1771 ) ;
#46 = AXIS2_PLACEMENT_3D ( 'NONE', #2544, #179, #2594 ) ;
#47 = PLANE ( 'NONE',  #228 ) ;
#48 = CARTESIAN_POINT ( 'NONE',  ( 1.422399999999995446, -13.01824459107008991, -0.7874000000000014321 ) ) ;
#49 = VERTEX_POINT ( 'NONE', #1789 ) ;
#50 =( NAMED_UNIT ( * ) PLANE_ANGLE_UNIT ( ) SI_UNIT ( $, .RADIAN. ) );
#51 = AXIS2_PLACEMENT_3D ( 'NONE', #95, #2306, #1053 ) ;
#52 = DIRECTION ( 'NONE',  ( 0.0000000000000000000, -0.0000000000000000000, -1.000000000000000000 ) ) ;
#53 = FILL_AREA_STYLE_COLOUR ( '', #2649 ) ;
#54 = LINE ( 'NONE', #1530, #2802 ) ;
#55 = EDGE_CURVE ( 'NONE', #3117, #2747, #2479, .T. ) ;
#56 = CARTESIAN_POINT ( 'NONE',  ( 1.269999999999996909, -8.801844591070091539, -0.7873999999999997668 ) ) ;
#57 = CARTESIAN_POINT ( 'NONE',  ( 0.0000000000000000000, -8.954244591070089854, -4.762499999999999289 ) ) ;
#58 =( LENGTH_UNIT ( ) NAMED_UNIT ( * ) SI_UNIT ( .MILLI., .METRE. ) );
#59 = VERTEX_POINT ( 'NONE', #1548 ) ;
#60 = ADVANCED_FACE ( 'NONE', ( #374 ), #1319, .F. ) ;
#61 = CARTESIAN_POINT ( 'NONE',  ( 1.422399999999995446, -8.954244591070089854, 0.7873999999999986565 ) ) ;
#62 = SURFACE_STYLE_USAGE ( .BOTH. , #2415 ) ;
#63 = EDGE_LOOP ( 'NONE', ( #1651, #1951, #2009, #965, #1672, #2917 ) ) ;
#64 = DIRECTION ( 'NONE',  ( 0.0000000000000000000, 1.000000000000000000, 0.0000000000000000000 ) ) ;
#65 = SURFACE_SIDE_STYLE ('',( #539 ) ) ;
#66 = VERTEX_POINT ( 'NONE', #2806 ) ;
#67 = DIRECTION ( 'NONE',  ( 1.000000000000000000, 0.0000000000000000000, -0.0000000000000000000 ) ) ;
#68 =( NAMED_UNIT ( * ) PLANE_ANGLE_UNIT ( ) SI_UNIT ( $, .RADIAN. ) );
#69 = LINE ( 'NONE', #107, #2235 ) ;
#70 = DIRECTION ( 'NONE',  ( 0.0000000000000000000, 0.0000000000000000000, -1.000000000000000000 ) ) ;
#71 = CIRCLE ( 'NONE', #2330, 2.268084479739055137 ) ;
#72 = EDGE_CURVE ( 'NONE', #598, #2400, #2068, .T. ) ;
#73 = ORIENTED_EDGE ( 'NONE', *, *, #613, .T. ) ;
#74 =( NAMED_UNIT ( * ) PLANE_ANGLE_UNIT ( ) SI_UNIT ( $, .RADIAN. ) );
#75 =( NAMED_UNIT ( * ) SI_UNIT ( $, .STERADIAN. ) SOLID_ANGLE_UNIT ( ) );
#76 = MECHANICAL_DESIGN_GEOMETRIC_PRESENTATION_REPRESENTATION (  '', ( #1723 ), #225 ) ;
#77 =( NAMED_UNIT ( * ) PLANE_ANGLE_UNIT ( ) SI_UNIT ( $, .RADIAN. ) );
#78 = COLOUR_RGB ( '',1.000000000000000000, 0.8666666666666666963, 0.5294117647058823595 ) ;
#79 =( LENGTH_UNIT ( ) NAMED_UNIT ( * ) SI_UNIT ( .MILLI., .METRE. ) );
#80 = MECHANICAL_DESIGN_GEOMETRIC_PRESENTATION_REPRESENTATION (  '', ( #1677 ), #1322 ) ;
#81 = SURFACE_STYLE_USAGE ( .BOTH. , #2021 ) ;
#82 = COLOUR_RGB ( '',1.000000000000000000, 0.8666666666666666963, 0.5294117647058823595 ) ;
#83 =( NAMED_UNIT ( * ) PLANE_ANGLE_UNIT ( ) SI_UNIT ( $, .RADIAN. ) );
#84 = PRESENTATION_LAYER_ASSIGNMENT (  '', '', ( #2292 ) ) ;
#85 = AXIS2_PLACEMENT_3D ( 'NONE', #2266, #308, #112 ) ;
#86 = ORIENTED_EDGE ( 'NONE', *, *, #1846, .F. ) ;
#87 = CIRCLE ( 'NONE', #2241, 0.9652000000000002800 ) ;
#88 = EDGE_CURVE ( 'NONE', #2435, #863, #1590, .T. ) ;
#89 = CIRCLE ( 'NONE', #51, 0.7873999999999999888 ) ;
#90 = CARTESIAN_POINT ( 'NONE',  ( 1.777545974569638032, 4.575234094530384432, -3.962399999999999700 ) ) ;
#91 = SURFACE_SIDE_STYLE ('',( #2698 ) ) ;
#92 = CARTESIAN_POINT ( 'NONE',  ( 1.396019504201489125, -0.5814900508096269016, 1.605385843258477108 ) ) ;
#93 = EDGE_CURVE ( 'NONE', #24, #2467, #978, .T. ) ;
#94 = SURFACE_SIDE_STYLE ('',( #2245 ) ) ;
#95 = CARTESIAN_POINT ( 'NONE',  ( -6.350000000000002309, -12.23084459107009003, 1.084202172485504434E-16 ) ) ;
#96 = ORIENTED_EDGE ( 'NONE', *, *, #102, .F. ) ;
#97 = UNCERTAINTY_MEASURE_WITH_UNIT (LENGTH_MEASURE( 1.000000000000000082E-05 ), #1393, 'distance_accuracy_value', 'NONE');
#98 = SURFACE_STYLE_FILL_AREA ( #824 ) ;
#99 = CARTESIAN_POINT ( 'NONE',  ( -6.045200000000003904, -8.954244591070089854, 0.7873999999999997668 ) ) ;
#100 = LINE ( 'NONE', #2726, #1227 ) ;
#101 = CARTESIAN_POINT ( 'NONE',  ( -6.349999999999999645, 0.0000000000000000000, 0.0000000000000000000 ) ) ;
#102 = EDGE_CURVE ( 'NONE', #2474, #2435, #2871, .T. ) ;
#103 = ORIENTED_EDGE ( 'NONE', *, *, #2190, .F. ) ;
#104 = DIRECTION ( 'NONE',  ( -1.000000000000000000, 0.0000000000000000000, 0.0000000000000000000 ) ) ;
#105 = LINE ( 'NONE', #833, #398 ) ;
#106 = MECHANICAL_DESIGN_GEOMETRIC_PRESENTATION_REPRESENTATION (  '', ( #2735 ), #1916 ) ;
#107 = CARTESIAN_POINT ( 'NONE',  ( 0.0000000000000000000, 7.690151546602118415, 4.896262381873219383 ) ) ;
#108 = SURFACE_STYLE_FILL_AREA ( #2993 ) ;
#109 = DIRECTION ( 'NONE',  ( -0.0000000000000000000, -0.0000000000000000000, 1.000000000000000000 ) ) ;
#110 = ORIENTED_EDGE ( 'NONE', *, *, #1762, .F. ) ;
#111 = LINE ( 'NONE', #1546, #687 ) ;
#112 = DIRECTION ( 'NONE',  ( 0.0000000000000000000, -0.0000000000000000000, 1.000000000000000000 ) ) ;
#113 = AXIS2_PLACEMENT_3D ( 'NONE', #101, #2481, #325 ) ;
#114 = DIRECTION ( 'NONE',  ( 0.0000000000000000000, -0.7416257311919923767, 0.6708138898636063496 ) ) ;
#115 = ORIENTED_EDGE ( 'NONE', *, *, #632, .T. ) ;
#116 = ORIENTED_EDGE ( 'NONE', *, *, #1214, .F. ) ;
#117 = VECTOR ( 'NONE', #2710, 1000.000000000000000 ) ;
#118 = DIRECTION ( 'NONE',  ( 0.0000000000000000000, 0.0000000000000000000, -1.000000000000000000 ) ) ;
#119 = AXIS2_PLACEMENT_3D ( 'NONE', #759, #741, #1445 ) ;
#120 = ORIENTED_EDGE ( 'NONE', *, *, #1517, .T. ) ;
#121 = CARTESIAN_POINT ( 'NONE',  ( 2.632589923150918665, -5.220565623972707847, -2.500692515877084521 ) ) ;
#122 = EDGE_CURVE ( 'NONE', #2520, #2933, #1120, .T. ) ;
#123 = CYLINDRICAL_SURFACE ( 'NONE', #819, 0.1524000000000000077 ) ;
#124 = PRESENTATION_LAYER_ASSIGNMENT (  '', '', ( #2699 ) ) ;
#125 =( NAMED_UNIT ( * ) SI_UNIT ( $, .STERADIAN. ) SOLID_ANGLE_UNIT ( ) );
#126 = SURFACE_SIDE_STYLE ('',( #108 ) ) ;
#127 =( LENGTH_UNIT ( ) NAMED_UNIT ( * ) SI_UNIT ( .MILLI., .METRE. ) );
#128 = PRESENTATION_LAYER_ASSIGNMENT (  '', '', ( #1476 ) ) ;
#129 = VERTEX_POINT ( 'NONE', #3032 ) ;
#130 = AXIS2_PLACEMENT_3D ( 'NONE', #2840, #187, #1391 ) ;
#131 = CARTESIAN_POINT ( 'NONE',  ( 1.612020890155704933, -8.954244591070093406, -1.407580171867748087 ) ) ;
#132 = FILL_AREA_STYLE ('',( #159 ) ) ;
#133 = MECHANICAL_DESIGN_GEOMETRIC_PRESENTATION_REPRESENTATION (  '', ( #2448 ), #1885 ) ;
#134 = FILL_AREA_STYLE_COLOUR ( '', #2076 ) ;
#135 = AXIS2_PLACEMENT_3D ( 'NONE', #2285, #1616, #1337 ) ;
#136 = EDGE_CURVE ( 'NONE', #2034, #2319, #681, .T. ) ;
#137 = VECTOR ( 'NONE', #1977, 1000.000000000000000 ) ;
#138 = SURFACE_SIDE_STYLE ('',( #357 ) ) ;
#139 = EDGE_LOOP ( 'NONE', ( #937, #2987, #1295, #115 ) ) ;
#140 =( NAMED_UNIT ( * ) PLANE_ANGLE_UNIT ( ) SI_UNIT ( $, .RADIAN. ) );
#141 = SURFACE_STYLE_FILL_AREA ( #3038 ) ;
#142 =( LENGTH_UNIT ( ) NAMED_UNIT ( * ) SI_UNIT ( .MILLI., .METRE. ) );
#143 =( NAMED_UNIT ( * ) PLANE_ANGLE_UNIT ( ) SI_UNIT ( $, .RADIAN. ) );
#144 = EDGE_CURVE ( 'NONE', #165, #802, #895, .T. ) ;
#145 = ORIENTED_EDGE ( 'NONE', *, *, #2931, .F. ) ;
#146 = CARTESIAN_POINT ( 'NONE',  ( 1.524000000000001132, -8.649444591070091448, 4.457699999999999996 ) ) ;
#147 = CARTESIAN_POINT ( 'NONE',  ( 2.547197078603615328, -1.913124214616650054, 0.0000000000000000000 ) ) ;
#148 = CARTESIAN_POINT ( 'NONE',  ( 0.0000000000000000000, 6.748286867988289472, 5.748196021999999239 ) ) ;
#149 = ORIENTED_EDGE ( 'NONE', *, *, #558, .T. ) ;
#150 = ORIENTED_EDGE ( 'NONE', *, *, #2302, .T. ) ;
#151 = DIRECTION ( 'NONE',  ( -2.753879025871232845E-16, 0.0000000000000000000, -1.000000000000000000 ) ) ;
#152 = ORIENTED_EDGE ( 'NONE', *, *, #2103, .T. ) ;
#153 = DIRECTION ( 'NONE',  ( 0.0000000000000000000, 0.0000000000000000000, -1.000000000000000000 ) ) ;
#154 = PLANE ( 'NONE',  #983 ) ;
#155 = PRESENTATION_LAYER_ASSIGNMENT (  '', '', ( #1504 ) ) ;
#156 = LINE ( 'NONE', #674, #2539 ) ;
#157 = ORIENTED_EDGE ( 'NONE', *, *, #2960, .T. ) ;
#158 =( LENGTH_UNIT ( ) NAMED_UNIT ( * ) SI_UNIT ( .MILLI., .METRE. ) );
#159 = FILL_AREA_STYLE_COLOUR ( '', #1141 ) ;
#160 = EDGE_CURVE ( 'NONE', #2166, #930, #653, .T. ) ;
#161 = SURFACE_SIDE_STYLE ('',( #651 ) ) ;
#162 = ORIENTED_EDGE ( 'NONE', *, *, #3067, .T. ) ;
#163 = DIRECTION ( 'NONE',  ( -0.0000000000000000000, -1.000000000000000000, 3.270675728152875395E-16 ) ) ;
#164 =( GEOMETRIC_REPRESENTATION_CONTEXT ( 3 ) GLOBAL_UNCERTAINTY_ASSIGNED_CONTEXT ( ( #1755 ) ) GLOBAL_UNIT_ASSIGNED_CONTEXT ( ( #896, #3006, #180 ) ) REPRESENTATION_CONTEXT ( 'NONE', 'WORKASPACE' ) );
#165 = VERTEX_POINT ( 'NONE', #440 ) ;
#166 = VECTOR ( 'NONE', #2627, 1000.000000000000000 ) ;
#167 = CARTESIAN_POINT ( 'NONE',  ( -6.350000000000000533, -8.801844591070091539, 0.7873999999999997668 ) ) ;
#168 = MECHANICAL_DESIGN_GEOMETRIC_PRESENTATION_REPRESENTATION (  '', ( #2136 ), #1978 ) ;
#169 = DIRECTION ( 'NONE',  ( 1.000000000000000000, 0.0000000000000000000, 0.0000000000000000000 ) ) ;
#170 = SURFACE_STYLE_USAGE ( .BOTH. , #2048 ) ;
#171 = VERTEX_POINT ( 'NONE', #231 ) ;
#172 =( NAMED_UNIT ( * ) SI_UNIT ( $, .STERADIAN. ) SOLID_ANGLE_UNIT ( ) );
#173 = AXIS2_PLACEMENT_3D ( 'NONE', #1730, #2453, #1911 ) ;
#174 = CARTESIAN_POINT ( 'NONE',  ( 1.117599999999996818, -12.23084459107009003, 0.7873999999999997668 ) ) ;
#175 = ORIENTED_EDGE ( 'NONE', *, *, #876, .T. ) ;
#176 = STYLED_ITEM ( 'NONE', ( #1700 ), #1186 ) ;
#177 = CARTESIAN_POINT ( 'NONE',  ( -6.349999999999999645, -8.954244591070089854, -1.574800000000000422 ) ) ;
#178 = EDGE_CURVE ( 'NONE', #898, #2139, #1140, .T. ) ;
#179 = DIRECTION ( 'NONE',  ( 1.000000000000000000, 0.0000000000000000000, 0.0000000000000000000 ) ) ;
#180 =( NAMED_UNIT ( * ) SI_UNIT ( $, .STERADIAN. ) SOLID_ANGLE_UNIT ( ) );
#181 = VECTOR ( 'NONE', #1039, 1000.000000000000000 ) ;
#182 = UNCERTAINTY_MEASURE_WITH_UNIT (LENGTH_MEASURE( 1.000000000000000082E-05 ), #1996, 'distance_accuracy_value', 'NONE');
#183 = ORIENTED_EDGE ( 'NONE', *, *, #160, .F. ) ;
#184 = EDGE_CURVE ( 'NONE', #201, #2888, #475, .T. ) ;
#185 = FILL_AREA_STYLE ('',( #2345 ) ) ;
#186 = AXIS2_PLACEMENT_3D ( 'NONE', #2356, #195, #1118 ) ;
#187 = DIRECTION ( 'NONE',  ( 0.0000000000000000000, 0.0000000000000000000, 1.000000000000000000 ) ) ;
#188 = COLOUR_RGB ( '',1.000000000000000000, 0.8666666666666666963, 0.5294117647058823595 ) ;
#189 =( NAMED_UNIT ( * ) PLANE_ANGLE_UNIT ( ) SI_UNIT ( $, .RADIAN. ) );
#190 = SURFACE_SIDE_STYLE ('',( #1629 ) ) ;
#191 = DIRECTION ( 'NONE',  ( 0.0000000000000000000, 0.0000000000000000000, -1.000000000000000000 ) ) ;
#192 = SURFACE_STYLE_USAGE ( .BOTH. , #1613 ) ;
#193 = VERTEX_POINT ( 'NONE', #1384 ) ;
#194 = DIRECTION ( 'NONE',  ( -1.000000000000000000, -0.0000000000000000000, -0.0000000000000000000 ) ) ;
#195 = DIRECTION ( 'NONE',  ( 1.000000000000000000, 0.0000000000000000000, 0.0000000000000000000 ) ) ;
#196 = FACE_OUTER_BOUND ( 'NONE', #1207, .T. ) ;
#197 = ORIENTED_EDGE ( 'NONE', *, *, #1048, .T. ) ;
#198 = DIRECTION ( 'NONE',  ( -0.9930379955505393985, -0.1177944794672776546, -0.0000000000000000000 ) ) ;
#199 = PRESENTATION_STYLE_ASSIGNMENT (( #1896 ) ) ;
#200 = CARTESIAN_POINT ( 'NONE',  ( 1.978225993858302223, 0.2958919183846136503, 0.0000000000000000000 ) ) ;
#201 = VERTEX_POINT ( 'NONE', #1604 ) ;
#202 = CARTESIAN_POINT ( 'NONE',  ( -6.349999999999999645, -8.573244591070091403, -1.574800000000000200 ) ) ;
#203 = DIRECTION ( 'NONE',  ( 0.0000000000000000000, 0.0000000000000000000, 1.000000000000000000 ) ) ;
#204 = EDGE_CURVE ( 'NONE', #45, #2359, #686, .T. ) ;
#205 = CARTESIAN_POINT ( 'NONE',  ( -6.349999999999998757, -8.649444591070091448, 4.457699999999999996 ) ) ;
#206 =( LENGTH_UNIT ( ) NAMED_UNIT ( * ) SI_UNIT ( .MILLI., .METRE. ) );
#207 = ORIENTED_EDGE ( 'NONE', *, *, #2466, .F. ) ;
#208 = PLANE ( 'NONE',  #2848 ) ;
#209 = SURFACE_SIDE_STYLE ('',( #3048 ) ) ;
#210 = MECHANICAL_DESIGN_GEOMETRIC_PRESENTATION_REPRESENTATION (  '', ( #1550 ), #312 ) ;
#211 =( LENGTH_UNIT ( ) NAMED_UNIT ( * ) SI_UNIT ( .MILLI., .METRE. ) );
#212 = ORIENTED_EDGE ( 'NONE', *, *, #2239, .T. ) ;
#213 = PLANE ( 'NONE',  #2229 ) ;
#214 =( NAMED_UNIT ( * ) SI_UNIT ( $, .STERADIAN. ) SOLID_ANGLE_UNIT ( ) );
#215 = DIRECTION ( 'NONE',  ( 0.0000000000000000000, -1.797268416884383209E-15, -1.000000000000000000 ) ) ;
#216 = ORIENTED_EDGE ( 'NONE', *, *, #2037, .F. ) ;
#217 = LINE ( 'NONE', #19, #816 ) ;
#218 = PRESENTATION_STYLE_ASSIGNMENT (( #238 ) ) ;
#219 = VECTOR ( 'NONE', #1108, 1000.000000000000000 ) ;
#220 = EDGE_CURVE ( 'NONE', #553, #1489, #925, .T. ) ;
#221 = PLANE ( 'NONE',  #434 ) ;
#222 = CARTESIAN_POINT ( 'NONE',  ( -5.168900000000000716, -8.573244591070091403, 1.574799999999999756 ) ) ;
#223 =( NAMED_UNIT ( * ) PLANE_ANGLE_UNIT ( ) SI_UNIT ( $, .RADIAN. ) );
#224 = ORIENTED_EDGE ( 'NONE', *, *, #429, .T. ) ;
#225 =( GEOMETRIC_REPRESENTATION_CONTEXT ( 3 ) GLOBAL_UNCERTAINTY_ASSIGNED_CONTEXT ( ( #1999 ) ) GLOBAL_UNIT_ASSIGNED_CONTEXT ( ( #2978, #74, #1028 ) ) REPRESENTATION_CONTEXT ( 'NONE', 'WORKASPACE' ) );
#226 = DIRECTION ( 'NONE',  ( -1.000000000000000000, 0.0000000000000000000, -1.835919350580821157E-16 ) ) ;
#227 = DIRECTION ( 'NONE',  ( -1.000000000000000000, 0.0000000000000000000, 0.0000000000000000000 ) ) ;
#228 = AXIS2_PLACEMENT_3D ( 'NONE', #1270, #2472, #348 ) ;
#229 = CARTESIAN_POINT ( 'NONE',  ( 0.0000000000000000000, 0.0000000000000000000, 0.0000000000000000000 ) ) ;
#230 = ORIENTED_EDGE ( 'NONE', *, *, #344, .T. ) ;
#231 = CARTESIAN_POINT ( 'NONE',  ( -6.045200000000003904, -8.954244591070089854, -0.7874000000000005439 ) ) ;
#232 = PLANE ( 'NONE',  #1119 ) ;
#233 = AXIS2_PLACEMENT_3D ( 'NONE', #1007, #2260, #839 ) ;
#234 = CIRCLE ( 'NONE', #1081, 7.899400000000000865 ) ;
#235 = ORIENTED_EDGE ( 'NONE', *, *, #2302, .F. ) ;
#236 = ADVANCED_FACE ( 'NONE', ( #665, #1871, #2612 ), #213, .F. ) ;
#237 = FILL_AREA_STYLE ('',( #1694 ) ) ;
#238 = SURFACE_STYLE_USAGE ( .BOTH. , #2377 ) ;
#239 = AXIS2_PLACEMENT_3D ( 'NONE', #1399, #2313, #2822 ) ;
#240 = STYLED_ITEM ( 'NONE', ( #1147 ), #1326 ) ;
#241 = COLOUR_RGB ( '',1.000000000000000000, 0.8666666666666666963, 0.5294117647058823595 ) ;
#242 = DIRECTION ( 'NONE',  ( -0.0000000000000000000, -1.000000000000000000, -0.0000000000000000000 ) ) ;
#243 = CARTESIAN_POINT ( 'NONE',  ( 2.549719395112314935, -1.912825016638803000, 0.0000000000000000000 ) ) ;
#244 =( NAMED_UNIT ( * ) SI_UNIT ( $, .STERADIAN. ) SOLID_ANGLE_UNIT ( ) );
#245 = AXIS2_PLACEMENT_3D ( 'NONE', #2621, #3063, #2353 ) ;
#246 = ORIENTED_EDGE ( 'NONE', *, *, #2991, .F. ) ;
#247 = EDGE_CURVE ( 'NONE', #1004, #2067, #3122, .T. ) ;
#248 = FILL_AREA_STYLE_COLOUR ( '', #2046 ) ;
#249 = VERTEX_POINT ( 'NONE', #1493 ) ;
#250 = DIRECTION ( 'NONE',  ( 0.1177944794672776546, -0.9930379955505392875, 0.0000000000000000000 ) ) ;
#251 = CARTESIAN_POINT ( 'NONE',  ( -6.349999999999999645, -8.954244591070089854, -4.762499999999999289 ) ) ;
#252 = VERTEX_POINT ( 'NONE', #1196 ) ;
#253 =( NAMED_UNIT ( * ) SI_UNIT ( $, .STERADIAN. ) SOLID_ANGLE_UNIT ( ) );
#254 = SURFACE_STYLE_FILL_AREA ( #1903 ) ;
#255 = ORIENTED_EDGE ( 'NONE', *, *, #1032, .T. ) ;
#256 = CARTESIAN_POINT ( 'NONE',  ( -6.349999999999999645, 0.0000000000000000000, -1.574800000000000422 ) ) ;
#257 = ORIENTED_EDGE ( 'NONE', *, *, #1112, .F. ) ;
#258 = DIRECTION ( 'NONE',  ( 0.0000000000000000000, 1.000000000000000000, 0.0000000000000000000 ) ) ;
#259 = ADVANCED_FACE ( 'NONE', ( #493 ), #2895, .T. ) ;
#260 = PLANE ( 'NONE',  #2490 ) ;
#261 = CIRCLE ( 'NONE', #917, 7.594599999999996243 ) ;
#262 = EDGE_LOOP ( 'NONE', ( #862, #1046, #955, #2695, #1060, #2687, #1937, #287, #1864, #2820, #1231, #1409, #2622, #2333, #3004, #2132, #1402, #1398, #1553, #1766, #2288, #1620 ) ) ;
#263 = SURFACE_STYLE_FILL_AREA ( #1450 ) ;
#264 = DIRECTION ( 'NONE',  ( 0.0000000000000000000, 1.000000000000000000, -0.0000000000000000000 ) ) ;
#265 = VECTOR ( 'NONE', #2070, 1000.000000000000000 ) ;
#266 = EDGE_CURVE ( 'NONE', #2616, #754, #3040, .T. ) ;
#267 = SURFACE_STYLE_FILL_AREA ( #3097 ) ;
#268 = AXIS2_PLACEMENT_3D ( 'NONE', #461, #2133, #2360 ) ;
#269 =( NAMED_UNIT ( * ) SI_UNIT ( $, .STERADIAN. ) SOLID_ANGLE_UNIT ( ) );
#270 = VERTEX_POINT ( 'NONE', #1315 ) ;
#271 = UNCERTAINTY_MEASURE_WITH_UNIT (LENGTH_MEASURE( 1.000000000000000082E-05 ), #1238, 'distance_accuracy_value', 'NONE');
#272 = UNCERTAINTY_MEASURE_WITH_UNIT (LENGTH_MEASURE( 1.000000000000000082E-05 ), #1787, 'distance_accuracy_value', 'NONE');
#273 = SURFACE_SIDE_STYLE ('',( #1414 ) ) ;
#274 = SURFACE_STYLE_FILL_AREA ( #1948 ) ;
#275 = STYLED_ITEM ( 'NONE', ( #2777 ), #708 ) ;
#276 = LINE ( 'NONE', #1239, #3105 ) ;
#277 = COLOUR_RGB ( '',1.000000000000000000, 0.8666666666666666963, 0.5294117647058823595 ) ;
#278 = ORIENTED_EDGE ( 'NONE', *, *, #2561, .F. ) ;
#279 = VECTOR ( 'NONE', #335, 999.9999999999998863 ) ;
#280 = LINE ( 'NONE', #2961, #3026 ) ;
#281 = PRESENTATION_LAYER_ASSIGNMENT (  '', '', ( #2903 ) ) ;
#282 = EDGE_CURVE ( 'NONE', #853, #2942, #1271, .T. ) ;
#283 = AXIS2_PLACEMENT_3D ( 'NONE', #1628, #2598, #1610 ) ;
#284 =( NAMED_UNIT ( * ) SI_UNIT ( $, .STERADIAN. ) SOLID_ANGLE_UNIT ( ) );
#285 = CARTESIAN_POINT ( 'NONE',  ( 1.524000000000002242, -8.954244591070089854, -3.962399999999999700 ) ) ;
#286 = COLOUR_RGB ( '',1.000000000000000000, 0.8666666666666666963, 0.5294117647058823595 ) ;
#287 = ORIENTED_EDGE ( 'NONE', *, *, #2741, .T. ) ;
#288 = CIRCLE ( 'NONE', #2760, 1.139436227548324743 ) ;
#289 = CARTESIAN_POINT ( 'NONE',  ( -6.349999999999999645, 5.781483591772206054, 4.924672236613183429 ) ) ;
#290 = COLOUR_RGB ( '',1.000000000000000000, 0.8666666666666666963, 0.5294117647058823595 ) ;
#291 = FACE_OUTER_BOUND ( 'NONE', #950, .T. ) ;
#292 = AXIS2_PLACEMENT_3D ( 'NONE', #874, #2803, #861 ) ;
#293 = SURFACE_SIDE_STYLE ('',( #2893 ) ) ;
#294 = ORIENTED_EDGE ( 'NONE', *, *, #1666, .T. ) ;
#295 = VECTOR ( 'NONE', #660, 1000.000000000000000 ) ;
#296 = SURFACE_STYLE_USAGE ( .BOTH. , #1475 ) ;
#297 = DIRECTION ( 'NONE',  ( -1.000000000000000000, 0.0000000000000000000, 0.0000000000000000000 ) ) ;
#298 = CARTESIAN_POINT ( 'NONE',  ( 0.0000000000000000000, 0.0000000000000000000, 4.457699999999999996 ) ) ;
#299 =( LENGTH_UNIT ( ) NAMED_UNIT ( * ) SI_UNIT ( .MILLI., .METRE. ) );
#300 = EDGE_CURVE ( 'NONE', #2933, #1169, #1798, .T. ) ;
#301 = DIRECTION ( 'NONE',  ( 1.000000000000000000, 0.0000000000000000000, -0.0000000000000000000 ) ) ;
#302 = VERTEX_POINT ( 'NONE', #2966 ) ;
#303 = PLANE ( 'NONE',  #381 ) ;
#304 = CYLINDRICAL_SURFACE ( 'NONE', #3001, 1.270000000000000240 ) ;
#305 = ORIENTED_EDGE ( 'NONE', *, *, #1970, .T. ) ;
#306 = SURFACE_SIDE_STYLE ('',( #98 ) ) ;
#307 = UNCERTAINTY_MEASURE_WITH_UNIT (LENGTH_MEASURE( 1.000000000000000082E-05 ), #2909, 'distance_accuracy_value', 'NONE');
#308 = DIRECTION ( 'NONE',  ( 0.0000000000000000000, 1.000000000000000000, 0.0000000000000000000 ) ) ;
#309 = CARTESIAN_POINT ( 'NONE',  ( 1.269999999999998463, -8.954244591070089854, 1.574799999999999534 ) ) ;
#310 = EDGE_LOOP ( 'NONE', ( #521, #224, #255, #2541 ) ) ;
#311 =( NAMED_UNIT ( * ) PLANE_ANGLE_UNIT ( ) SI_UNIT ( $, .RADIAN. ) );
#312 =( GEOMETRIC_REPRESENTATION_CONTEXT ( 3 ) GLOBAL_UNCERTAINTY_ASSIGNED_CONTEXT ( ( #1071 ) ) GLOBAL_UNIT_ASSIGNED_CONTEXT ( ( #1720, #311, #1483 ) ) REPRESENTATION_CONTEXT ( 'NONE', 'WORKASPACE' ) );
#313 = SURFACE_STYLE_USAGE ( .BOTH. , #2468 ) ;
#314 = CARTESIAN_POINT ( 'NONE',  ( 1.385603980229698884, 1.804546278202539433, 0.0000000000000000000 ) ) ;
#315 = ADVANCED_FACE ( 'NONE', ( #2250 ), #1275, .F. ) ;
#316 = DIRECTION ( 'NONE',  ( 1.000000000000000000, 0.0000000000000000000, -0.0000000000000000000 ) ) ;
#317 = CARTESIAN_POINT ( 'NONE',  ( -6.349999999999999645, 6.748286867988289472, 5.748196021999999239 ) ) ;
#318 = ORIENTED_EDGE ( 'NONE', *, *, #524, .F. ) ;
#319 = DIRECTION ( 'NONE',  ( 1.000000000000000000, -0.0000000000000000000, 0.0000000000000000000 ) ) ;
#320 = FACE_OUTER_BOUND ( 'NONE', #813, .T. ) ;
#321 = DIRECTION ( 'NONE',  ( 0.0000000000000000000, 0.0000000000000000000, -1.000000000000000000 ) ) ;
#322 = AXIS2_PLACEMENT_3D ( 'NONE', #2954, #2780, #563 ) ;
#323 = PRESENTATION_STYLE_ASSIGNMENT (( #395 ) ) ;
#324 = MECHANICAL_DESIGN_GEOMETRIC_PRESENTATION_REPRESENTATION (  '', ( #2082 ), #2648 ) ;
#325 = DIRECTION ( 'NONE',  ( 0.0000000000000000000, 0.0000000000000000000, -1.000000000000000000 ) ) ;
#326 = AXIS2_PLACEMENT_3D ( 'NONE', #41, #242, #2125 ) ;
#327 = EDGE_CURVE ( 'NONE', #754, #2616, #1673, .T. ) ;
#328 = B_SPLINE_CURVE_WITH_KNOTS ( 'NONE', 3,
 ( #2380, #2162, #1202, #2443, #1680, #2175 ),
 .UNSPECIFIED., .F., .F.,
 ( 4, 2, 4 ),
 ( 0.0000000000000000000, 0.0003407039648317713152, 0.0006814079296635426304 ),
 .UNSPECIFIED. ) ;
#329 = SURFACE_STYLE_FILL_AREA ( #1499 ) ;
#330 =( GEOMETRIC_REPRESENTATION_CONTEXT ( 3 ) GLOBAL_UNCERTAINTY_ASSIGNED_CONTEXT ( ( #537 ) ) GLOBAL_UNIT_ASSIGNED_CONTEXT ( ( #762, #1254, #1716 ) ) REPRESENTATION_CONTEXT ( 'NONE', 'WORKASPACE' ) );
#331 = CARTESIAN_POINT ( 'NONE',  ( -6.349999999999999645, 6.748286867988289472, 5.748196021999999239 ) ) ;
#332 = STYLED_ITEM ( 'NONE', ( #365 ), #2065 ) ;
#333 =( GEOMETRIC_REPRESENTATION_CONTEXT ( 3 ) GLOBAL_UNCERTAINTY_ASSIGNED_CONTEXT ( ( #1286 ) ) GLOBAL_UNIT_ASSIGNED_CONTEXT ( ( #2081, #3030, #2819 ) ) REPRESENTATION_CONTEXT ( 'NONE', 'WORKASPACE' ) );
#334 = LINE ( 'NONE', #1529, #540 ) ;
#335 = DIRECTION ( 'NONE',  ( 0.4388117733577207580, 0.8985790046304511502, 0.0000000000000000000 ) ) ;
#336 = MECHANICAL_DESIGN_GEOMETRIC_PRESENTATION_REPRESENTATION (  '', ( #892 ), #2097 ) ;
#337 = LINE ( 'NONE', #2051, #1388 ) ;
#338 = VERTEX_POINT ( 'NONE', #812 ) ;
#339 = MECHANICAL_DESIGN_GEOMETRIC_PRESENTATION_REPRESENTATION (  '', ( #1285 ), #1135 ) ;
#340 = CARTESIAN_POINT ( 'NONE',  ( 1.612023063066824413, -8.954244591070089854, -0.9546216629398396325 ) ) ;
#341 = DIRECTION ( 'NONE',  ( 1.000000000000000000, 0.0000000000000000000, -0.0000000000000000000 ) ) ;
#342 = DIRECTION ( 'NONE',  ( 0.0000000000000000000, 0.0000000000000000000, 1.000000000000000000 ) ) ;
#343 =( GEOMETRIC_REPRESENTATION_CONTEXT ( 3 ) GLOBAL_UNCERTAINTY_ASSIGNED_CONTEXT ( ( #1947 ) ) GLOBAL_UNIT_ASSIGNED_CONTEXT ( ( #1276, #2712, #825 ) ) REPRESENTATION_CONTEXT ( 'NONE', 'WORKASPACE' ) );
#344 = EDGE_CURVE ( 'NONE', #2930, #2400, #1302, .T. ) ;
#345 = ORIENTED_EDGE ( 'NONE', *, *, #282, .F. ) ;
#346 = CYLINDRICAL_SURFACE ( 'NONE', #113, 7.899399999999997313 ) ;
#347 = CARTESIAN_POINT ( 'NONE',  ( -6.570464127846534552, -7.105155105776901792, -2.500692515877084521 ) ) ;
#348 = DIRECTION ( 'NONE',  ( 1.000000000000000000, 0.0000000000000000000, -0.0000000000000000000 ) ) ;
#349 = DIRECTION ( 'NONE',  ( -0.0000000000000000000, 1.000000000000000000, -3.468453201496015149E-16 ) ) ;
#350 = DIRECTION ( 'NONE',  ( 0.0000000000000000000, 0.0000000000000000000, -1.000000000000000000 ) ) ;
#351 = ORIENTED_EDGE ( 'NONE', *, *, #2655, .T. ) ;
#352 = UNCERTAINTY_MEASURE_WITH_UNIT (LENGTH_MEASURE( 1.000000000000000082E-05 ), #1897, 'distance_accuracy_value', 'NONE');
#353 = DIRECTION ( 'NONE',  ( 0.9930379955505393985, 0.1177944794672777934, 0.0000000000000000000 ) ) ;
#354 = CARTESIAN_POINT ( 'NONE',  ( 1.524000000000002242, -7.303244591070087388, 3.962399999999999700 ) ) ;
#355 = VERTEX_POINT ( 'NONE', #1756 ) ;
#356 = EDGE_CURVE ( 'NONE', #2176, #543, #485, .T. ) ;
#357 = SURFACE_STYLE_FILL_AREA ( #1095 ) ;
#358 = EDGE_LOOP ( 'NONE', ( #1854, #1013, #1016, #1394 ) ) ;
#359 = EDGE_CURVE ( 'NONE', #1470, #2510, #2986, .T. ) ;
#360 = DIRECTION ( 'NONE',  ( 0.0000000000000000000, 1.000000000000000000, 0.0000000000000000000 ) ) ;
#361 = CARTESIAN_POINT ( 'NONE',  ( 1.117599999999996818, -8.801844591070091539, -0.7874000000000002109 ) ) ;
#362 =( NAMED_UNIT ( * ) PLANE_ANGLE_UNIT ( ) SI_UNIT ( $, .RADIAN. ) );
#363 = COLOUR_RGB ( '',1.000000000000000000, 0.8666666666666666963, 0.5294117647058823595 ) ;
#364 = SURFACE_STYLE_USAGE ( .BOTH. , #2720 ) ;
#365 = PRESENTATION_STYLE_ASSIGNMENT (( #1478 ) ) ;
#366 = LINE ( 'NONE', #591, #295 ) ;
#367 = ORIENTED_EDGE ( 'NONE', *, *, #3075, .T. ) ;
#368 = EDGE_CURVE ( 'NONE', #2319, #338, #3016, .T. ) ;
#369 = CARTESIAN_POINT ( 'NONE',  ( 1.663656039878122384, -8.948327322263081030, -1.067353664978482275 ) ) ;
#370 = CARTESIAN_POINT ( 'NONE',  ( 7.528336002960221762, 0.002252258352682134403, 0.0000000000000000000 ) ) ;
#371 = SURFACE_STYLE_FILL_AREA ( #2030 ) ;
#372 = VECTOR ( 'NONE', #118, 1000.000000000000000 ) ;
#373 =( NAMED_UNIT ( * ) SI_UNIT ( $, .STERADIAN. ) SOLID_ANGLE_UNIT ( ) );
#374 = FACE_OUTER_BOUND ( 'NONE', #1733, .T. ) ;
#375 = PRESENTATION_LAYER_ASSIGNMENT (  '', '', ( #1721 ) ) ;
#376 = SURFACE_STYLE_FILL_AREA ( #614 ) ;
#377 = AXIS2_PLACEMENT_3D ( 'NONE', #2238, #353, #2265 ) ;
#378 = ORIENTED_EDGE ( 'NONE', *, *, #282, .T. ) ;
#379 = CARTESIAN_POINT ( 'NONE',  ( -2.006600000000001494, -8.954244591070089854, 1.574799999999999534 ) ) ;
#380 = LINE ( 'NONE', #1128, #14 ) ;
#381 = AXIS2_PLACEMENT_3D ( 'NONE', #2502, #820, #316 ) ;
#382 = SURFACE_STYLE_USAGE ( .BOTH. , #2530 ) ;
#383 = EDGE_CURVE ( 'NONE', #7, #2381, #111, .T. ) ;
#384 = DIRECTION ( 'NONE',  ( 1.000000000000000000, 0.0000000000000000000, 0.0000000000000000000 ) ) ;
#385 = MECHANICAL_DESIGN_GEOMETRIC_PRESENTATION_REPRESENTATION (  '', ( #640 ), #1772 ) ;
#386 = LINE ( 'NONE', #433, #1188 ) ;
#387 = ORIENTED_EDGE ( 'NONE', *, *, #1214, .T. ) ;
#388 = VECTOR ( 'NONE', #980, 1000.000000000000000 ) ;
#389 = CARTESIAN_POINT ( 'NONE',  ( 1.754997738737958946, -1.309538856999608258, -3.135917406136812247 ) ) ;
#390 = DIRECTION ( 'NONE',  ( 0.0000000000000000000, 0.6708138898636063496, -0.7416257311919923767 ) ) ;
#391 = COLOUR_RGB ( '',1.000000000000000000, 0.8666666666666666963, 0.5294117647058823595 ) ;
#392 = PRESENTATION_LAYER_ASSIGNMENT (  '', '', ( #2347 ) ) ;
#393 = FILL_AREA_STYLE ('',( #3047 ) ) ;
#394 = ORIENTED_EDGE ( 'NONE', *, *, #1641, .T. ) ;
#395 = SURFACE_STYLE_USAGE ( .BOTH. , #2543 ) ;
#396 = AXIS2_PLACEMENT_3D ( 'NONE', #2104, #390, #3066 ) ;
#397 = SURFACE_SIDE_STYLE ('',( #877 ) ) ;
#398 = VECTOR ( 'NONE', #301, 1000.000000000000000 ) ;
#399 = LINE ( 'NONE', #2325, #372 ) ;
#400 = ORIENTED_EDGE ( 'NONE', *, *, #632, .F. ) ;
#401 = DIRECTION ( 'NONE',  ( 1.000000000000000000, 0.0000000000000000000, -0.0000000000000000000 ) ) ;
#402 = PLANE ( 'NONE',  #2066 ) ;
#403 = DIRECTION ( 'NONE',  ( -1.000000000000000000, -0.0000000000000000000, 0.0000000000000000000 ) ) ;
#404 = EDGE_CURVE ( 'NONE', #2359, #534, #1565, .T. ) ;
#405 =( NAMED_UNIT ( * ) PLANE_ANGLE_UNIT ( ) SI_UNIT ( $, .RADIAN. ) );
#406 = DIRECTION ( 'NONE',  ( -1.000000000000000000, -0.0000000000000000000, -0.0000000000000000000 ) ) ;
#407 = ORIENTED_EDGE ( 'NONE', *, *, #1032, .F. ) ;
#408 = PRESENTATION_STYLE_ASSIGNMENT (( #2849 ) ) ;
#409 = PLANE ( 'NONE',  #396 ) ;
#410 = ORIENTED_EDGE ( 'NONE', *, *, #2111, .T. ) ;
#411 =( NAMED_UNIT ( * ) SI_UNIT ( $, .STERADIAN. ) SOLID_ANGLE_UNIT ( ) );
#412 = CARTESIAN_POINT ( 'NONE',  ( 0.0000000000000000000, -8.954244591070089854, 3.962399999999999700 ) ) ;
#413 = EDGE_LOOP ( 'NONE', ( #2496, #1724, #17, #782 ) ) ;
#414 = CARTESIAN_POINT ( 'NONE',  ( -5.168900000000000716, -8.954244591070089854, 0.7873999999999999888 ) ) ;
#415 =( GEOMETRIC_REPRESENTATION_CONTEXT ( 3 ) GLOBAL_UNCERTAINTY_ASSIGNED_CONTEXT ( ( #2363 ) ) GLOBAL_UNIT_ASSIGNED_CONTEXT ( ( #914, #1859, #2813 ) ) REPRESENTATION_CONTEXT ( 'NONE', 'WORKASPACE' ) );
#416 = EDGE_CURVE ( 'NONE', #1352, #2375, #459, .T. ) ;
#417 = ORIENTED_EDGE ( 'NONE', *, *, #1255, .T. ) ;
#418 = DIRECTION ( 'NONE',  ( 1.000000000000000000, 0.0000000000000000000, 0.0000000000000000000 ) ) ;
#419 = SURFACE_STYLE_USAGE ( .BOTH. , #209 ) ;
#420 = EDGE_CURVE ( 'NONE', #3031, #2930, #2482, .T. ) ;
#421 =( NAMED_UNIT ( * ) PLANE_ANGLE_UNIT ( ) SI_UNIT ( $, .RADIAN. ) );
#422 = ORIENTED_EDGE ( 'NONE', *, *, #1734, .F. ) ;
#423 = CARTESIAN_POINT ( 'NONE',  ( 0.0000000000000000000, 7.690151546602118415, 4.896262381873219383 ) ) ;
#424 = LINE ( 'NONE', #2787, #265 ) ;
#425 = COLOUR_RGB ( '',1.000000000000000000, 0.8666666666666666963, 0.5294117647058823595 ) ;
#426 = VERTEX_POINT ( 'NONE', #1615 ) ;
#427 = CARTESIAN_POINT ( 'NONE',  ( -6.349999999999999645, 6.748286867988289472, 5.748196021999999239 ) ) ;
#428 = DIRECTION ( 'NONE',  ( -2.753879025871233239E-15, 0.0000000000000000000, -1.000000000000000000 ) ) ;
#429 = EDGE_CURVE ( 'NONE', #66, #757, #1170, .T. ) ;
#430 = FILL_AREA_STYLE_COLOUR ( '', #78 ) ;
#431 = VECTOR ( 'NONE', #810, 1000.000000000000000 ) ;
#432 = CARTESIAN_POINT ( 'NONE',  ( 1.663743901238886824, -8.948319861083705362, 1.067658179225935422 ) ) ;
#433 = CARTESIAN_POINT ( 'NONE',  ( 2.676607184549422147, 7.047746144203708596, -3.962399999999999700 ) ) ;
#434 = AXIS2_PLACEMENT_3D ( 'NONE', #707, #515, #1900 ) ;
#435 = ORIENTED_EDGE ( 'NONE', *, *, #818, .T. ) ;
#436 = SURFACE_SIDE_STYLE ('',( #2371 ) ) ;
#437 = PRESENTATION_LAYER_ASSIGNMENT (  '', '', ( #640 ) ) ;
#438 = DIRECTION ( 'NONE',  ( -1.000000000000000000, 0.0000000000000000000, -0.0000000000000000000 ) ) ;
#439 = ORIENTED_EDGE ( 'NONE', *, *, #1420, .F. ) ;
#440 = CARTESIAN_POINT ( 'NONE',  ( 0.0000000000000000000, -6.302310220070097557, -4.762500000000000178 ) ) ;
#441 = ADVANCED_FACE ( 'NONE', ( #2830 ), #594, .T. ) ;
#442 = DIRECTION ( 'NONE',  ( 0.0000000000000000000, 0.0000000000000000000, -1.000000000000000000 ) ) ;
#443 = AXIS2_PLACEMENT_3D ( 'NONE', #620, #2075, #2098 ) ;
#444 = STYLED_ITEM ( 'NONE', ( #1124 ), #2399 ) ;
#445 = UNCERTAINTY_MEASURE_WITH_UNIT (LENGTH_MEASURE( 1.000000000000000082E-05 ), #1782, 'distance_accuracy_value', 'NONE');
#446 = MECHANICAL_DESIGN_GEOMETRIC_PRESENTATION_REPRESENTATION (  '', ( #1891 ), #2455 ) ;
#447 = FILL_AREA_STYLE_COLOUR ( '', #1168 ) ;
#448 = VECTOR ( 'NONE', #2569, 999.9999999999998863 ) ;
#449 = LINE ( 'NONE', #3011, #1377 ) ;
#450 = PRODUCT_DEFINITION_FORMATION_WITH_SPECIFIED_SOURCE ( 'ANY', '', #1041, .NOT_KNOWN. ) ;
#451 = FACE_OUTER_BOUND ( 'NONE', #1790, .T. ) ;
#452 = CARTESIAN_POINT ( 'NONE',  ( -6.349999999999999645, -8.954244591070089854, -1.574800000000000422 ) ) ;
#453 = DIRECTION ( 'NONE',  ( -0.0000000000000000000, 0.0000000000000000000, 1.000000000000000000 ) ) ;
#454 = FILL_AREA_STYLE ('',( #3076 ) ) ;
#455 = ORIENTED_EDGE ( 'NONE', *, *, #1153, .T. ) ;
#456 =( LENGTH_UNIT ( ) NAMED_UNIT ( * ) SI_UNIT ( .MILLI., .METRE. ) );
#457 = LINE ( 'NONE', #1563, #1890 ) ;
#458 = DIRECTION ( 'NONE',  ( 0.0000000000000000000, -0.0000000000000000000, 1.000000000000000000 ) ) ;
#459 = B_SPLINE_CURVE_WITH_KNOTS ( 'NONE', 3,
 ( #2492, #340, #369, #2284, #131, #624 ),
 .UNSPECIFIED., .F., .F.,
 ( 4, 2, 4 ),
 ( 1.084202172485504434E-19, 0.0003406792047719562093, 0.0006813584095439123101 ),
 .UNSPECIFIED. ) ;
#460 = VERTEX_POINT ( 'NONE', #3078 ) ;
#461 = CARTESIAN_POINT ( 'NONE',  ( -6.570464127846534552, -7.105155105776901792, -2.500692515877084521 ) ) ;
#462 = SURFACE_SIDE_STYLE ('',( #911 ) ) ;
#463 = LINE ( 'NONE', #1080, #1770 ) ;
#464 = FILL_AREA_STYLE_COLOUR ( '', #2018 ) ;
#465 = ADVANCED_FACE ( 'NONE', ( #3028 ), #208, .F. ) ;
#466 = ORIENTED_EDGE ( 'NONE', *, *, #1273, .F. ) ;
#467 = SURFACE_SIDE_STYLE ('',( #2860 ) ) ;
#468 = FACE_OUTER_BOUND ( 'NONE', #805, .T. ) ;
#469 = CYLINDRICAL_SURFACE ( 'NONE', #326, 0.3937000000000001054 ) ;
#470 =( LENGTH_UNIT ( ) NAMED_UNIT ( * ) SI_UNIT ( .MILLI., .METRE. ) );
#471 = ORIENTED_EDGE ( 'NONE', *, *, #2209, .F. ) ;
#472 = EDGE_CURVE ( 'NONE', #2983, #1004, #3059, .T. ) ;
#473 = PRESENTATION_STYLE_ASSIGNMENT (( #1653 ) ) ;
#474 = EDGE_LOOP ( 'NONE', ( #3068, #643, #1568, #1913 ) ) ;
#475 = LINE ( 'NONE', #1842, #2130 ) ;
#476 =( NAMED_UNIT ( * ) PLANE_ANGLE_UNIT ( ) SI_UNIT ( $, .RADIAN. ) );
#477 =( NAMED_UNIT ( * ) SI_UNIT ( $, .STERADIAN. ) SOLID_ANGLE_UNIT ( ) );
#478 = FILL_AREA_STYLE ('',( #1912 ) ) ;
#479 = ORIENTED_EDGE ( 'NONE', *, *, #1294, .F. ) ;
#480 = AXIS2_PLACEMENT_3D ( 'NONE', #2759, #599, #2271 ) ;
#481 = PRESENTATION_STYLE_ASSIGNMENT (( #2632 ) ) ;
#482 = DIRECTION ( 'NONE',  ( -0.1177944794672778211, 0.9930379955505392875, 0.0000000000000000000 ) ) ;
#483 = SURFACE_STYLE_USAGE ( .BOTH. , #1647 ) ;
#484 = EDGE_CURVE ( 'NONE', #510, #2870, #25, .T. ) ;
#485 = CIRCLE ( 'NONE', #322, 0.3937000000000001054 ) ;
#486 = CARTESIAN_POINT ( 'NONE',  ( -6.349999999999999645, -8.954244591070089854, 4.762500000000000178 ) ) ;
#487 = SHAPE_DEFINITION_REPRESENTATION ( #527, #1479 ) ;
#488 = ORIENTED_EDGE ( 'NONE', *, *, #1299, .T. ) ;
#489 = MECHANICAL_DESIGN_GEOMETRIC_PRESENTATION_REPRESENTATION (  '', ( #2439 ), #33 ) ;
#490 = PRESENTATION_LAYER_ASSIGNMENT (  '', '', ( #2082 ) ) ;
#491 = DIRECTION ( 'NONE',  ( -1.000000000000000000, -0.0000000000000000000, -0.0000000000000000000 ) ) ;
#492 = ORIENTED_EDGE ( 'NONE', *, *, #1011, .F. ) ;
#493 = FACE_OUTER_BOUND ( 'NONE', #2084, .T. ) ;
#494 = FILL_AREA_STYLE_COLOUR ( '', #701 ) ;
#495 =( GEOMETRIC_REPRESENTATION_CONTEXT ( 3 ) GLOBAL_UNCERTAINTY_ASSIGNED_CONTEXT ( ( #1458 ) ) GLOBAL_UNIT_ASSIGNED_CONTEXT ( ( #2135, #140, #477 ) ) REPRESENTATION_CONTEXT ( 'NONE', 'WORKASPACE' ) );
#496 = ORIENTED_EDGE ( 'NONE', *, *, #2960, .F. ) ;
#497 = AXIS2_PLACEMENT_3D ( 'NONE', #486, #1440, #1453 ) ;
#498 =( GEOMETRIC_REPRESENTATION_CONTEXT ( 3 ) GLOBAL_UNCERTAINTY_ASSIGNED_CONTEXT ( ( #2836 ) ) GLOBAL_UNIT_ASSIGNED_CONTEXT ( ( #9, #1939, #269 ) ) REPRESENTATION_CONTEXT ( 'NONE', 'WORKASPACE' ) );
#499 = AXIS2_PLACEMENT_3D ( 'NONE', #1044, #64, #1535 ) ;
#500 =( GEOMETRIC_REPRESENTATION_CONTEXT ( 3 ) GLOBAL_UNCERTAINTY_ASSIGNED_CONTEXT ( ( #182 ) ) GLOBAL_UNIT_ASSIGNED_CONTEXT ( ( #1996, #2222, #2743 ) ) REPRESENTATION_CONTEXT ( 'NONE', 'WORKASPACE' ) );
#501 = PRESENTATION_LAYER_ASSIGNMENT (  '', '', ( #1200 ) ) ;
#502 = CARTESIAN_POINT ( 'NONE',  ( 0.0000000000000000000, 0.0000000000000000000, -7.899400000000000865 ) ) ;
#503 = DIRECTION ( 'NONE',  ( -1.835919350580823375E-16, 0.0000000000000000000, 1.000000000000000000 ) ) ;
#504 = CIRCLE ( 'NONE', #753, 0.3937000000000001054 ) ;
#505 = EDGE_CURVE ( 'NONE', #2678, #2534, #1468, .T. ) ;
#506 = ORIENTED_EDGE ( 'NONE', *, *, #3056, .F. ) ;
#507 = DIRECTION ( 'NONE',  ( -1.000000000000000000, -0.0000000000000000000, -0.0000000000000000000 ) ) ;
#508 = SURFACE_SIDE_STYLE ('',( #1711 ) ) ;
#509 = CARTESIAN_POINT ( 'NONE',  ( 1.777545974569638032, 4.575234094530384432, 3.962399999999999700 ) ) ;
#510 = VERTEX_POINT ( 'NONE', #2164 ) ;
#511 = UNCERTAINTY_MEASURE_WITH_UNIT (LENGTH_MEASURE( 1.000000000000000082E-05 ), #2374, 'distance_accuracy_value', 'NONE');
#512 = CARTESIAN_POINT ( 'NONE',  ( 1.711058163179628666, 2.548185983883973549, 0.0000000000000000000 ) ) ;
#513 = ORIENTED_EDGE ( 'NONE', *, *, #2037, .T. ) ;
#514 = EDGE_CURVE ( 'NONE', #2708, #2166, #1873, .T. ) ;
#515 = DIRECTION ( 'NONE',  ( 1.000000000000000000, -0.0000000000000000000, 0.0000000000000000000 ) ) ;
#516 =( NAMED_UNIT ( * ) PLANE_ANGLE_UNIT ( ) SI_UNIT ( $, .RADIAN. ) );
#517 = PRESENTATION_STYLE_ASSIGNMENT (( #2211 ) ) ;
#518 = ORIENTED_EDGE ( 'NONE', *, *, #2340, .F. ) ;
#519 = SURFACE_STYLE_FILL_AREA ( #2639 ) ;
#520 = CARTESIAN_POINT ( 'NONE',  ( 1.524000000000002242, -7.303244591070087388, -3.962399999999999700 ) ) ;
#521 = ORIENTED_EDGE ( 'NONE', *, *, #1294, .T. ) ;
#522 = CARTESIAN_POINT ( 'NONE',  ( 0.0000000000000000000, 6.748286867988289472, 5.748196021999999239 ) ) ;
#523 = CIRCLE ( 'NONE', #2261, 0.7873999999999996557 ) ;
#524 = EDGE_CURVE ( 'NONE', #1836, #2061, #1233, .T. ) ;
#525 = CARTESIAN_POINT ( 'NONE',  ( 1.422399999999995446, -8.954244591070089854, -0.7874000000000009880 ) ) ;
#526 = ORIENTED_EDGE ( 'NONE', *, *, #603, .F. ) ;
#527 = PRODUCT_DEFINITION_SHAPE ( 'NONE', 'NONE',  #531 ) ;
#528 = SURFACE_STYLE_USAGE ( .BOTH. , #1009 ) ;
#529 = DIRECTION ( 'NONE',  ( 0.9930379955505393985, 0.1177944794672777934, 0.0000000000000000000 ) ) ;
#530 = FACE_OUTER_BOUND ( 'NONE', #310, .T. ) ;
#531 = PRODUCT_DEFINITION ( 'UNKNOWN', '', #450, #1094 ) ;
#532 = DIRECTION ( 'NONE',  ( -0.0000000000000000000, -0.0000000000000000000, -1.000000000000000000 ) ) ;
#533 = STYLED_ITEM ( 'NONE', ( #2899 ), #1826 ) ;
#534 = VERTEX_POINT ( 'NONE', #1189 ) ;
#535 = AXIS2_PLACEMENT_3D ( 'NONE', #1216, #2656, #2623 ) ;
#536 = EDGE_LOOP ( 'NONE', ( #378, #367, #1105, #1744 ) ) ;
#537 = UNCERTAINTY_MEASURE_WITH_UNIT (LENGTH_MEASURE( 1.000000000000000082E-05 ), #762, 'distance_accuracy_value', 'NONE');
#538 = SURFACE_STYLE_FILL_AREA ( #2690 ) ;
#539 = SURFACE_STYLE_FILL_AREA ( #2692 ) ;
#540 = VECTOR ( 'NONE', #2704, 1000.000000000000000 ) ;
#541 = SURFACE_SIDE_STYLE ('',( #2693 ) ) ;
#542 = COLOUR_RGB ( '',1.000000000000000000, 0.8666666666666666963, 0.5294117647058823595 ) ;
#543 = VERTEX_POINT ( 'NONE', #938 ) ;
#544 = EDGE_CURVE ( 'NONE', #338, #49, #1204, .T. ) ;
#545 = MECHANICAL_DESIGN_GEOMETRIC_PRESENTATION_REPRESENTATION (  '', ( #332 ), #2857 ) ;
#546 = VECTOR ( 'NONE', #2059, 999.9999999999998863 ) ;
#547 = CARTESIAN_POINT ( 'NONE',  ( -2.006600000000001494, -8.649444591070091448, -3.048390812437590819E-16 ) ) ;
#548 = MECHANICAL_DESIGN_GEOMETRIC_PRESENTATION_REPRESENTATION (  '', ( #2755 ), #948 ) ;
#549 = ORIENTED_EDGE ( 'NONE', *, *, #356, .F. ) ;
#550 =( GEOMETRIC_REPRESENTATION_CONTEXT ( 3 ) GLOBAL_UNCERTAINTY_ASSIGNED_CONTEXT ( ( #1459 ) ) GLOBAL_UNIT_ASSIGNED_CONTEXT ( ( #1121, #421, #373 ) ) REPRESENTATION_CONTEXT ( 'NONE', 'WORKASPACE' ) );
#551 = COLOUR_RGB ( '',1.000000000000000000, 0.8666666666666666963, 0.5294117647058823595 ) ;
#552 = SURFACE_STYLE_FILL_AREA ( #1503 ) ;
#553 = VERTEX_POINT ( 'NONE', #2671 ) ;
#554 = CARTESIAN_POINT ( 'NONE',  ( -6.349999999999999645, -8.649444591070091448, 0.0000000000000000000 ) ) ;
#555 = CARTESIAN_POINT ( 'NONE',  ( 2.676607184549422147, 7.047746144203708596, -3.962400000000001477 ) ) ;
#556 = CARTESIAN_POINT ( 'NONE',  ( -6.349999999999998757, -8.649444591070091448, 1.574799999999999534 ) ) ;
#557 = DIRECTION ( 'NONE',  ( -1.000000000000000000, 0.0000000000000000000, 0.0000000000000000000 ) ) ;
#558 = EDGE_CURVE ( 'NONE', #2736, #2445, #1180, .T. ) ;
#559 = FILL_AREA_STYLE_COLOUR ( '', #277 ) ;
#560 = PRESENTATION_STYLE_ASSIGNMENT (( #1966 ) ) ;
#561 = FACE_OUTER_BOUND ( 'NONE', #575, .T. ) ;
#562 = ORIENTED_EDGE ( 'NONE', *, *, #2561, .T. ) ;
#563 = DIRECTION ( 'NONE',  ( 0.0000000000000000000, 0.0000000000000000000, -1.000000000000000000 ) ) ;
#564 = SURFACE_STYLE_USAGE ( .BOTH. , #1263 ) ;
#565 = CARTESIAN_POINT ( 'NONE',  ( -6.349999999999999645, 6.748286867988289472, 5.748196021999999239 ) ) ;
#566 = ADVANCED_FACE ( 'NONE', ( #1396 ), #8, .T. ) ;
#567 = ORIENTED_EDGE ( 'NONE', *, *, #2921, .T. ) ;
#568 = LINE ( 'NONE', #827, #2385 ) ;
#569 = LINE ( 'NONE', #1280, #1412 ) ;
#570 = CARTESIAN_POINT ( 'NONE',  ( 2.245393824536975114, -1.956402147114746803, 4.536168959478112939 ) ) ;
#571 = VECTOR ( 'NONE', #2043, 1000.000000000000000 ) ;
#572 = ADVANCED_FACE ( 'NONE', ( #1002 ), #47, .F. ) ;
#573 = CYLINDRICAL_SURFACE ( 'NONE', #635, 7.594599999999998907 ) ;
#574 = MECHANICAL_DESIGN_GEOMETRIC_PRESENTATION_REPRESENTATION (  '', ( #1924 ), #2383 ) ;
#575 = EDGE_LOOP ( 'NONE', ( #849, #2418, #1506, #2114 ) ) ;
#576 = UNCERTAINTY_MEASURE_WITH_UNIT (LENGTH_MEASURE( 1.000000000000000082E-05 ), #58, 'distance_accuracy_value', 'NONE');
#577 = DIRECTION ( 'NONE',  ( 0.0000000000000000000, 0.0000000000000000000, -1.000000000000000000 ) ) ;
#578 = DIRECTION ( 'NONE',  ( 1.000000000000000000, 0.0000000000000000000, -0.0000000000000000000 ) ) ;
#579 = ORIENTED_EDGE ( 'NONE', *, *, #2691, .F. ) ;
#580 = CARTESIAN_POINT ( 'NONE',  ( -6.349999999999999645, -8.954244591070089854, -4.762499999999999289 ) ) ;
#581 = VECTOR ( 'NONE', #1061, 1000.000000000000000 ) ;
#582 = CARTESIAN_POINT ( 'NONE',  ( 1.181458938038961515, 0.2013791595400924728, 4.844942784614454573E-16 ) ) ;
#583 = VECTOR ( 'NONE', #1115, 1000.000000000000000 ) ;
#584 = MECHANICAL_DESIGN_GEOMETRIC_PRESENTATION_REPRESENTATION (  '', ( #176 ), #498 ) ;
#585 = VECTOR ( 'NONE', #1955, 1000.000000000000227 ) ;
#586 = LINE ( 'NONE', #2213, #2643 ) ;
#587 = FACE_OUTER_BOUND ( 'NONE', #1797, .T. ) ;
#588 = DIRECTION ( 'NONE',  ( 0.0000000000000000000, 0.0000000000000000000, -1.000000000000000000 ) ) ;
#589 = ADVANCED_FACE ( 'NONE', ( #1502 ), #303, .T. ) ;
#590 = VECTOR ( 'NONE', #2897, 1000.000000000000000 ) ;
#591 = CARTESIAN_POINT ( 'NONE',  ( -6.349999999999999645, 6.013516378064077017, -5.122317945106016346 ) ) ;
#592 = ORIENTED_EDGE ( 'NONE', *, *, #2111, .F. ) ;
#593 = DIRECTION ( 'NONE',  ( 0.0000000000000000000, 0.0000000000000000000, 1.000000000000000000 ) ) ;
#594 =( BOUNDED_SURFACE ( )  B_SPLINE_SURFACE ( 3, 3, ( 
 ( #870, #2535, #1134, #1886 ),
 ( #3065, #389, #906, #2370 ),
 ( #2867, #677, #2555, #1600 ),
 ( #1117, #2355, #1149, #2606 ) ),
 .UNSPECIFIED., .F., .F., .F. ) 
 B_SPLINE_SURFACE_WITH_KNOTS ( ( 4, 4 ),
 ( 4, 4 ),
 ( 0.0000000000000000000, 1.000000000000000000 ),
 ( 0.0000000000000000000, 1.000000000000000000 ),
 .UNSPECIFIED. ) 
 GEOMETRIC_REPRESENTATION_ITEM ( )  RATIONAL_B_SPLINE_SURFACE ( (
 ( 1.000000000000000000, 0.3333333333333334259, 0.3333333333333334259, 1.000000000000000000),
 ( 0.9879288715761251893, 0.3293096238587084890, 0.3293096238587084890, 0.9879288715761251893),
 ( 0.9879288715761251893, 0.3293096238587084890, 0.3293096238587084890, 0.9879288715761251893),
 ( 1.000000000000000000, 0.3333333333333334259, 0.3333333333333334259, 1.000000000000000000) ) ) 
 REPRESENTATION_ITEM ( '' )  SURFACE ( )  );
#595 = SURFACE_STYLE_FILL_AREA ( #1768 ) ;
#596 = EDGE_CURVE ( 'NONE', #1110, #1075, #334, .T. ) ;
#597 = FILL_AREA_STYLE_COLOUR ( '', #241 ) ;
#598 = VERTEX_POINT ( 'NONE', #1763 ) ;
#599 = DIRECTION ( 'NONE',  ( -0.0000000000000000000, 3.468453201496015149E-16, 1.000000000000000000 ) ) ;
#600 = ORIENTED_EDGE ( 'NONE', *, *, #931, .T. ) ;
#601 = DIRECTION ( 'NONE',  ( 1.000000000000000000, 0.0000000000000000000, 0.0000000000000000000 ) ) ;
#602 = DIRECTION ( 'NONE',  ( -0.4388117733577204804, -0.8985790046304512613, 0.0000000000000000000 ) ) ;
#603 = EDGE_CURVE ( 'NONE', #249, #2708, #1995, .T. ) ;
#604 =( NAMED_UNIT ( * ) SI_UNIT ( $, .STERADIAN. ) SOLID_ANGLE_UNIT ( ) );
#605 = PLANE ( 'NONE',  #443 ) ;
#606 = DIRECTION ( 'NONE',  ( -1.000000000000000000, 0.0000000000000000000, 0.0000000000000000000 ) ) ;
#607 = CARTESIAN_POINT ( 'NONE',  ( 0.0000000000000000000, -8.649444591070091448, 4.457699999999999996 ) ) ;
#608 = ORIENTED_EDGE ( 'NONE', *, *, #2589, .F. ) ;
#609 = DIRECTION ( 'NONE',  ( 0.0000000000000000000, 1.000000000000000000, 0.0000000000000000000 ) ) ;
#610 = DIRECTION ( 'NONE',  ( -0.0000000000000000000, -0.0000000000000000000, 1.000000000000000000 ) ) ;
#611 = VERTEX_POINT ( 'NONE', #61 ) ;
#612 = DIRECTION ( 'NONE',  ( 0.0000000000000000000, 1.000000000000000000, 0.0000000000000000000 ) ) ;
#613 = EDGE_CURVE ( 'NONE', #2176, #460, #1969, .T. ) ;
#614 = FILL_AREA_STYLE ('',( #2773 ) ) ;
#615 = ORIENTED_EDGE ( 'NONE', *, *, #718, .F. ) ;
#616 = DIRECTION ( 'NONE',  ( -1.000000000000000000, -0.0000000000000000000, -0.0000000000000000000 ) ) ;
#617 = SURFACE_STYLE_USAGE ( .BOTH. , #2775 ) ;
#618 = FACE_BOUND ( 'NONE', #1241, .T. ) ;
#619 = DIRECTION ( 'NONE',  ( 0.0000000000000000000, 0.0000000000000000000, -1.000000000000000000 ) ) ;
#620 = CARTESIAN_POINT ( 'NONE',  ( 1.777545974569638032, 4.575234094530384432, 3.962399999999999700 ) ) ;
#621 = DIRECTION ( 'NONE',  ( -0.1177944794672780571, 0.9930379955505395095, 0.0000000000000000000 ) ) ;
#622 = DIRECTION ( 'NONE',  ( -0.0000000000000000000, -1.000000000000000000, -0.0000000000000000000 ) ) ;
#623 = ORIENTED_EDGE ( 'NONE', *, *, #1794, .F. ) ;
#624 = CARTESIAN_POINT ( 'NONE',  ( 1.524000000000002464, -8.954244591070091630, -1.481905069771102701 ) ) ;
#625 = CARTESIAN_POINT ( 'NONE',  ( -6.349999999999999645, 7.464104023734799753, 5.100726455503645340 ) ) ;
#626 =( GEOMETRIC_REPRESENTATION_CONTEXT ( 3 ) GLOBAL_UNCERTAINTY_ASSIGNED_CONTEXT ( ( #2491 ) ) GLOBAL_UNIT_ASSIGNED_CONTEXT ( ( #2314, #1552, #631 ) ) REPRESENTATION_CONTEXT ( 'NONE', 'WORKASPACE' ) );
#627 = SURFACE_STYLE_USAGE ( .BOTH. , #161 ) ;
#628 = ORIENTED_EDGE ( 'NONE', *, *, #1762, .T. ) ;
#629 = ORIENTED_EDGE ( 'NONE', *, *, #2589, .T. ) ;
#630 = CLOSED_SHELL ( 'NONE', ( #441, #1438, #1513, #1389, #708, #1332, #787, #1707, #2185, #315, #1018, #1326, #2425, #2549, #2169, #1359, #2399, #1104, #977, #2887, #465, #2511, #2940, #1186, #1889, #765, #1525, #770, #1805, #2634, #1607, #841, #1224, #2814, #589, #236, #572, #2086, #259, #1146, #2372, #755, #1125, #2366, #860, #566, #1826, #749, #1259, #1560, #60, #2972, #2717, #1165, #1464, #1405, #2263, #1932, #1749, #1064, #1084, #2065, #829 ) ) ;
#631 =( NAMED_UNIT ( * ) SI_UNIT ( $, .STERADIAN. ) SOLID_ANGLE_UNIT ( ) );
#632 = EDGE_CURVE ( 'NONE', #2534, #2237, #1472, .T. ) ;
#633 = EDGE_LOOP ( 'NONE', ( #1250, #417, #3007, #567, #1509, #2218, #1667, #2307, #1802, #1682 ) ) ;
#634 = PRESENTATION_STYLE_ASSIGNMENT (( #617 ) ) ;
#635 = AXIS2_PLACEMENT_3D ( 'NONE', #866, #384, #619 ) ;
#636 = LINE ( 'NONE', #1594, #546 ) ;
#637 = COLOUR_RGB ( '',1.000000000000000000, 0.8666666666666666963, 0.5294117647058823595 ) ;
#638 = SURFACE_SIDE_STYLE ('',( #1113 ) ) ;
#639 = DIRECTION ( 'NONE',  ( -0.0000000000000000000, -0.7416257311919923767, -0.6708138898636063496 ) ) ;
#640 = STYLED_ITEM ( 'NONE', ( #1861 ), #2086 ) ;
#641 = FACE_OUTER_BOUND ( 'NONE', #63, .T. ) ;
#642 = CARTESIAN_POINT ( 'NONE',  ( -5.168900000000000716, -8.649444591070091448, 1.574799999999999534 ) ) ;
#643 = ORIENTED_EDGE ( 'NONE', *, *, #658, .F. ) ;
#644 =( GEOMETRIC_REPRESENTATION_CONTEXT ( 3 ) GLOBAL_UNCERTAINTY_ASSIGNED_CONTEXT ( ( #576 ) ) GLOBAL_UNIT_ASSIGNED_CONTEXT ( ( #58, #2669, #1649 ) ) REPRESENTATION_CONTEXT ( 'NONE', 'WORKASPACE' ) );
#645 = FILL_AREA_STYLE_COLOUR ( '', #2943 ) ;
#646 = CARTESIAN_POINT ( 'NONE',  ( -6.349999999999999645, 6.748286867988303683, -5.748196021999999239 ) ) ;
#647 = MECHANICAL_DESIGN_GEOMETRIC_PRESENTATION_REPRESENTATION (  '', ( #2039 ), #2398 ) ;
#648 = PLANE ( 'NONE',  #745 ) ;
#649 = CIRCLE ( 'NONE', #1244, 0.3937000000000001054 ) ;
#650 = VECTOR ( 'NONE', #2731, 1000.000000000000000 ) ;
#651 = SURFACE_STYLE_FILL_AREA ( #393 ) ;
#652 = VERTEX_POINT ( 'NONE', #1752 ) ;
#653 = LINE ( 'NONE', #2388, #2331 ) ;
#654 = VECTOR ( 'NONE', #2321, 1000.000000000000000 ) ;
#655 = STYLED_ITEM ( 'NONE', ( #999 ), #1389 ) ;
#656 =( GEOMETRIC_REPRESENTATION_CONTEXT ( 3 ) GLOBAL_UNCERTAINTY_ASSIGNED_CONTEXT ( ( #1551 ) ) GLOBAL_UNIT_ASSIGNED_CONTEXT ( ( #2925, #1701, #1505 ) ) REPRESENTATION_CONTEXT ( 'NONE', 'WORKASPACE' ) );
#657 = ORIENTED_EDGE ( 'NONE', *, *, #2873, .F. ) ;
#658 = EDGE_CURVE ( 'NONE', #863, #909, #1320, .T. ) ;
#659 = SURFACE_STYLE_FILL_AREA ( #868 ) ;
#660 = DIRECTION ( 'NONE',  ( 1.000000000000000000, 0.0000000000000000000, 0.0000000000000000000 ) ) ;
#661 = ORIENTED_EDGE ( 'NONE', *, *, #2691, .T. ) ;
#662 = CARTESIAN_POINT ( 'NONE',  ( 2.676607184549422147, 7.047746144203708596, 3.962399999999999700 ) ) ;
#663 = DIRECTION ( 'NONE',  ( 0.0000000000000000000, 0.0000000000000000000, -1.000000000000000000 ) ) ;
#664 = VERTEX_POINT ( 'NONE', #2742 ) ;
#665 = FACE_BOUND ( 'NONE', #1746, .T. ) ;
#666 = CARTESIAN_POINT ( 'NONE',  ( 2.676607184549422147, 7.047746144203708596, 3.962399999999999700 ) ) ;
#667 = EDGE_CURVE ( 'NONE', #193, #2375, #586, .T. ) ;
#668 = SURFACE_SIDE_STYLE ('',( #1592 ) ) ;
#669 = UNCERTAINTY_MEASURE_WITH_UNIT (LENGTH_MEASURE( 1.000000000000000082E-05 ), #1959, 'distance_accuracy_value', 'NONE');
#670 = ORIENTED_EDGE ( 'NONE', *, *, #1666, .F. ) ;
#671 = LINE ( 'NONE', #414, #2038 ) ;
#672 = SURFACE_SIDE_STYLE ('',( #1847 ) ) ;
#673 = DIRECTION ( 'NONE',  ( 0.0000000000000000000, 0.0000000000000000000, -1.000000000000000000 ) ) ;
#674 = CARTESIAN_POINT ( 'NONE',  ( 2.676607184549422591, 7.047746144203708596, 3.962399999999999700 ) ) ;
#675 = EDGE_CURVE ( 'NONE', #1173, #2373, #69, .T. ) ;
#676 = EDGE_LOOP ( 'NONE', ( #183, #1971, #2908, #764 ) ) ;
#677 = CARTESIAN_POINT ( 'NONE',  ( 1.396019504201489125, -0.5814900508096273457, -1.605385843258477108 ) ) ;
#678 = SURFACE_STYLE_USAGE ( .BOTH. , #890 ) ;
#679 = DIRECTION ( 'NONE',  ( -0.0000000000000000000, -1.000000000000000000, -0.0000000000000000000 ) ) ;
#680 = EDGE_LOOP ( 'NONE', ( #1508, #1349, #36, #2654 ) ) ;
#681 = LINE ( 'NONE', #698, #2277 ) ;
#682 =( NAMED_UNIT ( * ) SI_UNIT ( $, .STERADIAN. ) SOLID_ANGLE_UNIT ( ) );
#683 =( NAMED_UNIT ( * ) SI_UNIT ( $, .STERADIAN. ) SOLID_ANGLE_UNIT ( ) );
#684 =( GEOMETRIC_REPRESENTATION_CONTEXT ( 3 ) GLOBAL_UNCERTAINTY_ASSIGNED_CONTEXT ( ( #1534 ) ) GLOBAL_UNIT_ASSIGNED_CONTEXT ( ( #2247, #1796, #2184 ) ) REPRESENTATION_CONTEXT ( 'NONE', 'WORKASPACE' ) );
#685 = VERTEX_POINT ( 'NONE', #2992 ) ;
#686 = CIRCLE ( 'NONE', #1070, 1.270000000000000240 ) ;
#687 = VECTOR ( 'NONE', #2733, 1000.000000000000000 ) ;
#688 = SURFACE_SIDE_STYLE ('',( #1439 ) ) ;
#689 = LINE ( 'NONE', #1334, #1572 ) ;
#690 = COLOUR_RGB ( '',1.000000000000000000, 0.8666666666666666963, 0.5294117647058823595 ) ;
#691 = DIRECTION ( 'NONE',  ( 0.0000000000000000000, 1.000000000000000000, 0.0000000000000000000 ) ) ;
#692 = ORIENTED_EDGE ( 'NONE', *, *, #2378, .F. ) ;
#693 = CARTESIAN_POINT ( 'NONE',  ( 1.524000000000002686, -8.649444591070087895, 1.481905069771102035 ) ) ;
#694 = FACE_OUTER_BOUND ( 'NONE', #2041, .T. ) ;
#695 = EDGE_CURVE ( 'NONE', #754, #784, #837, .T. ) ;
#696 = AXIS2_PLACEMENT_3D ( 'NONE', #2073, #2579, #428 ) ;
#697 = ORIENTED_EDGE ( 'NONE', *, *, #1348, .F. ) ;
#698 = CARTESIAN_POINT ( 'NONE',  ( -2.006600000000001494, -8.954244591070089854, -0.7873999999999996557 ) ) ;
#699 = SURFACE_STYLE_USAGE ( .BOTH. , #397 ) ;
#700 = LINE ( 'NONE', #927, #581 ) ;
#701 = COLOUR_RGB ( '',1.000000000000000000, 0.8666666666666666963, 0.5294117647058823595 ) ;
#702 = DIRECTION ( 'NONE',  ( 0.0000000000000000000, -3.270675728152875395E-16, -1.000000000000000000 ) ) ;
#703 =( GEOMETRIC_REPRESENTATION_CONTEXT ( 3 ) GLOBAL_UNCERTAINTY_ASSIGNED_CONTEXT ( ( #1844 ) ) GLOBAL_UNIT_ASSIGNED_CONTEXT ( ( #2113, #143, #3012 ) ) REPRESENTATION_CONTEXT ( 'NONE', 'WORKASPACE' ) );
#704 = VECTOR ( 'NONE', #2063, 1000.000000000000000 ) ;
#705 = VERTEX_POINT ( 'NONE', #2949 ) ;
#706 = AXIS2_PLACEMENT_3D ( 'NONE', #1425, #1863, #1883 ) ;
#707 = CARTESIAN_POINT ( 'NONE',  ( -6.349999999999999645, 0.0000000000000000000, 0.0000000000000000000 ) ) ;
#708 = ADVANCED_FACE ( 'NONE', ( #799 ), #573, .F. ) ;
#709 = LINE ( 'NONE', #2077, #2947 ) ;
#710 = ORIENTED_EDGE ( 'NONE', *, *, #1249, .F. ) ;
#711 = DIRECTION ( 'NONE',  ( 0.0000000000000000000, 0.0000000000000000000, -1.000000000000000000 ) ) ;
#712 = ORIENTED_EDGE ( 'NONE', *, *, #1784, .T. ) ;
#713 = CARTESIAN_POINT ( 'NONE',  ( -6.349999999999999645, 0.0000000000000000000, 0.0000000000000000000 ) ) ;
#714 = FACE_OUTER_BOUND ( 'NONE', #2761, .T. ) ;
#715 = CARTESIAN_POINT ( 'NONE',  ( -6.349999999999999645, 6.748286867988303683, -5.748196021999999239 ) ) ;
#716 = DIRECTION ( 'NONE',  ( -0.0000000000000000000, -0.0000000000000000000, -1.000000000000000000 ) ) ;
#717 = EDGE_LOOP ( 'NONE', ( #806, #1203 ) ) ;
#718 = EDGE_CURVE ( 'NONE', #302, #802, #2278, .T. ) ;
#719 = PRESENTATION_STYLE_ASSIGNMENT (( #2188 ) ) ;
#720 = FILL_AREA_STYLE_COLOUR ( '', #2286 ) ;
#721 = DIRECTION ( 'NONE',  ( 0.0000000000000000000, 0.0000000000000000000, -1.000000000000000000 ) ) ;
#722 = DIRECTION ( 'NONE',  ( 1.000000000000000000, 0.0000000000000000000, 1.835919350580823375E-16 ) ) ;
#723 = ORIENTED_EDGE ( 'NONE', *, *, #1794, .T. ) ;
#724 = DIRECTION ( 'NONE',  ( 0.0000000000000000000, 0.0000000000000000000, 1.000000000000000000 ) ) ;
#725 =( NAMED_UNIT ( * ) SI_UNIT ( $, .STERADIAN. ) SOLID_ANGLE_UNIT ( ) );
#726 = EDGE_LOOP ( 'NONE', ( #2804, #1290, #2322, #1827 ) ) ;
#727 = CARTESIAN_POINT ( 'NONE',  ( -6.349999999999999645, 6.013516378064069912, 5.122317945106018122 ) ) ;
#728 = SURFACE_SIDE_STYLE ('',( #2886 ) ) ;
#729 = ORIENTED_EDGE ( 'NONE', *, *, #695, .T. ) ;
#730 = MECHANICAL_DESIGN_GEOMETRIC_PRESENTATION_REPRESENTATION (  '', ( #2841 ), #626 ) ;
#731 = FACE_OUTER_BOUND ( 'NONE', #1426, .T. ) ;
#732 = EDGE_CURVE ( 'NONE', #2002, #1589, #855, .T. ) ;
#733 = SURFACE_STYLE_USAGE ( .BOTH. , #688 ) ;
#734 =( NAMED_UNIT ( * ) SI_UNIT ( $, .STERADIAN. ) SOLID_ANGLE_UNIT ( ) );
#735 = AXIS2_PLACEMENT_3D ( 'NONE', #2521, #1043, #577 ) ;
#736 = ORIENTED_EDGE ( 'NONE', *, *, #2416, .F. ) ;
#737 = PRESENTATION_LAYER_ASSIGNMENT (  '', '', ( #1365 ) ) ;
#738 = DIRECTION ( 'NONE',  ( -0.0000000000000000000, -1.000000000000000000, -0.0000000000000000000 ) ) ;
#739 = CARTESIAN_POINT ( 'NONE',  ( 0.0000000000000000000, -6.302310220070093116, 4.762500000000001066 ) ) ;
#740 = ORIENTED_EDGE ( 'NONE', *, *, #2991, .T. ) ;
#741 = DIRECTION ( 'NONE',  ( 1.000000000000000000, 0.0000000000000000000, 0.0000000000000000000 ) ) ;
#742 = DIRECTION ( 'NONE',  ( -0.0000000000000000000, -1.000000000000000000, -0.0000000000000000000 ) ) ;
#743 = COLOUR_RGB ( '',1.000000000000000000, 0.8666666666666666963, 0.5294117647058823595 ) ;
#744 = AXIS2_PLACEMENT_3D ( 'NONE', #2503, #2916, #621 ) ;
#745 = AXIS2_PLACEMENT_3D ( 'NONE', #891, #1586, #458 ) ;
#746 = ORIENTED_EDGE ( 'NONE', *, *, #3075, .F. ) ;
#747 = AXIS2_PLACEMENT_3D ( 'NONE', #2413, #503, #722 ) ;
#748 = CARTESIAN_POINT ( 'NONE',  ( 1.117599999999996818, -8.573244591070091403, 0.7873999999999997668 ) ) ;
#749 = ADVANCED_FACE ( 'NONE', ( #2793 ), #154, .F. ) ;
#750 = VECTOR ( 'NONE', #10, 1000.000000000000000 ) ;
#751 = DIRECTION ( 'NONE',  ( 1.000000000000000000, 0.0000000000000000000, 0.0000000000000000000 ) ) ;
#752 =( NAMED_UNIT ( * ) PLANE_ANGLE_UNIT ( ) SI_UNIT ( $, .RADIAN. ) );
#753 = AXIS2_PLACEMENT_3D ( 'NONE', #936, #691, #2846 ) ;
#754 = VERTEX_POINT ( 'NONE', #2112 ) ;
#755 = ADVANCED_FACE ( 'NONE', ( #901 ), #1371, .T. ) ;
#756 = CARTESIAN_POINT ( 'NONE',  ( 1.269999999999998463, -8.649444591070091448, 4.457699999999999996 ) ) ;
#757 = VERTEX_POINT ( 'NONE', #502 ) ;
#758 = UNCERTAINTY_MEASURE_WITH_UNIT (LENGTH_MEASURE( 1.000000000000000082E-05 ), #859, 'distance_accuracy_value', 'NONE');
#759 = CARTESIAN_POINT ( 'NONE',  ( -6.349999999999999645, 0.0000000000000000000, 0.0000000000000000000 ) ) ;
#760 = UNCERTAINTY_MEASURE_WITH_UNIT (LENGTH_MEASURE( 1.000000000000000082E-05 ), #921, 'distance_accuracy_value', 'NONE');
#761 = CARTESIAN_POINT ( 'NONE',  ( 1.524000000000001132, -8.649444591070089672, -1.481905069771103811 ) ) ;
#762 =( LENGTH_UNIT ( ) NAMED_UNIT ( * ) SI_UNIT ( .MILLI., .METRE. ) );
#763 = DIRECTION ( 'NONE',  ( 0.8984316367286956373, -0.4391134182930385710, 0.0000000000000000000 ) ) ;
#764 = ORIENTED_EDGE ( 'NONE', *, *, #2838, .F. ) ;
#765 = ADVANCED_FACE ( 'NONE', ( #451 ), #221, .F. ) ;
#766 = CARTESIAN_POINT ( 'NONE',  ( 1.117599999999996818, -8.649444591070091448, -0.7874000000000002109 ) ) ;
#767 = FACE_OUTER_BOUND ( 'NONE', #880, .T. ) ;
#768 = ORIENTED_EDGE ( 'NONE', *, *, #2785, .F. ) ;
#769 = FILL_AREA_STYLE_COLOUR ( '', #1421 ) ;
#770 = ADVANCED_FACE ( 'NONE', ( #2904 ), #469, .F. ) ;
#771 = DIRECTION ( 'NONE',  ( 0.0000000000000000000, 0.0000000000000000000, 1.000000000000000000 ) ) ;
#772 = ORIENTED_EDGE ( 'NONE', *, *, #1471, .F. ) ;
#773 =( NAMED_UNIT ( * ) SI_UNIT ( $, .STERADIAN. ) SOLID_ANGLE_UNIT ( ) );
#774 =( LENGTH_UNIT ( ) NAMED_UNIT ( * ) SI_UNIT ( .MILLI., .METRE. ) );
#775 = MECHANICAL_DESIGN_GEOMETRIC_PRESENTATION_REPRESENTATION (  '', ( #2552 ), #415 ) ;
#776 = FACE_OUTER_BOUND ( 'NONE', #1012, .T. ) ;
#777 = AXIS2_PLACEMENT_3D ( 'NONE', #2738, #1297, #2230 ) ;
#778 =( NAMED_UNIT ( * ) SI_UNIT ( $, .STERADIAN. ) SOLID_ANGLE_UNIT ( ) );
#779 =( LENGTH_UNIT ( ) NAMED_UNIT ( * ) SI_UNIT ( .MILLI., .METRE. ) );
#780 = FACE_OUTER_BOUND ( 'NONE', #2767, .T. ) ;
#781 = VECTOR ( 'NONE', #716, 1000.000000000000000 ) ;
#782 = ORIENTED_EDGE ( 'NONE', *, *, #2436, .T. ) ;
#783 = DIRECTION ( 'NONE',  ( 0.0000000000000000000, 0.0000000000000000000, -1.000000000000000000 ) ) ;
#784 = VERTEX_POINT ( 'NONE', #1695 ) ;
#785 = UNCERTAINTY_MEASURE_WITH_UNIT (LENGTH_MEASURE( 1.000000000000000082E-05 ), #1961, 'distance_accuracy_value', 'NONE');
#786 = DIRECTION ( 'NONE',  ( 0.9930379955505395095, 0.1177944794672777795, 0.0000000000000000000 ) ) ;
#787 = ADVANCED_FACE ( 'NONE', ( #1406 ), #1181, .F. ) ;
#788 = SURFACE_STYLE_FILL_AREA ( #13 ) ;
#789 = COLOUR_RGB ( '',1.000000000000000000, 0.8666666666666666963, 0.5294117647058823595 ) ;
#790 = AXIS2_PLACEMENT_3D ( 'NONE', #2855, #1540, #104 ) ;
#791 = ORIENTED_EDGE ( 'NONE', *, *, #2770, .T. ) ;
#792 = DIRECTION ( 'NONE',  ( 1.000000000000000000, 0.0000000000000000000, 0.0000000000000000000 ) ) ;
#793 = AXIS2_PLACEMENT_3D ( 'NONE', #1520, #1277, #342 ) ;
#794 = LINE ( 'NONE', #809, #1934 ) ;
#795 = COLOUR_RGB ( '',1.000000000000000000, 0.8666666666666666963, 0.5294117647058823595 ) ;
#796 = MECHANICAL_DESIGN_GEOMETRIC_PRESENTATION_REPRESENTATION (  '', ( #240 ), #703 ) ;
#797 = COLOUR_RGB ( '',1.000000000000000000, 0.8666666666666666963, 0.5294117647058823595 ) ;
#798 = EDGE_CURVE ( 'NONE', #2894, #252, #1278, .T. ) ;
#799 = FACE_OUTER_BOUND ( 'NONE', #1211, .T. ) ;
#800 = PRESENTATION_LAYER_ASSIGNMENT (  '', '', ( #655 ) ) ;
#801 = CIRCLE ( 'NONE', #245, 0.1523999999999995913 ) ;
#802 = VERTEX_POINT ( 'NONE', #57 ) ;
#803 = CARTESIAN_POINT ( 'NONE',  ( -6.349999999999999645, -6.302310220070092228, 4.762500000000001954 ) ) ;
#804 = CARTESIAN_POINT ( 'NONE',  ( 0.0000000000000000000, -8.649444591070091448, 0.0000000000000000000 ) ) ;
#805 = EDGE_LOOP ( 'NONE', ( #1076, #2283, #869, #496 ) ) ;
#806 = ORIENTED_EDGE ( 'NONE', *, *, #1902, .F. ) ;
#807 = FACE_OUTER_BOUND ( 'NONE', #413, .T. ) ;
#808 = EDGE_CURVE ( 'NONE', #171, #2736, #1750, .T. ) ;
#809 = CARTESIAN_POINT ( 'NONE',  ( -6.349999999999999645, -8.649444591070091448, -1.574800000000000422 ) ) ;
#810 = DIRECTION ( 'NONE',  ( -0.0000000000000000000, -1.000000000000000000, -0.0000000000000000000 ) ) ;
#811 = ORIENTED_EDGE ( 'NONE', *, *, #1641, .F. ) ;
#812 = CARTESIAN_POINT ( 'NONE',  ( 1.269999999999998463, -8.649444591070640342, -0.7874000000000000998 ) ) ;
#813 = EDGE_LOOP ( 'NONE', ( #1335, #1258, #791, #492, #2880, #466, #3083, #579 ) ) ;
#814 = ORIENTED_EDGE ( 'NONE', *, *, #2567, .F. ) ;
#815 =( LENGTH_UNIT ( ) NAMED_UNIT ( * ) SI_UNIT ( .MILLI., .METRE. ) );
#816 = VECTOR ( 'NONE', #976, 1000.000000000000000 ) ;
#817 =( NAMED_UNIT ( * ) SI_UNIT ( $, .STERADIAN. ) SOLID_ANGLE_UNIT ( ) );
#818 = EDGE_CURVE ( 'NONE', #1836, #2176, #794, .T. ) ;
#819 = AXIS2_PLACEMENT_3D ( 'NONE', #1082, #153, #2058 ) ;
#820 = DIRECTION ( 'NONE',  ( 0.0000000000000000000, 0.0000000000000000000, 1.000000000000000000 ) ) ;
#821 = FILL_AREA_STYLE_COLOUR ( '', #1199 ) ;
#822 = VERTEX_POINT ( 'NONE', #1257 ) ;
#823 = UNCERTAINTY_MEASURE_WITH_UNIT (LENGTH_MEASURE( 1.000000000000000082E-05 ), #2514, 'distance_accuracy_value', 'NONE');
#824 = FILL_AREA_STYLE ('',( #1056 ) ) ;
#825 =( NAMED_UNIT ( * ) SI_UNIT ( $, .STERADIAN. ) SOLID_ANGLE_UNIT ( ) );
#826 = FILL_AREA_STYLE_COLOUR ( '', #82 ) ;
#827 = CARTESIAN_POINT ( 'NONE',  ( 3.163505730653942472, -7.108765905469613955, 3.962399999999999700 ) ) ;
#828 = PRESENTATION_LAYER_ASSIGNMENT (  '', '', ( #275 ) ) ;
#829 = ADVANCED_FACE ( 'NONE', ( #1298 ), #2718, .F. ) ;
#830 = MECHANICAL_DESIGN_GEOMETRIC_PRESENTATION_REPRESENTATION (  '', ( #2191 ), #1369 ) ;
#831 = ORIENTED_EDGE ( 'NONE', *, *, #204, .F. ) ;
#832 = VECTOR ( 'NONE', #2432, 1000.000000000000000 ) ;
#833 = CARTESIAN_POINT ( 'NONE',  ( -6.349999999999999645, -8.649444591070091448, 0.7873999999999997668 ) ) ;
#834 = STYLED_ITEM ( 'NONE', ( #517 ), #2185 ) ;
#835 = VECTOR ( 'NONE', #70, 1000.000000000000000 ) ;
#836 = MECHANICAL_DESIGN_GEOMETRIC_PRESENTATION_REPRESENTATION (  '', ( #889 ), #994 ) ;
#837 = LINE ( 'NONE', #1022, #1570 ) ;
#838 = LINE ( 'NONE', #2721, #650 ) ;
#839 = DIRECTION ( 'NONE',  ( -1.000000000000000000, 0.0000000000000000000, 0.0000000000000000000 ) ) ;
#840 = VECTOR ( 'NONE', #2168, 1000.000000000000000 ) ;
#841 = ADVANCED_FACE ( 'NONE', ( #1019 ), #2208, .T. ) ;
#842 = LINE ( 'NONE', #2519, #3115 ) ;
#843 = ORIENTED_EDGE ( 'NONE', *, *, #2003, .T. ) ;
#844 = MECHANICAL_DESIGN_GEOMETRIC_PRESENTATION_REPRESENTATION (  '', ( #655 ), #3114 ) ;
#845 = DIRECTION ( 'NONE',  ( 0.1177944794672776824, -0.9930379955505395095, 0.0000000000000000000 ) ) ;
#846 = CARTESIAN_POINT ( 'NONE',  ( -6.349999999999999645, 7.464104023734813964, -5.100726455503646228 ) ) ;
#847 = PRESENTATION_STYLE_ASSIGNMENT (( #1536 ) ) ;
#848 = STYLED_ITEM ( 'NONE', ( #2033 ), #2887 ) ;
#849 = ORIENTED_EDGE ( 'NONE', *, *, #2825, .F. ) ;
#850 = MECHANICAL_DESIGN_GEOMETRIC_PRESENTATION_REPRESENTATION (  '', ( #2609 ), #656 ) ;
#851 = DIRECTION ( 'NONE',  ( -0.1177944794672776546, 0.9930379955505392875, 0.0000000000000000000 ) ) ;
#852 = FACE_OUTER_BOUND ( 'NONE', #2563, .T. ) ;
#853 = VERTEX_POINT ( 'NONE', #121 ) ;
#854 = FACE_OUTER_BOUND ( 'NONE', #1463, .T. ) ;
#855 = LINE ( 'NONE', #1311, #1232 ) ;
#856 = PRESENTATION_STYLE_ASSIGNMENT (( #170 ) ) ;
#857 = ORIENTED_EDGE ( 'NONE', *, *, #2650, .T. ) ;
#858 = DIRECTION ( 'NONE',  ( -0.0000000000000000000, 0.0000000000000000000, -1.000000000000000000 ) ) ;
#859 =( LENGTH_UNIT ( ) NAMED_UNIT ( * ) SI_UNIT ( .MILLI., .METRE. ) );
#860 = ADVANCED_FACE ( 'NONE', ( #1310 ), #2874, .F. ) ;
#861 = DIRECTION ( 'NONE',  ( 0.0000000000000000000, 0.0000000000000000000, -1.000000000000000000 ) ) ;
#862 = ORIENTED_EDGE ( 'NONE', *, *, #1678, .T. ) ;
#863 = VERTEX_POINT ( 'NONE', #945 ) ;
#864 = CARTESIAN_POINT ( 'NONE',  ( 2.549719395112314935, -1.912825016638803000, 0.0000000000000000000 ) ) ;
#865 = ORIENTED_EDGE ( 'NONE', *, *, #2025, .T. ) ;
#866 = CARTESIAN_POINT ( 'NONE',  ( -6.349999999999999645, 0.0000000000000000000, 0.0000000000000000000 ) ) ;
#867 = DIRECTION ( 'NONE',  ( 1.000000000000000000, -0.0000000000000000000, 0.0000000000000000000 ) ) ;
#868 = FILL_AREA_STYLE ('',( #2817 ) ) ;
#869 = ORIENTED_EDGE ( 'NONE', *, *, #1517, .F. ) ;
#870 = CARTESIAN_POINT ( 'NONE',  ( 2.245393824536975114, -1.956402147114746803, 2.777602398308225738E-16 ) ) ;
#871 = CARTESIAN_POINT ( 'NONE',  ( -6.349999999999999645, -8.801844591070091539, -0.7873999999999997668 ) ) ;
#872 = COLOUR_RGB ( '',1.000000000000000000, 0.8666666666666666963, 0.5294117647058823595 ) ;
#873 = PRESENTATION_STYLE_ASSIGNMENT (( #1868 ) ) ;
#874 = CARTESIAN_POINT ( 'NONE',  ( 1.269999999999998463, -8.573244591070091403, 1.181099999999999595 ) ) ;
#875 = ORIENTED_EDGE ( 'NONE', *, *, #2091, .T. ) ;
#876 = EDGE_CURVE ( 'NONE', #1173, #930, #1370, .T. ) ;
#877 = SURFACE_STYLE_FILL_AREA ( #1855 ) ;
#878 = UNCERTAINTY_MEASURE_WITH_UNIT (LENGTH_MEASURE( 1.000000000000000082E-05 ), #2828, 'distance_accuracy_value', 'NONE');
#879 = FILL_AREA_STYLE_COLOUR ( '', #23 ) ;
#880 = EDGE_LOOP ( 'NONE', ( #29, #2354, #1417, #2106, #506, #2311, #3064 ) ) ;
#881 = CARTESIAN_POINT ( 'NONE',  ( 3.120770650459801399, -6.748498102024069745, -2.500692515877084521 ) ) ;
#882 = SURFACE_STYLE_FILL_AREA ( #1575 ) ;
#883 = FILL_AREA_STYLE_COLOUR ( '', #1435 ) ;
#884 = COLOUR_RGB ( '',1.000000000000000000, 0.8666666666666666963, 0.5294117647058823595 ) ;
#885 = LINE ( 'NONE', #1834, #2195 ) ;
#886 = AXIS2_PLACEMENT_3D ( 'NONE', #1097, #616, #215 ) ;
#887 = VERTEX_POINT ( 'NONE', #1415 ) ;
#888 = EDGE_CURVE ( 'NONE', #193, #685, #1574, .T. ) ;
#889 = STYLED_ITEM ( 'NONE', ( #1063 ), #2263 ) ;
#890 = SURFACE_SIDE_STYLE ('',( #1102 ) ) ;
#891 = CARTESIAN_POINT ( 'NONE',  ( -6.349999999999999645, -8.649444591070091448, 4.457699999999999996 ) ) ;
#892 = STYLED_ITEM ( 'NONE', ( #2389 ), #2511 ) ;
#893 = LINE ( 'NONE', #1318, #2658 ) ;
#894 = ORIENTED_EDGE ( 'NONE', *, *, #1099, .F. ) ;
#895 = LINE ( 'NONE', #2593, #1928 ) ;
#896 =( LENGTH_UNIT ( ) NAMED_UNIT ( * ) SI_UNIT ( .MILLI., .METRE. ) );
#897 = AXIS2_PLACEMENT_3D ( 'NONE', #3099, #1869, #2640 ) ;
#898 = VERTEX_POINT ( 'NONE', #2513 ) ;
#899 = CARTESIAN_POINT ( 'NONE',  ( -6.349999999999999645, -8.649444591070091448, 1.574799999999999534 ) ) ;
#900 = EDGE_CURVE ( 'NONE', #3031, #534, #700, .T. ) ;
#901 = FACE_OUTER_BOUND ( 'NONE', #1905, .T. ) ;
#902 = SURFACE_STYLE_FILL_AREA ( #2553 ) ;
#903 = CARTESIAN_POINT ( 'NONE',  ( 1.269999999999998463, -8.573244591070091403, 0.7873999999999997668 ) ) ;
#904 = DIRECTION ( 'NONE',  ( 0.0000000000000000000, 0.0000000000000000000, -1.000000000000000000 ) ) ;
#905 = ORIENTED_EDGE ( 'NONE', *, *, #1342, .F. ) ;
#906 = CARTESIAN_POINT ( 'NONE',  ( 1.385603980229696441, 1.804546278202538323, -3.135917406136812247 ) ) ;
#907 = DIRECTION ( 'NONE',  ( 0.0000000000000000000, -0.0000000000000000000, -1.000000000000000000 ) ) ;
#908 = SURFACE_STYLE_FILL_AREA ( #1152 ) ;
#909 = VERTEX_POINT ( 'NONE', #379 ) ;
#910 = DIRECTION ( 'NONE',  ( 0.0000000000000000000, 0.7416257311919923767, 0.6708138898636063496 ) ) ;
#911 = SURFACE_STYLE_FILL_AREA ( #2324 ) ;
#912 = UNCERTAINTY_MEASURE_WITH_UNIT (LENGTH_MEASURE( 1.000000000000000082E-05 ), #2233, 'distance_accuracy_value', 'NONE');
#913 = ORIENTED_EDGE ( 'NONE', *, *, #1537, .F. ) ;
#914 =( LENGTH_UNIT ( ) NAMED_UNIT ( * ) SI_UNIT ( .MILLI., .METRE. ) );
#915 = EDGE_CURVE ( 'NONE', #1187, #2983, #2487, .T. ) ;
#916 = CARTESIAN_POINT ( 'NONE',  ( -6.349999999999999645, 0.0000000000000000000, 4.457699999999999996 ) ) ;
#917 = AXIS2_PLACEMENT_3D ( 'NONE', #2206, #1242, #1737 ) ;
#918 = PRESENTATION_STYLE_ASSIGNMENT (( #192 ) ) ;
#919 = ORIENTED_EDGE ( 'NONE', *, *, #2825, .T. ) ;
#920 = SURFACE_STYLE_FILL_AREA ( #2115 ) ;
#921 =( LENGTH_UNIT ( ) NAMED_UNIT ( * ) SI_UNIT ( .MILLI., .METRE. ) );
#922 = DIRECTION ( 'NONE',  ( 0.9930379955505395095, 0.1177944794672777795, 0.0000000000000000000 ) ) ;
#923 = CARTESIAN_POINT ( 'NONE',  ( -5.168900000000000716, -8.954244591070089854, -0.7873999999999997668 ) ) ;
#924 = VERTEX_POINT ( 'NONE', #2120 ) ;
#925 = LINE ( 'NONE', #1123, #2844 ) ;
#926 = FILL_AREA_STYLE_COLOUR ( '', #391 ) ;
#927 = CARTESIAN_POINT ( 'NONE',  ( -6.349999999999999645, 0.0000000000000000000, -7.594599999999998907 ) ) ;
#928 = FACE_OUTER_BOUND ( 'NONE', #1960, .T. ) ;
#929 = MECHANICAL_DESIGN_GEOMETRIC_PRESENTATION_REPRESENTATION (  '', ( #2181 ), #164 ) ;
#930 = VERTEX_POINT ( 'NONE', #2614 ) ;
#931 = EDGE_CURVE ( 'NONE', #129, #355, #463, .T. ) ;
#932 = PRESENTATION_STYLE_ASSIGNMENT (( #2364 ) ) ;
#933 = VECTOR ( 'NONE', #2881, 1000.000000000000000 ) ;
#934 = DIRECTION ( 'NONE',  ( 0.0000000000000000000, 0.0000000000000000000, -1.000000000000000000 ) ) ;
#935 = DIRECTION ( 'NONE',  ( -1.000000000000000000, -0.0000000000000000000, -0.0000000000000000000 ) ) ;
#936 = CARTESIAN_POINT ( 'NONE',  ( -5.168900000000000716, -8.954244591070089854, -1.181100000000000039 ) ) ;
#937 = ORIENTED_EDGE ( 'NONE', *, *, #2746, .T. ) ;
#938 = CARTESIAN_POINT ( 'NONE',  ( -5.168900000000000716, -8.649444591070091448, -0.7873999999999997668 ) ) ;
#939 = CARTESIAN_POINT ( 'NONE',  ( 1.524000000000002242, -8.649444591070087895, -3.962399999999999700 ) ) ;
#940 = PRESENTATION_LAYER_ASSIGNMENT (  '', '', ( #1035 ) ) ;
#941 = EDGE_CURVE ( 'NONE', #611, #2034, #1400, .T. ) ;
#942 = PRESENTATION_LAYER_ASSIGNMENT (  '', '', ( #1630 ) ) ;
#943 = PLANE ( 'NONE',  #1142 ) ;
#944 = SURFACE_STYLE_FILL_AREA ( #3101 ) ;
#945 = CARTESIAN_POINT ( 'NONE',  ( -2.006600000000001494, -8.954244591070089854, -1.574800000000000200 ) ) ;
#946 = PRESENTATION_LAYER_ASSIGNMENT (  '', '', ( #892 ) ) ;
#947 = SURFACE_SIDE_STYLE ('',( #3104 ) ) ;
#948 =( GEOMETRIC_REPRESENTATION_CONTEXT ( 3 ) GLOBAL_UNCERTAINTY_ASSIGNED_CONTEXT ( ( #1159 ) ) GLOBAL_UNIT_ASSIGNED_CONTEXT ( ( #2795, #1795, #1597 ) ) REPRESENTATION_CONTEXT ( 'NONE', 'WORKASPACE' ) );
#949 = AXIS2_PLACEMENT_3D ( 'NONE', #354, #2751, #1303 ) ;
#950 = EDGE_LOOP ( 'NONE', ( #1920, #1785, #608, #905 ) ) ;
#951 = VECTOR ( 'NONE', #2865, 1000.000000000000114 ) ;
#952 = FILL_AREA_STYLE_COLOUR ( '', #2709 ) ;
#953 = PLANE ( 'NONE',  #497 ) ;
#954 =( NAMED_UNIT ( * ) SI_UNIT ( $, .STERADIAN. ) SOLID_ANGLE_UNIT ( ) );
#955 = ORIENTED_EDGE ( 'NONE', *, *, #2276, .T. ) ;
#956 = CARTESIAN_POINT ( 'NONE',  ( 1.181458938038962181, 0.2013791595400886425, 2.648153673532449298E-31 ) ) ;
#957 = VERTEX_POINT ( 'NONE', #1175 ) ;
#958 = SURFACE_STYLE_USAGE ( .BOTH. , #2689 ) ;
#959 = EDGE_CURVE ( 'NONE', #270, #1187, #1324, .T. ) ;
#960 = DIRECTION ( 'NONE',  ( 0.0000000000000000000, -1.000000000000000000, -0.0000000000000000000 ) ) ;
#961 = SURFACE_SIDE_STYLE ('',( #1163 ) ) ;
#962 =( NAMED_UNIT ( * ) PLANE_ANGLE_UNIT ( ) SI_UNIT ( $, .RADIAN. ) );
#963 = CARTESIAN_POINT ( 'NONE',  ( 2.860827749610138415, -7.144669662811237387, -3.962399999999999700 ) ) ;
#964 = CARTESIAN_POINT ( 'NONE',  ( -6.349999999999999645, 6.748286867988289472, 5.748196021999999239 ) ) ;
#965 = ORIENTED_EDGE ( 'NONE', *, *, #136, .T. ) ;
#966 =( NAMED_UNIT ( * ) PLANE_ANGLE_UNIT ( ) SI_UNIT ( $, .RADIAN. ) );
#967 = DIRECTION ( 'NONE',  ( 1.000000000000000000, 0.0000000000000000000, 0.0000000000000000000 ) ) ;
#968 = CARTESIAN_POINT ( 'NONE',  ( 0.0000000000000000000, 6.013516378064066359, 5.122317945106017234 ) ) ;
#969 = ORIENTED_EDGE ( 'NONE', *, *, #144, .F. ) ;
#970 = UNCERTAINTY_MEASURE_WITH_UNIT (LENGTH_MEASURE( 1.000000000000000082E-05 ), #3111, 'distance_accuracy_value', 'NONE');
#971 = CARTESIAN_POINT ( 'NONE',  ( 1.524000000000002242, -8.649444591070640342, -0.8802949302288968214 ) ) ;
#972 = CARTESIAN_POINT ( 'NONE',  ( 7.305617820384732397, 1.879824268498198725, -1.157741477514465278E-16 ) ) ;
#973 = EDGE_CURVE ( 'NONE', #201, #2684, #2393, .T. ) ;
#974 = ORIENTED_EDGE ( 'NONE', *, *, #472, .T. ) ;
#975 = PRESENTATION_LAYER_ASSIGNMENT (  '', '', ( #1267 ) ) ;
#976 = DIRECTION ( 'NONE',  ( -0.0000000000000000000, -1.000000000000000000, 0.0000000000000000000 ) ) ;
#977 = ADVANCED_FACE ( 'NONE', ( #1656 ), #2628, .T. ) ;
#978 = CIRCLE ( 'NONE', #1023, 2.268084479739055137 ) ;
#979 =( LENGTH_UNIT ( ) NAMED_UNIT ( * ) SI_UNIT ( .MILLI., .METRE. ) );
#980 = DIRECTION ( 'NONE',  ( -1.000000000000000000, -0.0000000000000000000, 0.0000000000000000000 ) ) ;
#981 = MANIFOLD_SOLID_BREP ( 'Fillet8', #630 ) ;
#982 = ORIENTED_EDGE ( 'NONE', *, *, #1485, .F. ) ;
#983 = AXIS2_PLACEMENT_3D ( 'NONE', #1596, #2565, #3062 ) ;
#984 = CARTESIAN_POINT ( 'NONE',  ( 1.117599999999996374, -12.23084459107009003, 0.7873999999999998778 ) ) ;
#985 = SURFACE_STYLE_USAGE ( .BOTH. , #508 ) ;
#986 = PRESENTATION_LAYER_ASSIGNMENT (  '', '', ( #1677 ) ) ;
#987 = EDGE_CURVE ( 'NONE', #2139, #2534, #2193, .T. ) ;
#988 = EDGE_LOOP ( 'NONE', ( #110, #1301, #982, #2883 ) ) ;
#989 = STYLED_ITEM ( 'NONE', ( #2203 ), #977 ) ;
#990 = CARTESIAN_POINT ( 'NONE',  ( 1.524000000000002686, -8.649444591070087895, 1.481905069771102035 ) ) ;
#991 = CIRCLE ( 'NONE', #744, 0.7873999999999996557 ) ;
#992 = AXIS2_PLACEMENT_3D ( 'NONE', #2724, #3080, #2129 ) ;
#993 = ORIENTED_EDGE ( 'NONE', *, *, #368, .T. ) ;
#994 =( GEOMETRIC_REPRESENTATION_CONTEXT ( 3 ) GLOBAL_UNCERTAINTY_ASSIGNED_CONTEXT ( ( #32 ) ) GLOBAL_UNIT_ASSIGNED_CONTEXT ( ( #2022, #362, #1020 ) ) REPRESENTATION_CONTEXT ( 'NONE', 'WORKASPACE' ) );
#995 = VECTOR ( 'NONE', #2304, 1000.000000000000000 ) ;
#996 = PRESENTATION_LAYER_ASSIGNMENT (  '', '', ( #848 ) ) ;
#997 = PRESENTATION_STYLE_ASSIGNMENT (( #2680 ) ) ;
#998 = EDGE_CURVE ( 'NONE', #7, #2996, #1462, .T. ) ;
#999 = PRESENTATION_STYLE_ASSIGNMENT (( #3113 ) ) ;
#1000 = STYLED_ITEM ( 'NONE', ( #918 ), #1479 ) ;
#1001 = VERTEX_POINT ( 'NONE', #2898 ) ;
#1002 = FACE_OUTER_BOUND ( 'NONE', #2146, .T. ) ;
#1003 = PRESENTATION_STYLE_ASSIGNMENT (( #1456 ) ) ;
#1004 = VERTEX_POINT ( 'NONE', #556 ) ;
#1005 = UNCERTAINTY_MEASURE_WITH_UNIT (LENGTH_MEASURE( 1.000000000000000082E-05 ), #2508, 'distance_accuracy_value', 'NONE');
#1006 = PLANE ( 'NONE',  #85 ) ;
#1007 = CARTESIAN_POINT ( 'NONE',  ( 1.524000000000002242, -7.303244591070087388, 3.962399999999999700 ) ) ;
#1008 = ORIENTED_EDGE ( 'NONE', *, *, #915, .F. ) ;
#1009 = SURFACE_SIDE_STYLE ('',( #2254 ) ) ;
#1010 = LINE ( 'NONE', #1062, #1486 ) ;
#1011 = EDGE_CURVE ( 'NONE', #2875, #2017, #1973, .T. ) ;
#1012 = EDGE_LOOP ( 'NONE', ( #2414, #2715, #207, #2387, #1593, #3051 ) ) ;
#1013 = ORIENTED_EDGE ( 'NONE', *, *, #220, .T. ) ;
#1014 = CARTESIAN_POINT ( 'NONE',  ( -6.349999999999999645, -8.649444591070091448, 4.457699999999999996 ) ) ;
#1015 =( NAMED_UNIT ( * ) PLANE_ANGLE_UNIT ( ) SI_UNIT ( $, .RADIAN. ) );
#1016 = ORIENTED_EDGE ( 'NONE', *, *, #1970, .F. ) ;
#1017 = CARTESIAN_POINT ( 'NONE',  ( 0.0000000000000000000, -6.148728313236810905, -4.457699999999999996 ) ) ;
#1018 = ADVANCED_FACE ( 'NONE', ( #1477 ), #2217, .F. ) ;
#1019 = FACE_OUTER_BOUND ( 'NONE', #2270, .T. ) ;
#1020 =( NAMED_UNIT ( * ) SI_UNIT ( $, .STERADIAN. ) SOLID_ANGLE_UNIT ( ) );
#1021 = CIRCLE ( 'NONE', #1668, 6.350000000000000533 ) ;
#1022 = CARTESIAN_POINT ( 'NONE',  ( 2.683938692422528582, -3.044328484101059384, 0.0000000000000000000 ) ) ;
#1023 = AXIS2_PLACEMENT_3D ( 'NONE', #2834, #198, #2085 ) ;
#1024 = FILL_AREA_STYLE_COLOUR ( '', #2199 ) ;
#1025 = VECTOR ( 'NONE', #1906, 1000.000000000000000 ) ;
#1026 = PRESENTATION_STYLE_ASSIGNMENT (( #2214 ) ) ;
#1027 = ORIENTED_EDGE ( 'NONE', *, *, #1856, .T. ) ;
#1028 =( NAMED_UNIT ( * ) SI_UNIT ( $, .STERADIAN. ) SOLID_ANGLE_UNIT ( ) );
#1029 = UNCERTAINTY_MEASURE_WITH_UNIT (LENGTH_MEASURE( 1.000000000000000082E-05 ), #1047, 'distance_accuracy_value', 'NONE');
#1030 = LINE ( 'NONE', #846, #1779 ) ;
#1031 =( NAMED_UNIT ( * ) PLANE_ANGLE_UNIT ( ) SI_UNIT ( $, .RADIAN. ) );
#1032 = EDGE_CURVE ( 'NONE', #757, #165, #234, .T. ) ;
#1033 = VERTEX_POINT ( 'NONE', #2494 ) ;
#1034 = ORIENTED_EDGE ( 'NONE', *, *, #987, .T. ) ;
#1035 = STYLED_ITEM ( 'NONE', ( #2390 ), #1018 ) ;
#1036 = DIRECTION ( 'NONE',  ( 0.0000000000000000000, 0.0000000000000000000, -1.000000000000000000 ) ) ;
#1037 =( GEOMETRIC_REPRESENTATION_CONTEXT ( 3 ) GLOBAL_UNCERTAINTY_ASSIGNED_CONTEXT ( ( #2896 ) ) GLOBAL_UNIT_ASSIGNED_CONTEXT ( ( #1591, #3102, #682 ) ) REPRESENTATION_CONTEXT ( 'NONE', 'WORKASPACE' ) );
#1038 = CIRCLE ( 'NONE', #2499, 0.7873999999999999888 ) ;
#1039 = DIRECTION ( 'NONE',  ( -1.000000000000000000, -0.0000000000000000000, 0.0000000000000000000 ) ) ;
#1040 = VECTOR ( 'NONE', #2659, 1000.000000000000000 ) ;
#1041 = PRODUCT ( 'User Library-aa smt battery clip-1', 'User Library-aa smt battery clip-1', '', ( #2637 ) ) ;
#1042 = ORIENTED_EDGE ( 'NONE', *, *, #2124, .T. ) ;
#1043 = DIRECTION ( 'NONE',  ( -1.000000000000000000, -0.0000000000000000000, -0.0000000000000000000 ) ) ;
#1044 = CARTESIAN_POINT ( 'NONE',  ( -5.168900000000000716, -8.954244591070089854, 1.181099999999999817 ) ) ;
#1045 = DIRECTION ( 'NONE',  ( -1.000000000000000000, -0.0000000000000000000, -0.0000000000000000000 ) ) ;
#1046 = ORIENTED_EDGE ( 'NONE', *, *, #2567, .T. ) ;
#1047 =( LENGTH_UNIT ( ) NAMED_UNIT ( * ) SI_UNIT ( .MILLI., .METRE. ) );
#1048 = EDGE_CURVE ( 'NONE', #598, #1223, #2001, .T. ) ;
#1049 = DIRECTION ( 'NONE',  ( 0.0000000000000000000, 1.000000000000000000, 0.0000000000000000000 ) ) ;
#1050 = CARTESIAN_POINT ( 'NONE',  ( 1.396019504201488681, -0.5814900508096272347, 9.830153171714843753E-17 ) ) ;
#1051 = SURFACE_STYLE_USAGE ( .BOTH. , #94 ) ;
#1052 = DIRECTION ( 'NONE',  ( -0.0000000000000000000, -1.000000000000000000, -0.0000000000000000000 ) ) ;
#1053 = DIRECTION ( 'NONE',  ( 0.0000000000000000000, 0.0000000000000000000, -1.000000000000000000 ) ) ;
#1054 = VERTEX_POINT ( 'NONE', #99 ) ;
#1055 = EDGE_CURVE ( 'NONE', #1983, #49, #3049, .T. ) ;
#1056 = FILL_AREA_STYLE_COLOUR ( '', #1623 ) ;
#1057 = DIRECTION ( 'NONE',  ( 1.000000000000000000, 0.0000000000000000000, -1.552186360036513215E-16 ) ) ;
#1058 = AXIS2_PLACEMENT_3D ( 'NONE', #427, #1608, #1792 ) ;
#1059 = CARTESIAN_POINT ( 'NONE',  ( 1.269999999999998463, -8.954244591070089854, -1.181099999999999817 ) ) ;
#1060 = ORIENTED_EDGE ( 'NONE', *, *, #2140, .T. ) ;
#1061 = DIRECTION ( 'NONE',  ( 1.000000000000000000, 0.0000000000000000000, 0.0000000000000000000 ) ) ;
#1062 = CARTESIAN_POINT ( 'NONE',  ( 2.676607184549422147, 7.047746144203708596, -3.962399999999999700 ) ) ;
#1063 = PRESENTATION_STYLE_ASSIGNMENT (( #2470 ) ) ;
#1064 = ADVANCED_FACE ( 'NONE', ( #2465 ), #2012, .T. ) ;
#1065 = DIRECTION ( 'NONE',  ( -1.000000000000000000, -0.0000000000000000000, -0.0000000000000000000 ) ) ;
#1066 = CIRCLE ( 'NONE', #1465, 0.3936999999999999944 ) ;
#1067 = SURFACE_STYLE_USAGE ( .BOTH. , #947 ) ;
#1068 = DIRECTION ( 'NONE',  ( 0.0000000000000000000, -1.000000000000000000, -0.0000000000000000000 ) ) ;
#1069 = ORIENTED_EDGE ( 'NONE', *, *, #876, .F. ) ;
#1070 = AXIS2_PLACEMENT_3D ( 'NONE', #1639, #3084, #2323 ) ;
#1071 = UNCERTAINTY_MEASURE_WITH_UNIT (LENGTH_MEASURE( 1.000000000000000082E-05 ), #1720, 'distance_accuracy_value', 'NONE');
#1072 = FILL_AREA_STYLE ('',( #2967 ) ) ;
#1073 =( NAMED_UNIT ( * ) PLANE_ANGLE_UNIT ( ) SI_UNIT ( $, .RADIAN. ) );
#1074 = PRESENTATION_LAYER_ASSIGNMENT (  '', '', ( #2136 ) ) ;
#1075 = VERTEX_POINT ( 'NONE', #309 ) ;
#1076 = ORIENTED_EDGE ( 'NONE', *, *, #900, .F. ) ;
#1077 = AXIS2_PLACEMENT_3D ( 'NONE', #547, #1965, #1036 ) ;
#1078 = ORIENTED_EDGE ( 'NONE', *, *, #808, .F. ) ;
#1079 = COLOUR_RGB ( '',1.000000000000000000, 0.8666666666666666963, 0.5294117647058823595 ) ;
#1080 = CARTESIAN_POINT ( 'NONE',  ( -6.349999999999999645, -8.954244591070089854, 4.762500000000000178 ) ) ;
#1081 = AXIS2_PLACEMENT_3D ( 'NONE', #1800, #1045, #2477 ) ;
#1082 = CARTESIAN_POINT ( 'NONE',  ( 1.269999999999996909, -8.801844591070091539, 4.457699999999999996 ) ) ;
#1083 = COLOUR_RGB ( '',1.000000000000000000, 0.8666666666666666963, 0.5294117647058823595 ) ;
#1084 = ADVANCED_FACE ( 'NONE', ( #2980 ), #1264, .F. ) ;
#1085 = STYLED_ITEM ( 'NONE', ( #3000 ), #2634 ) ;
#1086 = CARTESIAN_POINT ( 'NONE',  ( 1.524000000000002686, -8.954244591070091630, 1.481905069771102035 ) ) ;
#1087 =( GEOMETRIC_REPRESENTATION_CONTEXT ( 3 ) GLOBAL_UNCERTAINTY_ASSIGNED_CONTEXT ( ( #445 ) ) GLOBAL_UNIT_ASSIGNED_CONTEXT ( ( #1782, #1516, #2964 ) ) REPRESENTATION_CONTEXT ( 'NONE', 'WORKASPACE' ) );
#1088 = DIRECTION ( 'NONE',  ( 0.0000000000000000000, 0.0000000000000000000, -1.000000000000000000 ) ) ;
#1089 = ORIENTED_EDGE ( 'NONE', *, *, #2672, .F. ) ;
#1090 = PRESENTATION_STYLE_ASSIGNMENT (( #678 ) ) ;
#1091 = DIRECTION ( 'NONE',  ( 0.0000000000000000000, 0.0000000000000000000, -1.000000000000000000 ) ) ;
#1092 = CYLINDRICAL_SURFACE ( 'NONE', #292, 0.3936999999999999944 ) ;
#1093 = FILL_AREA_STYLE ('',( #134 ) ) ;
#1094 = PRODUCT_DEFINITION_CONTEXT ( 'detailed design', #2335, 'design' ) ;
#1095 = FILL_AREA_STYLE ('',( #1806 ) ) ;
#1096 = ORIENTED_EDGE ( 'NONE', *, *, #2696, .F. ) ;
#1097 = CARTESIAN_POINT ( 'NONE',  ( 0.0000000000000000000, 6.748286867988289472, 5.748196021999999239 ) ) ;
#1098 = FACE_OUTER_BOUND ( 'NONE', #3087, .T. ) ;
#1099 = EDGE_CURVE ( 'NONE', #652, #1223, #1839, .T. ) ;
#1100 = ORIENTED_EDGE ( 'NONE', *, *, #2527, .F. ) ;
#1101 = FILL_AREA_STYLE ('',( #645 ) ) ;
#1102 = SURFACE_STYLE_FILL_AREA ( #132 ) ;
#1103 = FACE_OUTER_BOUND ( 'NONE', #2673, .T. ) ;
#1104 = ADVANCED_FACE ( 'NONE', ( #1103 ), #2570, .F. ) ;
#1105 = ORIENTED_EDGE ( 'NONE', *, *, #359, .T. ) ;
#1106 = EDGE_LOOP ( 'NONE', ( #3046, #2757, #2858 ) ) ;
#1107 = DIRECTION ( 'NONE',  ( -1.000000000000000000, -0.0000000000000000000, -0.0000000000000000000 ) ) ;
#1108 = DIRECTION ( 'NONE',  ( -0.0000000000000000000, -1.000000000000000000, -0.0000000000000000000 ) ) ;
#1109 = VECTOR ( 'NONE', #2173, 1000.000000000000000 ) ;
#1110 = VERTEX_POINT ( 'NONE', #1397 ) ;
#1111 = DIRECTION ( 'NONE',  ( -1.000000000000000000, 0.0000000000000000000, -1.835919350580821157E-16 ) ) ;
#1112 = EDGE_CURVE ( 'NONE', #784, #664, #1433, .T. ) ;
#1113 = SURFACE_STYLE_FILL_AREA ( #2765 ) ;
#1114 = LINE ( 'NONE', #452, #2599 ) ;
#1115 = DIRECTION ( 'NONE',  ( 0.0000000000000000000, 1.000000000000000000, 0.0000000000000000000 ) ) ;
#1116 = ORIENTED_EDGE ( 'NONE', *, *, #1658, .F. ) ;
#1117 = CARTESIAN_POINT ( 'NONE',  ( 1.181458938038961515, 0.2013791595400925283, 0.0000000000000000000 ) ) ;
#1118 = DIRECTION ( 'NONE',  ( 0.0000000000000000000, 0.0000000000000000000, -1.000000000000000000 ) ) ;
#1119 = AXIS2_PLACEMENT_3D ( 'NONE', #251, #702, #1210 ) ;
#1120 = CIRCLE ( 'NONE', #1561, 7.899399999999997313 ) ;
#1121 =( LENGTH_UNIT ( ) NAMED_UNIT ( * ) SI_UNIT ( .MILLI., .METRE. ) );
#1122 = ORIENTED_EDGE ( 'NONE', *, *, #1759, .T. ) ;
#1123 = CARTESIAN_POINT ( 'NONE',  ( -6.350000000000001421, -8.573244591070091403, 0.7873999999999997668 ) ) ;
#1124 = PRESENTATION_STYLE_ASSIGNMENT (( #699 ) ) ;
#1125 = ADVANCED_FACE ( 'NONE', ( #196 ), #648, .T. ) ;
#1126 = AXIS2_PLACEMENT_3D ( 'NONE', #1260, #2730, #783 ) ;
#1127 = ORIENTED_EDGE ( 'NONE', *, *, #327, .F. ) ;
#1128 = CARTESIAN_POINT ( 'NONE',  ( 2.415500097802101731, -0.7813215491765461707, 1.395406928899591091E-16 ) ) ;
#1129 = CARTESIAN_POINT ( 'NONE',  ( 2.860827749610138415, -7.144669662811236499, 3.962399999999999700 ) ) ;
#1130 = SURFACE_STYLE_FILL_AREA ( #2603 ) ;
#1131 = MECHANICAL_DESIGN_GEOMETRIC_PRESENTATION_REPRESENTATION (  '', ( #2706 ), #333 ) ;
#1132 = EDGE_LOOP ( 'NONE', ( #1533, #394, #400, #1713 ) ) ;
#1133 = PRESENTATION_LAYER_ASSIGNMENT (  '', '', ( #834 ) ) ;
#1134 = CARTESIAN_POINT ( 'NONE',  ( 1.711058163179627778, 2.548185983883973105, -4.536168959478112939 ) ) ;
#1135 =( GEOMETRIC_REPRESENTATION_CONTEXT ( 3 ) GLOBAL_UNCERTAINTY_ASSIGNED_CONTEXT ( ( #1366 ) ) GLOBAL_UNIT_ASSIGNED_CONTEXT ( ( #979, #516, #1228 ) ) REPRESENTATION_CONTEXT ( 'NONE', 'WORKASPACE' ) );
#1136 = LINE ( 'NONE', #1852, #1240 ) ;
#1137 = PRESENTATION_LAYER_ASSIGNMENT (  '', '', ( #2448 ) ) ;
#1138 = CARTESIAN_POINT ( 'NONE',  ( -6.349999999999999645, 5.781483591772214048, -4.924672236613178988 ) ) ;
#1139 = EDGE_LOOP ( 'NONE', ( #1160, #2198 ) ) ;
#1140 = LINE ( 'NONE', #1353, #2792 ) ;
#1141 = COLOUR_RGB ( '',1.000000000000000000, 0.8666666666666666963, 0.5294117647058823595 ) ;
#1142 = AXIS2_PLACEMENT_3D ( 'NONE', #2165, #3120, #438 ) ;
#1143 = EDGE_CURVE ( 'NONE', #49, #2558, #1136, .T. ) ;
#1144 = EDGE_LOOP ( 'NONE', ( #86, #2631, #2605 ) ) ;
#1145 =( NAMED_UNIT ( * ) PLANE_ANGLE_UNIT ( ) SI_UNIT ( $, .RADIAN. ) );
#1146 = ADVANCED_FACE ( 'NONE', ( #694 ), #1637, .T. ) ;
#1147 = PRESENTATION_STYLE_ASSIGNMENT (( #1833 ) ) ;
#1148 = EDGE_LOOP ( 'NONE', ( #1449, #3121, #1155, #768 ) ) ;
#1149 = CARTESIAN_POINT ( 'NONE',  ( 1.181458938038960182, 0.2013791595400926948, -2.125833050385704089E-16 ) ) ;
#1150 = CARTESIAN_POINT ( 'NONE',  ( 1.663654617641595834, -8.642181120503234837, 1.067342207260607578 ) ) ;
#1151 = B_SPLINE_CURVE_WITH_KNOTS ( 'NONE', 3,
 ( #2587, #2054, #1150, #3079, #1866, #693 ),
 .UNSPECIFIED., .F., .F.,
 ( 4, 2, 4 ),
 ( 7.818293051731876896E-19, 0.0003407039648317706647, 0.0006814079296635405705 ),
 .UNSPECIFIED. ) ;
#1152 = FILL_AREA_STYLE ('',( #2064 ) ) ;
#1153 = EDGE_CURVE ( 'NONE', #652, #2227, #1577, .T. ) ;
#1154 = CARTESIAN_POINT ( 'NONE',  ( -6.349999999999999645, -6.148728313236810905, -4.457699999999999996 ) ) ;
#1155 = ORIENTED_EDGE ( 'NONE', *, *, #941, .F. ) ;
#1156 = CARTESIAN_POINT ( 'NONE',  ( 1.269999999999998463, -8.573244591070091403, -1.574799999999999978 ) ) ;
#1157 = UNCERTAINTY_MEASURE_WITH_UNIT (LENGTH_MEASURE( 1.000000000000000082E-05 ), #1542, 'distance_accuracy_value', 'NONE');
#1158 = CARTESIAN_POINT ( 'NONE',  ( -6.349999999999999645, 0.0000000000000000000, 0.0000000000000000000 ) ) ;
#1159 = UNCERTAINTY_MEASURE_WITH_UNIT (LENGTH_MEASURE( 1.000000000000000082E-05 ), #2795, 'distance_accuracy_value', 'NONE');
#1160 = ORIENTED_EDGE ( 'NONE', *, *, #2025, .F. ) ;
#1161 = PLANE ( 'NONE',  #777 ) ;
#1162 = CARTESIAN_POINT ( 'NONE',  ( 0.0000000000000000000, 5.781483591772213160, -4.924672236613178100 ) ) ;
#1163 = SURFACE_STYLE_FILL_AREA ( #1451 ) ;
#1164 = CIRCLE ( 'NONE', #1712, 0.9652000000000002800 ) ;
#1165 = ADVANCED_FACE ( 'NONE', ( #291 ), #2178, .F. ) ;
#1166 = CYLINDRICAL_SURFACE ( 'NONE', #1528, 7.594599999999996243 ) ;
#1167 = SURFACE_STYLE_USAGE ( .BOTH. , #2099 ) ;
#1168 = COLOUR_RGB ( '',1.000000000000000000, 0.8666666666666666963, 0.5294117647058823595 ) ;
#1169 = VERTEX_POINT ( 'NONE', #739 ) ;
#1170 = LINE ( 'NONE', #2586, #2892 ) ;
#1171 = DIRECTION ( 'NONE',  ( 0.0000000000000000000, 0.0000000000000000000, 1.000000000000000000 ) ) ;
#1172 = DIRECTION ( 'NONE',  ( -1.000000000000000000, -0.0000000000000000000, 0.0000000000000000000 ) ) ;
#1173 = VERTEX_POINT ( 'NONE', #2403 ) ;
#1174 = FILL_AREA_STYLE_COLOUR ( '', #1314 ) ;
#1175 = CARTESIAN_POINT ( 'NONE',  ( 2.925553504003455263, 6.926072257356885586, 3.962399999999999700 ) ) ;
#1176 = CARTESIAN_POINT ( 'NONE',  ( -6.045200000000003904, -13.01824459107008991, -0.7874000000000009880 ) ) ;
#1177 = PRESENTATION_LAYER_ASSIGNMENT (  '', '', ( #533 ) ) ;
#1178 = ORIENTED_EDGE ( 'NONE', *, *, #2003, .F. ) ;
#1179 = SURFACE_STYLE_FILL_AREA ( #2618 ) ;
#1180 = CIRCLE ( 'NONE', #2234, 0.7873999999999999888 ) ;
#1181 = CYLINDRICAL_SURFACE ( 'NONE', #2990, 0.7873999999999996557 ) ;
#1182 = PRESENTATION_LAYER_ASSIGNMENT (  '', '', ( #1933 ) ) ;
#1183 = SURFACE_SIDE_STYLE ('',( #1213 ) ) ;
#1184 = CARTESIAN_POINT ( 'NONE',  ( 1.422399999999995446, -12.23084459107009003, -0.7874000000000007660 ) ) ;
#1185 = MECHANICAL_DESIGN_GEOMETRIC_PRESENTATION_REPRESENTATION (  '', ( #2854 ), #495 ) ;
#1186 = ADVANCED_FACE ( 'NONE', ( #1217 ), #1685, .F. ) ;
#1187 = VERTEX_POINT ( 'NONE', #1743 ) ;
#1188 = VECTOR ( 'NONE', #1882, 1000.000000000000000 ) ;
#1189 = CARTESIAN_POINT ( 'NONE',  ( 0.0000000000000000000, 0.0000000000000000000, -7.594599999999998907 ) ) ;
#1190 =( NAMED_UNIT ( * ) SI_UNIT ( $, .STERADIAN. ) SOLID_ANGLE_UNIT ( ) );
#1191 = MECHANICAL_DESIGN_GEOMETRIC_PRESENTATION_REPRESENTATION (  '', ( #989 ), #1281 ) ;
#1192 =( GEOMETRIC_REPRESENTATION_CONTEXT ( 3 ) GLOBAL_UNCERTAINTY_ASSIGNED_CONTEXT ( ( #970 ) ) GLOBAL_UNIT_ASSIGNED_CONTEXT ( ( #3111, #2633, #214 ) ) REPRESENTATION_CONTEXT ( 'NONE', 'WORKASPACE' ) );
#1193 = CARTESIAN_POINT ( 'NONE',  ( -6.197600000000000442, -8.649444591070091448, 4.457699999999999996 ) ) ;
#1194 = ORIENTED_EDGE ( 'NONE', *, *, #3033, .T. ) ;
#1195 = VECTOR ( 'NONE', #1172, 1000.000000000000000 ) ;
#1196 = CARTESIAN_POINT ( 'NONE',  ( -2.006600000000001494, -8.649444591070091448, -1.574799999999999756 ) ) ;
#1197 = DIRECTION ( 'NONE',  ( 0.0000000000000000000, -1.000000000000000000, 0.0000000000000000000 ) ) ;
#1198 = DIRECTION ( 'NONE',  ( -0.1177944794672776407, 0.9930379955505393985, 0.0000000000000000000 ) ) ;
#1199 = COLOUR_RGB ( '',1.000000000000000000, 0.8666666666666666963, 0.5294117647058823595 ) ;
#1200 = STYLED_ITEM ( 'NONE', ( #2083 ), #2814 ) ;
#1201 =( LENGTH_UNIT ( ) NAMED_UNIT ( * ) SI_UNIT ( .MILLI., .METRE. ) );
#1202 = CARTESIAN_POINT ( 'NONE',  ( 1.663654617641596500, -8.642181120503234837, -1.294857792739392943 ) ) ;
#1203 = ORIENTED_EDGE ( 'NONE', *, *, #93, .F. ) ;
#1204 = LINE ( 'NONE', #756, #933 ) ;
#1205 = EDGE_CURVE ( 'NONE', #129, #2315, #1981, .T. ) ;
#1206 = FILL_AREA_STYLE ('',( #248 ) ) ;
#1207 = EDGE_LOOP ( 'NONE', ( #2090, #212, #2463, #1355 ) ) ;
#1208 =( NAMED_UNIT ( * ) SI_UNIT ( $, .STERADIAN. ) SOLID_ANGLE_UNIT ( ) );
#1209 = CARTESIAN_POINT ( 'NONE',  ( 1.524000000000002242, -7.303244591070091829, 3.962399999999999700 ) ) ;
#1210 = DIRECTION ( 'NONE',  ( 0.0000000000000000000, 1.000000000000000000, -3.270675728152875395E-16 ) ) ;
#1211 = EDGE_LOOP ( 'NONE', ( #1497, #1274, #2524, #1358 ) ) ;
#1212 = PRESENTATION_STYLE_ASSIGNMENT (( #483 ) ) ;
#1213 = SURFACE_STYLE_FILL_AREA ( #2635 ) ;
#1214 = EDGE_CURVE ( 'NONE', #2315, #1004, #838, .T. ) ;
#1215 = ORIENTED_EDGE ( 'NONE', *, *, #88, .F. ) ;
#1216 = CARTESIAN_POINT ( 'NONE',  ( -6.349999999999999645, 6.748286867988289472, 5.748196021999999239 ) ) ;
#1217 = FACE_OUTER_BOUND ( 'NONE', #1313, .T. ) ;
#1218 = ORIENTED_EDGE ( 'NONE', *, *, #383, .F. ) ;
#1219 = UNCERTAINTY_MEASURE_WITH_UNIT (LENGTH_MEASURE( 1.000000000000000082E-05 ), #2094, 'distance_accuracy_value', 'NONE');
#1220 = FILL_AREA_STYLE ('',( #494 ) ) ;
#1221 = DIRECTION ( 'NONE',  ( -0.0000000000000000000, 0.0000000000000000000, -1.000000000000000000 ) ) ;
#1222 =( NAMED_UNIT ( * ) PLANE_ANGLE_UNIT ( ) SI_UNIT ( $, .RADIAN. ) );
#1223 = VERTEX_POINT ( 'NONE', #1543 ) ;
#1224 = ADVANCED_FACE ( 'NONE', ( #587 ), #304, .T. ) ;
#1225 = AXIS2_PLACEMENT_3D ( 'NONE', #1176, #2171, #2856 ) ;
#1226 = DIRECTION ( 'NONE',  ( 1.835919350580823375E-16, 0.0000000000000000000, -1.000000000000000000 ) ) ;
#1227 = VECTOR ( 'NONE', #1057, 1000.000000000000000 ) ;
#1228 =( NAMED_UNIT ( * ) SI_UNIT ( $, .STERADIAN. ) SOLID_ANGLE_UNIT ( ) );
#1229 = VECTOR ( 'NONE', #2768, 1000.000000000000000 ) ;
#1230 = CARTESIAN_POINT ( 'NONE',  ( 1.524000000000002242, -8.649444591070087895, 3.962399999999999700 ) ) ;
#1231 = ORIENTED_EDGE ( 'NONE', *, *, #1461, .T. ) ;
#1232 = VECTOR ( 'NONE', #2349, 1000.000000000000000 ) ;
#1233 = LINE ( 'NONE', #256, #2279 ) ;
#1234 =( GEOMETRIC_REPRESENTATION_CONTEXT ( 3 ) GLOBAL_UNCERTAINTY_ASSIGNED_CONTEXT ( ( #1945 ) ) GLOBAL_UNIT_ASSIGNED_CONTEXT ( ( #2411, #20, #2174 ) ) REPRESENTATION_CONTEXT ( 'NONE', 'WORKASPACE' ) );
#1235 = ORIENTED_EDGE ( 'NONE', *, *, #1618, .F. ) ;
#1236 = CYLINDRICAL_SURFACE ( 'NONE', #2348, 1.574799999999999756 ) ;
#1237 = VECTOR ( 'NONE', #1221, 1000.000000000000000 ) ;
#1238 =( LENGTH_UNIT ( ) NAMED_UNIT ( * ) SI_UNIT ( .MILLI., .METRE. ) );
#1239 = CARTESIAN_POINT ( 'NONE',  ( -6.349999999999999645, -8.801844591070091539, 4.457699999999999996 ) ) ;
#1240 = VECTOR ( 'NONE', #679, 1000.000000000000000 ) ;
#1241 = EDGE_LOOP ( 'NONE', ( #345, #913 ) ) ;
#1242 = DIRECTION ( 'NONE',  ( -1.000000000000000000, -0.0000000000000000000, -0.0000000000000000000 ) ) ;
#1243 = EDGE_CURVE ( 'NONE', #1075, #2611, #2096, .T. ) ;
#1244 = AXIS2_PLACEMENT_3D ( 'NONE', #2421, #258, #2202 ) ;
#1245 = CIRCLE ( 'NONE', #135, 7.899400000000000865 ) ;
#1246 = FILL_AREA_STYLE ('',( #2004 ) ) ;
#1247 = CARTESIAN_POINT ( 'NONE',  ( 1.711058163179629110, 2.548185983883974437, 0.0000000000000000000 ) ) ;
#1248 = CARTESIAN_POINT ( 'NONE',  ( -5.168900000000000716, -8.649444591070091448, -1.574800000000000200 ) ) ;
#1249 = EDGE_CURVE ( 'NONE', #909, #1075, #2462, .T. ) ;
#1250 = ORIENTED_EDGE ( 'NONE', *, *, #2020, .T. ) ;
#1251 = ORIENTED_EDGE ( 'NONE', *, *, #1342, .T. ) ;
#1252 = PRESENTATION_STYLE_ASSIGNMENT (( #958 ) ) ;
#1253 = PRESENTATION_STYLE_ASSIGNMENT (( #296 ) ) ;
#1254 =( NAMED_UNIT ( * ) PLANE_ANGLE_UNIT ( ) SI_UNIT ( $, .RADIAN. ) );
#1255 = EDGE_CURVE ( 'NONE', #2875, #7, #2007, .T. ) ;
#1256 = ORIENTED_EDGE ( 'NONE', *, *, #220, .F. ) ;
#1257 = CARTESIAN_POINT ( 'NONE',  ( 0.0000000000000000000, -8.954244591070089854, -3.962399999999999700 ) ) ;
#1258 = ORIENTED_EDGE ( 'NONE', *, *, #2239, .F. ) ;
#1259 = ADVANCED_FACE ( 'NONE', ( #561 ), #605, .F. ) ;
#1260 = CARTESIAN_POINT ( 'NONE',  ( -2.006600000000001494, -8.954244591070089854, -3.048390812437590819E-16 ) ) ;
#1261 = CARTESIAN_POINT ( 'NONE',  ( 1.269999999999998463, -8.573244591070091403, -1.181099999999999817 ) ) ;
#1262 = ORIENTED_EDGE ( 'NONE', *, *, #2741, .F. ) ;
#1263 = SURFACE_SIDE_STYLE ('',( #2029 ) ) ;
#1264 = PLANE ( 'NONE',  #992 ) ;
#1265 = ORIENTED_EDGE ( 'NONE', *, *, #1055, .T. ) ;
#1266 = ORIENTED_EDGE ( 'NONE', *, *, #484, .T. ) ;
#1267 = STYLED_ITEM ( 'NONE', ( #2049 ), #1932 ) ;
#1268 = DIRECTION ( 'NONE',  ( -0.0000000000000000000, -1.000000000000000000, 0.0000000000000000000 ) ) ;
#1269 = SURFACE_STYLE_FILL_AREA ( #1284 ) ;
#1270 = CARTESIAN_POINT ( 'NONE',  ( 1.524000000000002242, -7.303244591070087388, -3.962399999999999700 ) ) ;
#1271 = CIRCLE ( 'NONE', #2437, 0.7873999999999996557 ) ;
#1272 = SURFACE_STYLE_USAGE ( .BOTH. , #1312 ) ;
#1273 = EDGE_CURVE ( 'NONE', #2227, #2409, #1848, .T. ) ;
#1274 = ORIENTED_EDGE ( 'NONE', *, *, #900, .T. ) ;
#1275 = PLANE ( 'NONE',  #1419 ) ;
#1276 =( LENGTH_UNIT ( ) NAMED_UNIT ( * ) SI_UNIT ( .MILLI., .METRE. ) );
#1277 = DIRECTION ( 'NONE',  ( -1.000000000000000000, 0.0000000000000000000, 0.0000000000000000000 ) ) ;
#1278 = CIRCLE ( 'NONE', #1077, 1.574799999999999756 ) ;
#1279 = ORIENTED_EDGE ( 'NONE', *, *, #1461, .F. ) ;
#1280 = CARTESIAN_POINT ( 'NONE',  ( 1.524000000000002686, -8.954244591070089854, 4.762500000000000178 ) ) ;
#1281 =( GEOMETRIC_REPRESENTATION_CONTEXT ( 3 ) GLOBAL_UNCERTAINTY_ASSIGNED_CONTEXT ( ( #271 ) ) GLOBAL_UNIT_ASSIGNED_CONTEXT ( ( #1238, #1015, #2663 ) ) REPRESENTATION_CONTEXT ( 'NONE', 'WORKASPACE' ) );
#1282 = COLOUR_RGB ( '',1.000000000000000000, 0.8666666666666666963, 0.5294117647058823595 ) ;
#1283 = CIRCLE ( 'NONE', #2600, 1.650999999999999801 ) ;
#1284 = FILL_AREA_STYLE ('',( #1469 ) ) ;
#1285 = STYLED_ITEM ( 'NONE', ( #1901 ), #1359 ) ;
#1286 = UNCERTAINTY_MEASURE_WITH_UNIT (LENGTH_MEASURE( 1.000000000000000082E-05 ), #2081, 'distance_accuracy_value', 'NONE');
#1287 = FILL_AREA_STYLE_COLOUR ( '', #1675 ) ;
#1288 = CARTESIAN_POINT ( 'NONE',  ( -6.349999999999999645, -8.954244591070089854, 1.574799999999999534 ) ) ;
#1289 = AXIS2_PLACEMENT_3D ( 'NONE', #229, #491, #1431 ) ;
#1290 = ORIENTED_EDGE ( 'NONE', *, *, #2488, .T. ) ;
#1291 = UNCERTAINTY_MEASURE_WITH_UNIT (LENGTH_MEASURE( 1.000000000000000082E-05 ), #1434, 'distance_accuracy_value', 'NONE');
#1292 = CARTESIAN_POINT ( 'NONE',  ( 2.725341296283454451, -6.002483741669202288, -2.500692515877084521 ) ) ;
#1293 = CARTESIAN_POINT ( 'NONE',  ( 1.269999999999998463, -8.954244591070089854, 0.7873999999999997668 ) ) ;
#1294 = EDGE_CURVE ( 'NONE', #1441, #66, #1636, .T. ) ;
#1295 = ORIENTED_EDGE ( 'NONE', *, *, #505, .T. ) ;
#1296 = EDGE_CURVE ( 'NONE', #460, #2061, #1114, .T. ) ;
#1297 = DIRECTION ( 'NONE',  ( 1.835919350580821157E-16, 0.0000000000000000000, -1.000000000000000000 ) ) ;
#1298 = FACE_OUTER_BOUND ( 'NONE', #988, .T. ) ;
#1299 = EDGE_CURVE ( 'NONE', #2611, #1929, #2507, .T. ) ;
#1300 = LINE ( 'NONE', #34, #279 ) ;
#1301 = ORIENTED_EDGE ( 'NONE', *, *, #1595, .T. ) ;
#1302 = LINE ( 'NONE', #2750, #2187 ) ;
#1303 = DIRECTION ( 'NONE',  ( -1.000000000000000000, 0.0000000000000000000, 0.0000000000000000000 ) ) ;
#1304 = CARTESIAN_POINT ( 'NONE',  ( 1.524000000000002242, -8.649444591070089672, 3.962399999999999700 ) ) ;
#1305 = ORIENTED_EDGE ( 'NONE', *, *, #998, .F. ) ;
#1306 = ORIENTED_EDGE ( 'NONE', *, *, #266, .T. ) ;
#1307 = CIRCLE ( 'NONE', #2013, 0.1524000000000000077 ) ;
#1308 = EDGE_CURVE ( 'NONE', #45, #2833, #1372, .T. ) ;
#1309 = ORIENTED_EDGE ( 'NONE', *, *, #3023, .T. ) ;
#1310 = FACE_OUTER_BOUND ( 'NONE', #358, .T. ) ;
#1311 = CARTESIAN_POINT ( 'NONE',  ( 1.117599999999996818, -8.573244591070091403, -0.7874000000000000998 ) ) ;
#1312 = SURFACE_SIDE_STYLE ('',( #552 ) ) ;
#1313 = EDGE_LOOP ( 'NONE', ( #993, #697, #103, #246, #3019, #422, #1964, #1100 ) ) ;
#1314 = COLOUR_RGB ( '',1.000000000000000000, 0.8666666666666666963, 0.5294117647058823595 ) ;
#1315 = CARTESIAN_POINT ( 'NONE',  ( -5.168900000000000716, -8.954244591070089854, 0.7873999999999999888 ) ) ;
#1316 = DIRECTION ( 'NONE',  ( 0.0000000000000000000, 0.0000000000000000000, 1.000000000000000000 ) ) ;
#1317 = AXIS2_PLACEMENT_3D ( 'NONE', #1562, #194, #1584 ) ;
#1318 = CARTESIAN_POINT ( 'NONE',  ( 0.0000000000000000000, -8.954244591070089854, 0.0000000000000000000 ) ) ;
#1319 = CYLINDRICAL_SURFACE ( 'NONE', #268, 0.7873999999999996557 ) ;
#1320 = CIRCLE ( 'NONE', #1126, 1.574799999999999756 ) ;
#1321 = SURFACE_SIDE_STYLE ('',( #376 ) ) ;
#1322 =( GEOMETRIC_REPRESENTATION_CONTEXT ( 3 ) GLOBAL_UNCERTAINTY_ASSIGNED_CONTEXT ( ( #2200 ) ) GLOBAL_UNIT_ASSIGNED_CONTEXT ( ( #299, #1740, #2440 ) ) REPRESENTATION_CONTEXT ( 'NONE', 'WORKASPACE' ) );
#1323 = EDGE_LOOP ( 'NONE', ( #1266, #628, #2779, #857 ) ) ;
#1324 = LINE ( 'NONE', #2057, #1829 ) ;
#1325 = AXIS2_PLACEMENT_3D ( 'NONE', #1209, #2170, #297 ) ;
#1326 = ADVANCED_FACE ( 'NONE', ( #2350 ), #1346, .T. ) ;
#1327 = LINE ( 'NONE', #1830, #2571 ) ;
#1328 = CARTESIAN_POINT ( 'NONE',  ( -5.168900000000000716, -8.954244591070089854, 1.574799999999999534 ) ) ;
#1329 = PRESENTATION_LAYER_ASSIGNMENT (  '', '', ( #2859 ) ) ;
#1330 = COLOUR_RGB ( '',1.000000000000000000, 0.8666666666666666963, 0.5294117647058823595 ) ;
#1331 = VECTOR ( 'NONE', #2407, 1000.000000000000000 ) ;
#1332 = ADVANCED_FACE ( 'NONE', ( #1812 ), #2060, .T. ) ;
#1333 = MECHANICAL_DESIGN_GEOMETRIC_PRESENTATION_REPRESENTATION (  '', ( #2347 ), #1087 ) ;
#1334 = CARTESIAN_POINT ( 'NONE',  ( -6.349999999999999645, 7.690151546602118415, 4.896262381873219383 ) ) ;
#1335 = ORIENTED_EDGE ( 'NONE', *, *, #2190, .T. ) ;
#1336 = FILL_AREA_STYLE_COLOUR ( '', #1515 ) ;
#1337 = DIRECTION ( 'NONE',  ( 0.0000000000000000000, 0.0000000000000000000, -1.000000000000000000 ) ) ;
#1338 = STYLED_ITEM ( 'NONE', ( #473 ), #2940 ) ;
#1339 = LINE ( 'NONE', #1820, #654 ) ;
#1340 = ORIENTED_EDGE ( 'NONE', *, *, #1914, .F. ) ;
#1341 = ORIENTED_EDGE ( 'NONE', *, *, #3119, .F. ) ;
#1342 = EDGE_CURVE ( 'NONE', #59, #2833, #87, .T. ) ;
#1343 = CARTESIAN_POINT ( 'NONE',  ( 1.117599999999996374, -12.23084459107009003, -2.168404344971009361E-16 ) ) ;
#1344 = ORIENTED_EDGE ( 'NONE', *, *, #1373, .T. ) ;
#1345 = FILL_AREA_STYLE ('',( #1555 ) ) ;
#1346 = PLANE ( 'NONE',  #2812 ) ;
#1347 = LINE ( 'NONE', #916, #583 ) ;
#1348 = EDGE_CURVE ( 'NONE', #2460, #338, #2657, .T. ) ;
#1349 = ORIENTED_EDGE ( 'NONE', *, *, #1296, .F. ) ;
#1350 = DIRECTION ( 'NONE',  ( 0.0000000000000000000, 0.0000000000000000000, -1.000000000000000000 ) ) ;
#1351 = DIRECTION ( 'NONE',  ( 0.1177944794672776407, -0.9930379955505392875, 0.0000000000000000000 ) ) ;
#1352 = VERTEX_POINT ( 'NONE', #1917 ) ;
#1353 = CARTESIAN_POINT ( 'NONE',  ( -6.349999999999999645, -6.148728313236809129, 4.457699999999996443 ) ) ;
#1354 = DIRECTION ( 'NONE',  ( -0.1177944794672777656, 0.9930379955505392875, 0.0000000000000000000 ) ) ;
#1355 = ORIENTED_EDGE ( 'NONE', *, *, #544, .T. ) ;
#1356 = SURFACE_STYLE_FILL_AREA ( #1345 ) ;
#1357 =( GEOMETRIC_REPRESENTATION_CONTEXT ( 3 ) GLOBAL_UNCERTAINTY_ASSIGNED_CONTEXT ( ( #2749 ) ) GLOBAL_UNIT_ASSIGNED_CONTEXT ( ( #1674, #2647, #2 ) ) REPRESENTATION_CONTEXT ( 'NONE', 'WORKASPACE' ) );
#1358 = ORIENTED_EDGE ( 'NONE', *, *, #2728, .F. ) ;
#1359 = ADVANCED_FACE ( 'NONE', ( #2682 ), #1166, .F. ) ;
#1360 = STYLED_ITEM ( 'NONE', ( #2339 ), #236 ) ;
#1361 = CARTESIAN_POINT ( 'NONE',  ( 0.0000000000000000000, 7.464104023734813964, -5.100726455503646228 ) ) ;
#1362 = ORIENTED_EDGE ( 'NONE', *, *, #1112, .T. ) ;
#1363 = SURFACE_STYLE_USAGE ( .BOTH. , #2574 ) ;
#1364 = PRESENTATION_LAYER_ASSIGNMENT (  '', '', ( #2334 ) ) ;
#1365 = STYLED_ITEM ( 'NONE', ( #2258 ), #589 ) ;
#1366 = UNCERTAINTY_MEASURE_WITH_UNIT (LENGTH_MEASURE( 1.000000000000000082E-05 ), #979, 'distance_accuracy_value', 'NONE');
#1367 = ORIENTED_EDGE ( 'NONE', *, *, #1205, .F. ) ;
#1368 = DIRECTION ( 'NONE',  ( -1.000000000000000000, -0.0000000000000000000, -0.0000000000000000000 ) ) ;
#1369 =( GEOMETRIC_REPRESENTATION_CONTEXT ( 3 ) GLOBAL_UNCERTAINTY_ASSIGNED_CONTEXT ( ( #30 ) ) GLOBAL_UNIT_ASSIGNED_CONTEXT ( ( #79, #2244, #817 ) ) REPRESENTATION_CONTEXT ( 'NONE', 'WORKASPACE' ) );
#1370 = CIRCLE ( 'NONE', #886, 0.9652000000000002800 ) ;
#1371 = CYLINDRICAL_SURFACE ( 'NONE', #1877, 1.270000000000000240 ) ;
#1372 = LINE ( 'NONE', #3042, #2295 ) ;
#1373 = EDGE_CURVE ( 'NONE', #3117, #2736, #2379, .T. ) ;
#1374 = PRESENTATION_LAYER_ASSIGNMENT (  '', '', ( #332 ) ) ;
#1375 = DIRECTION ( 'NONE',  ( 1.000000000000000000, 0.0000000000000000000, -0.0000000000000000000 ) ) ;
#1376 = EDGE_LOOP ( 'NONE', ( #1545, #1096, #592, #1571 ) ) ;
#1377 = VECTOR ( 'NONE', #403, 1000.000000000000000 ) ;
#1378 = LINE ( 'NONE', #1799, #704 ) ;
#1379 = AXIS2_PLACEMENT_3D ( 'NONE', #2486, #2935, #2950 ) ;
#1380 = FILL_AREA_STYLE_COLOUR ( '', #40 ) ;
#1381 = VECTOR ( 'NONE', #2069, 1000.000000000000000 ) ;
#1382 = FACE_OUTER_BOUND ( 'NONE', #1148, .T. ) ;
#1383 = ORIENTED_EDGE ( 'NONE', *, *, #888, .T. ) ;
#1384 = CARTESIAN_POINT ( 'NONE',  ( 1.524000000000002242, -8.954244591070089854, -3.962399999999999700 ) ) ;
#1385 = STYLED_ITEM ( 'NONE', ( #1090 ), #2717 ) ;
#1386 = SURFACE_STYLE_USAGE ( .BOTH. , #462 ) ;
#1387 = DIRECTION ( 'NONE',  ( 0.0000000000000000000, 0.0000000000000000000, -1.000000000000000000 ) ) ;
#1388 = VECTOR ( 'NONE', #2533, 1000.000000000000114 ) ;
#1389 = ADVANCED_FACE ( 'NONE', ( #530 ), #2161, .T. ) ;
#1390 = SURFACE_SIDE_STYLE ('',( #263 ) ) ;
#1391 = DIRECTION ( 'NONE',  ( 1.000000000000000000, 0.0000000000000000000, -0.0000000000000000000 ) ) ;
#1392 = CARTESIAN_POINT ( 'NONE',  ( 0.0000000000000000000, 0.0000000000000000000, 0.0000000000000000000 ) ) ;
#1393 =( LENGTH_UNIT ( ) NAMED_UNIT ( * ) SI_UNIT ( .MILLI., .METRE. ) );
#1394 = ORIENTED_EDGE ( 'NONE', *, *, #55, .F. ) ;
#1395 = SURFACE_STYLE_FILL_AREA ( #1101 ) ;
#1396 = FACE_OUTER_BOUND ( 'NONE', #2369, .T. ) ;
#1397 = CARTESIAN_POINT ( 'NONE',  ( 1.269999999999998463, -8.649444591070089672, 1.574799999999999534 ) ) ;
#1398 = ORIENTED_EDGE ( 'NONE', *, *, #1717, .T. ) ;
#1399 = CARTESIAN_POINT ( 'NONE',  ( -6.349999999999999645, -8.649444591070091448, 4.457699999999999996 ) ) ;
#1400 = LINE ( 'NONE', #2988, #2035 ) ;
#1401 = FILL_AREA_STYLE ('',( #464 ) ) ;
#1402 = ORIENTED_EDGE ( 'NONE', *, *, #1243, .T. ) ;
#1403 = DIRECTION ( 'NONE',  ( -0.1177944794672780571, 0.9930379955505395095, 0.0000000000000000000 ) ) ;
#1404 =( NAMED_UNIT ( * ) PLANE_ANGLE_UNIT ( ) SI_UNIT ( $, .RADIAN. ) );
#1405 = ADVANCED_FACE ( 'NONE', ( #1679 ), #2515, .T. ) ;
#1406 = FACE_OUTER_BOUND ( 'NONE', #536, .T. ) ;
#1407 = DIRECTION ( 'NONE',  ( -1.000000000000000000, -0.0000000000000000000, -0.0000000000000000000 ) ) ;
#1408 = FACE_OUTER_BOUND ( 'NONE', #1702, .T. ) ;
#1409 = ORIENTED_EDGE ( 'NONE', *, *, #667, .T. ) ;
#1410 = PRESENTATION_STYLE_ASSIGNMENT (( #2923 ) ) ;
#1411 = FILL_AREA_STYLE_COLOUR ( '', #2197 ) ;
#1412 = VECTOR ( 'NONE', #2242, 1000.000000000000000 ) ;
#1413 = ORIENTED_EDGE ( 'NONE', *, *, #247, .T. ) ;
#1414 = SURFACE_STYLE_FILL_AREA ( #1220 ) ;
#1415 = CARTESIAN_POINT ( 'NONE',  ( 1.470330075908173217, 4.577586158984429332, 3.962399999999999700 ) ) ;
#1416 =( NAMED_UNIT ( * ) PLANE_ANGLE_UNIT ( ) SI_UNIT ( $, .RADIAN. ) );
#1417 = ORIENTED_EDGE ( 'NONE', *, *, #3067, .F. ) ;
#1418 = DIRECTION ( 'NONE',  ( -1.000000000000000000, 0.0000000000000000000, -1.835919350580823375E-16 ) ) ;
#1419 = AXIS2_PLACEMENT_3D ( 'NONE', #1998, #319, #2053 ) ;
#1420 = EDGE_CURVE ( 'NONE', #2584, #1884, #1010, .T. ) ;
#1421 = COLOUR_RGB ( '',1.000000000000000000, 0.8666666666666666963, 0.5294117647058823595 ) ;
#1422 = SURFACE_STYLE_FILL_AREA ( #1648 ) ;
#1423 = SURFACE_SIDE_STYLE ('',( #254 ) ) ;
#1424 =( GEOMETRIC_REPRESENTATION_CONTEXT ( 3 ) GLOBAL_UNCERTAINTY_ASSIGNED_CONTEXT ( ( #2927 ) ) GLOBAL_UNIT_ASSIGNED_CONTEXT ( ( #779, #2256, #284 ) ) REPRESENTATION_CONTEXT ( 'NONE', 'WORKASPACE' ) );
#1425 = CARTESIAN_POINT ( 'NONE',  ( 0.0000000000000000000, 0.0000000000000000000, 0.0000000000000000000 ) ) ;
#1426 = EDGE_LOOP ( 'NONE', ( #772, #1306, #729, #1362 ) ) ;
#1427 = COLOUR_RGB ( '',1.000000000000000000, 0.8666666666666666963, 0.5294117647058823595 ) ;
#1428 =( NAMED_UNIT ( * ) SI_UNIT ( $, .STERADIAN. ) SOLID_ANGLE_UNIT ( ) );
#1429 = FILL_AREA_STYLE_COLOUR ( '', #1282 ) ;
#1430 = COLOUR_RGB ( '',1.000000000000000000, 0.8666666666666666963, 0.5294117647058823595 ) ;
#1431 = DIRECTION ( 'NONE',  ( 0.0000000000000000000, 0.0000000000000000000, -1.000000000000000000 ) ) ;
#1432 = ORIENTED_EDGE ( 'NONE', *, *, #2851, .T. ) ;
#1433 = CIRCLE ( 'NONE', #1831, 1.139436227548324743 ) ;
#1434 =( LENGTH_UNIT ( ) NAMED_UNIT ( * ) SI_UNIT ( .MILLI., .METRE. ) );
#1435 = COLOUR_RGB ( '',1.000000000000000000, 1.000000000000000000, 1.000000000000000000 ) ;
#1436 = VECTOR ( 'NONE', #2536, 1000.000000000000000 ) ;
#1437 = ORIENTED_EDGE ( 'NONE', *, *, #558, .F. ) ;
#1438 = ADVANCED_FACE ( 'NONE', ( #780 ), #1993, .F. ) ;
#1439 = SURFACE_STYLE_FILL_AREA ( #2143 ) ;
#1440 = DIRECTION ( 'NONE',  ( 0.0000000000000000000, 0.0000000000000000000, 1.000000000000000000 ) ) ;
#1441 = VERTEX_POINT ( 'NONE', #1527 ) ;
#1442 = DIRECTION ( 'NONE',  ( 1.000000000000000000, -0.0000000000000000000, 0.0000000000000000000 ) ) ;
#1443 = EDGE_CURVE ( 'NONE', #1001, #1187, #105, .T. ) ;
#1444 = EDGE_LOOP ( 'NONE', ( #2722, #1432, #1218, #2638, #2194, #1034, #2922, #2028, #3015, #175, #2186, #2127 ) ) ;
#1445 = DIRECTION ( 'NONE',  ( 0.0000000000000000000, 0.0000000000000000000, -1.000000000000000000 ) ) ;
#1446 = CARTESIAN_POINT ( 'NONE',  ( -2.006600000000001494, -8.573244591070091403, -3.048390812437590819E-16 ) ) ;
#1447 = PRESENTATION_STYLE_ASSIGNMENT (( #2915 ) ) ;
#1448 = PRESENTATION_STYLE_ASSIGNMENT (( #1671 ) ) ;
#1449 = ORIENTED_EDGE ( 'NONE', *, *, #2650, .F. ) ;
#1450 = FILL_AREA_STYLE ('',( #447 ) ) ;
#1451 = FILL_AREA_STYLE ('',( #2601 ) ) ;
#1452 = CARTESIAN_POINT ( 'NONE',  ( -5.168900000000000716, -12.23084459107009003, -0.7873999999999997668 ) ) ;
#1453 = DIRECTION ( 'NONE',  ( 1.000000000000000000, 0.0000000000000000000, -0.0000000000000000000 ) ) ;
#1454 = EDGE_LOOP ( 'NONE', ( #875, #2847, #1235, #2837 ) ) ;
#1455 = CARTESIAN_POINT ( 'NONE',  ( -6.045200000000003904, -12.23084459107009003, -5.246139544284732810E-17 ) ) ;
#1456 = SURFACE_STYLE_USAGE ( .BOTH. , #436 ) ;
#1457 = ORIENTED_EDGE ( 'NONE', *, *, #1443, .T. ) ;
#1458 = UNCERTAINTY_MEASURE_WITH_UNIT (LENGTH_MEASURE( 1.000000000000000082E-05 ), #2135, 'distance_accuracy_value', 'NONE');
#1459 = UNCERTAINTY_MEASURE_WITH_UNIT (LENGTH_MEASURE( 1.000000000000000082E-05 ), #1121, 'distance_accuracy_value', 'NONE');
#1460 = DIRECTION ( 'NONE',  ( 0.0000000000000000000, -6.829619984160656074E-16, -1.000000000000000000 ) ) ;
#1461 = EDGE_CURVE ( 'NONE', #822, #193, #2442, .T. ) ;
#1462 = LINE ( 'NONE', #2157, #832 ) ;
#1463 = EDGE_LOOP ( 'NONE', ( #2554, #2326, #657, #843 ) ) ;
#1464 = ADVANCED_FACE ( 'NONE', ( #2564 ), #123, .T. ) ;
#1465 = AXIS2_PLACEMENT_3D ( 'NONE', #3013, #1052, #1088 ) ;
#1466 = DIRECTION ( 'NONE',  ( -1.000000000000000000, -0.0000000000000000000, -0.0000000000000000000 ) ) ;
#1467 = SURFACE_STYLE_USAGE ( .BOTH. , #1183 ) ;
#1468 = CIRCLE ( 'NONE', #2794, 1.270000000000000240 ) ;
#1469 = FILL_AREA_STYLE_COLOUR ( '', #2754 ) ;
#1470 = VERTEX_POINT ( 'NONE', #881 ) ;
#1471 = EDGE_CURVE ( 'NONE', #2616, #664, #380, .T. ) ;
#1472 = LINE ( 'NONE', #289, #2189 ) ;
#1473 = FILL_AREA_STYLE ('',( #1411 ) ) ;
#1474 = ORIENTED_EDGE ( 'NONE', *, *, #2905, .F. ) ;
#1475 = SURFACE_SIDE_STYLE ('',( #538 ) ) ;
#1476 = STYLED_ITEM ( 'NONE', ( #1507 ), #1064 ) ;
#1477 = FACE_OUTER_BOUND ( 'NONE', #676, .T. ) ;
#1478 = SURFACE_STYLE_USAGE ( .BOTH. , #541 ) ;
#1479 = ADVANCED_BREP_SHAPE_REPRESENTATION ( 'User Library-aa smt battery clip-1', ( #981, #706 ), #2155 ) ;
#1480 = AXIS2_PLACEMENT_3D ( 'NONE', #1922, #967, #2686 ) ;
#1481 = ORIENTED_EDGE ( 'NONE', *, *, #1443, .F. ) ;
#1482 =( GEOMETRIC_REPRESENTATION_CONTEXT ( 3 ) GLOBAL_UNCERTAINTY_ASSIGNED_CONTEXT ( ( #511 ) ) GLOBAL_UNIT_ASSIGNED_CONTEXT ( ( #2374, #1622, #2361 ) ) REPRESENTATION_CONTEXT ( 'NONE', 'WORKASPACE' ) );
#1483 =( NAMED_UNIT ( * ) SI_UNIT ( $, .STERADIAN. ) SOLID_ANGLE_UNIT ( ) );
#1484 = MECHANICAL_DESIGN_GEOMETRIC_PRESENTATION_REPRESENTATION (  '', ( #1085 ), #343 ) ;
#1485 = EDGE_CURVE ( 'NONE', #2002, #1983, #2839, .T. ) ;
#1486 = VECTOR ( 'NONE', #602, 999.9999999999998863 ) ;
#1487 = CIRCLE ( 'NONE', #1289, 7.594599999999998907 ) ;
#1488 = CARTESIAN_POINT ( 'NONE',  ( 1.385603980229698662, 1.804546278202539211, 3.135917406136811802 ) ) ;
#1489 = VERTEX_POINT ( 'NONE', #167 ) ;
#1490 = CARTESIAN_POINT ( 'NONE',  ( -5.168900000000000716, -8.573244591070091403, -1.574799999999999978 ) ) ;
#1491 = PRODUCT_RELATED_PRODUCT_CATEGORY ( 'part', '', ( #1041 ) ) ;
#1492 = ORIENTED_EDGE ( 'NONE', *, *, #2905, .T. ) ;
#1493 = CARTESIAN_POINT ( 'NONE',  ( -6.349999999999999645, 7.690151546602118415, 4.896262381873219383 ) ) ;
#1494 = UNCERTAINTY_MEASURE_WITH_UNIT (LENGTH_MEASURE( 1.000000000000000082E-05 ), #158, 'distance_accuracy_value', 'NONE');
#1495 = DIRECTION ( 'NONE',  ( 0.1177944794672776407, -0.9930379955505392875, 0.0000000000000000000 ) ) ;
#1496 =( NAMED_UNIT ( * ) SI_UNIT ( $, .STERADIAN. ) SOLID_ANGLE_UNIT ( ) );
#1497 = ORIENTED_EDGE ( 'NONE', *, *, #2931, .T. ) ;
#1498 = PRESENTATION_STYLE_ASSIGNMENT (( #528 ) ) ;
#1499 = FILL_AREA_STYLE ('',( #559 ) ) ;
#1500 = EDGE_CURVE ( 'NONE', #1441, #165, #1327, .T. ) ;
#1501 = CARTESIAN_POINT ( 'NONE',  ( 1.206913914450721048, 1.012719089064983757, 1.605385843258477108 ) ) ;
#1502 = FACE_OUTER_BOUND ( 'NONE', #633, .T. ) ;
#1503 = FILL_AREA_STYLE ('',( #821 ) ) ;
#1504 = STYLED_ITEM ( 'NONE', ( #481 ), #1560 ) ;
#1505 =( NAMED_UNIT ( * ) SI_UNIT ( $, .STERADIAN. ) SOLID_ANGLE_UNIT ( ) );
#1506 = ORIENTED_EDGE ( 'NONE', *, *, #2924, .T. ) ;
#1507 = PRESENTATION_STYLE_ASSIGNMENT (( #2753 ) ) ;
#1508 = ORIENTED_EDGE ( 'NONE', *, *, #524, .T. ) ;
#1509 = ORIENTED_EDGE ( 'NONE', *, *, #2617, .F. ) ;
#1510 = AXIS2_PLACEMENT_3D ( 'NONE', #864, #2809, #1354 ) ;
#1511 = CARTESIAN_POINT ( 'NONE',  ( 1.181458938038962181, 0.2013791595400929446, 2.263207319822636496E-16 ) ) ;
#1512 = VECTOR ( 'NONE', #2036, 1000.000000000000114 ) ;
#1513 = ADVANCED_FACE ( 'NONE', ( #2824 ), #2791, .T. ) ;
#1514 = FILL_AREA_STYLE_COLOUR ( '', #2532 ) ;
#1515 = COLOUR_RGB ( '',1.000000000000000000, 0.8666666666666666963, 0.5294117647058823595 ) ;
#1516 =( NAMED_UNIT ( * ) PLANE_ANGLE_UNIT ( ) SI_UNIT ( $, .RADIAN. ) );
#1517 = EDGE_CURVE ( 'NONE', #1645, #2930, #2275, .T. ) ;
#1518 = ORIENTED_EDGE ( 'NONE', *, *, #1308, .F. ) ;
#1519 = CARTESIAN_POINT ( 'NONE',  ( 1.524000000000002686, -8.954244591070091630, 1.481905069771102035 ) ) ;
#1520 = CARTESIAN_POINT ( 'NONE',  ( 1.117599999999996374, -12.23084459107009003, -1.084202172485504434E-16 ) ) ;
#1521 = STYLED_ITEM ( 'NONE', ( #3089 ), #787 ) ;
#1522 = AXIS2_PLACEMENT_3D ( 'NONE', #1158, #3022, #442 ) ;
#1523 = ORIENTED_EDGE ( 'NONE', *, *, #3119, .T. ) ;
#1524 = DIRECTION ( 'NONE',  ( 0.0000000000000000000, 1.000000000000000000, -3.270675728152875395E-16 ) ) ;
#1525 = ADVANCED_FACE ( 'NONE', ( #2550 ), #402, .F. ) ;
#1526 = MECHANICAL_DESIGN_GEOMETRIC_PRESENTATION_REPRESENTATION (  '', ( #1887 ), #500 ) ;
#1527 = CARTESIAN_POINT ( 'NONE',  ( -6.349999999999999645, -6.302310220070097557, -4.762500000000000178 ) ) ;
#1528 = AXIS2_PLACEMENT_3D ( 'NONE', #2919, #2412, #4 ) ;
#1529 = CARTESIAN_POINT ( 'NONE',  ( 1.269999999999998463, -8.573244591070091403, 1.574799999999999534 ) ) ;
#1530 = CARTESIAN_POINT ( 'NONE',  ( 1.470330075908173439, 4.577586158984429332, -3.962399999999999700 ) ) ;
#1531 = VECTOR ( 'NONE', #1532, 1000.000000000000000 ) ;
#1532 = DIRECTION ( 'NONE',  ( -0.0000000000000000000, 1.000000000000000000, 0.0000000000000000000 ) ) ;
#1533 = ORIENTED_EDGE ( 'NONE', *, *, #178, .F. ) ;
#1534 = UNCERTAINTY_MEASURE_WITH_UNIT (LENGTH_MEASURE( 1.000000000000000082E-05 ), #2247, 'distance_accuracy_value', 'NONE');
#1535 = DIRECTION ( 'NONE',  ( 0.0000000000000000000, 0.0000000000000000000, -1.000000000000000000 ) ) ;
#1536 = SURFACE_STYLE_USAGE ( .BOTH. , #2267 ) ;
#1537 = EDGE_CURVE ( 'NONE', #2942, #853, #523, .T. ) ;
#1538 = LINE ( 'NONE', #2289, #1512 ) ;
#1539 = EDGE_LOOP ( 'NONE', ( #2626, #488, #1027, #1559, #2110, #1383, #2528, #1760 ) ) ;
#1540 = DIRECTION ( 'NONE',  ( 0.0000000000000000000, 0.0000000000000000000, -1.000000000000000000 ) ) ;
#1541 = PRESENTATION_STYLE_ASSIGNMENT (( #3060 ) ) ;
#1542 =( LENGTH_UNIT ( ) NAMED_UNIT ( * ) SI_UNIT ( .MILLI., .METRE. ) );
#1543 = CARTESIAN_POINT ( 'NONE',  ( 0.0000000000000000000, -8.649444591070089672, -3.962399999999999700 ) ) ;
#1544 = CARTESIAN_POINT ( 'NONE',  ( -6.349999999999998757, -8.954244591070089854, -1.574800000000000422 ) ) ;
#1545 = ORIENTED_EDGE ( 'NONE', *, *, #2873, .T. ) ;
#1546 = CARTESIAN_POINT ( 'NONE',  ( 0.0000000000000000000, -7.303244591070087388, 3.962399999999999700 ) ) ;
#1547 =( NAMED_UNIT ( * ) SI_UNIT ( $, .STERADIAN. ) SOLID_ANGLE_UNIT ( ) );
#1548 = CARTESIAN_POINT ( 'NONE',  ( 0.0000000000000000000, 6.013516378064077017, -5.122317945106016346 ) ) ;
#1549 = EDGE_CURVE ( 'NONE', #2894, #909, #2376, .T. ) ;
#1550 = STYLED_ITEM ( 'NONE', ( #1498 ), #1707 ) ;
#1551 = UNCERTAINTY_MEASURE_WITH_UNIT (LENGTH_MEASURE( 1.000000000000000082E-05 ), #2925, 'distance_accuracy_value', 'NONE');
#1552 =( NAMED_UNIT ( * ) PLANE_ANGLE_UNIT ( ) SI_UNIT ( $, .RADIAN. ) );
#1553 = ORIENTED_EDGE ( 'NONE', *, *, #2921, .F. ) ;
#1554 = CARTESIAN_POINT ( 'NONE',  ( 1.524000000000002242, -7.303244591070091829, -3.962399999999999700 ) ) ;
#1555 = FILL_AREA_STYLE_COLOUR ( '', #2152 ) ;
#1556 = FILL_AREA_STYLE_COLOUR ( '', #1430 ) ;
#1557 =( LENGTH_UNIT ( ) NAMED_UNIT ( * ) SI_UNIT ( .MILLI., .METRE. ) );
#1558 = FILL_AREA_STYLE_COLOUR ( '', #2148 ) ;
#1559 = ORIENTED_EDGE ( 'NONE', *, *, #416, .T. ) ;
#1560 = ADVANCED_FACE ( 'NONE', ( #731 ), #2123, .T. ) ;
#1561 = AXIS2_PLACEMENT_3D ( 'NONE', #713, #2107, #1621 ) ;
#1562 = CARTESIAN_POINT ( 'NONE',  ( -6.349999999999999645, 0.0000000000000000000, 0.0000000000000000000 ) ) ;
#1563 = CARTESIAN_POINT ( 'NONE',  ( -6.349999999999999645, -8.954244591070089854, 4.762500000000000178 ) ) ;
#1564 =( LENGTH_UNIT ( ) NAMED_UNIT ( * ) SI_UNIT ( .MILLI., .METRE. ) );
#1565 = CIRCLE ( 'NONE', #735, 7.594599999999998907 ) ;
#1566 = CARTESIAN_POINT ( 'NONE',  ( -6.349999999999999645, 7.690151546602118415, 4.896262381873219383 ) ) ;
#1567 = ORIENTED_EDGE ( 'NONE', *, *, #3093, .F. ) ;
#1568 = ORIENTED_EDGE ( 'NONE', *, *, #1784, .F. ) ;
#1569 = FACE_OUTER_BOUND ( 'NONE', #262, .T. ) ;
#1570 = VECTOR ( 'NONE', #1980, 1000.000000000000227 ) ;
#1571 = ORIENTED_EDGE ( 'NONE', *, *, #1420, .T. ) ;
#1572 = VECTOR ( 'NONE', #3043, 1000.000000000000000 ) ;
#1573 = DIRECTION ( 'NONE',  ( 0.0000000000000000000, 0.0000000000000000000, -1.000000000000000000 ) ) ;
#1574 = CIRCLE ( 'NONE', #1681, 1.650999999999999801 ) ;
#1575 = FILL_AREA_STYLE ('',( #1556 ) ) ;
#1576 = EDGE_CURVE ( 'NONE', #2034, #2215, #217, .T. ) ;
#1577 = CIRCLE ( 'NONE', #1988, 1.346200000000000507 ) ;
#1578 = COLOUR_RGB ( '',1.000000000000000000, 0.8666666666666666963, 0.5294117647058823595 ) ;
#1579 = PRESENTATION_LAYER_ASSIGNMENT (  '', '', ( #1887 ) ) ;
#1580 = DIRECTION ( 'NONE',  ( -1.000000000000000000, 0.0000000000000000000, -0.0000000000000000000 ) ) ;
#1581 = VECTOR ( 'NONE', #2572, 1000.000000000000000 ) ;
#1582 = LINE ( 'NONE', #2976, #1531 ) ;
#1583 = EDGE_LOOP ( 'NONE', ( #1893, #1807, #2811, #629 ) ) ;
#1584 = DIRECTION ( 'NONE',  ( 0.0000000000000000000, 0.0000000000000000000, -1.000000000000000000 ) ) ;
#1585 = DIRECTION ( 'NONE',  ( 1.000000000000000000, 0.0000000000000000000, 0.0000000000000000000 ) ) ;
#1586 = DIRECTION ( 'NONE',  ( 0.0000000000000000000, 1.000000000000000000, 0.0000000000000000000 ) ) ;
#1587 =( GEOMETRIC_REPRESENTATION_CONTEXT ( 3 ) GLOBAL_UNCERTAINTY_ASSIGNED_CONTEXT ( ( #878 ) ) GLOBAL_UNIT_ASSIGNED_CONTEXT ( ( #2828, #223, #1650 ) ) REPRESENTATION_CONTEXT ( 'NONE', 'WORKASPACE' ) );
#1588 = DIRECTION ( 'NONE',  ( -1.000000000000000000, -0.0000000000000000000, -0.0000000000000000000 ) ) ;
#1589 = VERTEX_POINT ( 'NONE', #1931 ) ;
#1590 = LINE ( 'NONE', #177, #2737 ) ;
#1591 =( LENGTH_UNIT ( ) NAMED_UNIT ( * ) SI_UNIT ( .MILLI., .METRE. ) );
#1592 = SURFACE_STYLE_FILL_AREA ( #1824 ) ;
#1593 = ORIENTED_EDGE ( 'NONE', *, *, #1055, .F. ) ;
#1594 = CARTESIAN_POINT ( 'NONE',  ( 1.777545974569638032, 4.575234094530384432, 3.962399999999999700 ) ) ;
#1595 = EDGE_CURVE ( 'NONE', #2870, #1983, #2902, .T. ) ;
#1596 = CARTESIAN_POINT ( 'NONE',  ( 1.470330075908173439, 4.577586158984430220, 3.962399999999999700 ) ) ;
#1597 =( NAMED_UNIT ( * ) SI_UNIT ( $, .STERADIAN. ) SOLID_ANGLE_UNIT ( ) );
#1598 = SURFACE_STYLE_USAGE ( .BOTH. , #1814 ) ;
#1599 = ORIENTED_EDGE ( 'NONE', *, *, #695, .F. ) ;
#1600 = CARTESIAN_POINT ( 'NONE',  ( 1.206913914450718828, 1.012719089064983535, -1.966030634342968504E-16 ) ) ;
#1601 =( NAMED_UNIT ( * ) SI_UNIT ( $, .STERADIAN. ) SOLID_ANGLE_UNIT ( ) );
#1602 = LINE ( 'NONE', #2310, #3061 ) ;
#1603 = ORIENTED_EDGE ( 'NONE', *, *, #1549, .F. ) ;
#1604 = CARTESIAN_POINT ( 'NONE',  ( -6.349999999999999645, 7.464104023734813964, -5.100726455503646228 ) ) ;
#1605 = STYLED_ITEM ( 'NONE', ( #1541 ), #1513 ) ;
#1606 = ORIENTED_EDGE ( 'NONE', *, *, #2488, .F. ) ;
#1607 = ADVANCED_FACE ( 'NONE', ( #2667 ), #1161, .F. ) ;
#1608 = DIRECTION ( 'NONE',  ( 1.000000000000000000, 0.0000000000000000000, 0.0000000000000000000 ) ) ;
#1609 = VECTOR ( 'NONE', #1627, 1000.000000000000000 ) ;
#1610 = DIRECTION ( 'NONE',  ( 0.0000000000000000000, 0.0000000000000000000, -1.000000000000000000 ) ) ;
#1611 = SURFACE_STYLE_USAGE ( .BOTH. , #638 ) ;
#1612 = CARTESIAN_POINT ( 'NONE',  ( 1.612020890155704711, -8.954244591070093406, 0.9546198281322514356 ) ) ;
#1613 = SURFACE_SIDE_STYLE ('',( #1919 ) ) ;
#1614 = ORIENTED_EDGE ( 'NONE', *, *, #2702, .F. ) ;
#1615 = CARTESIAN_POINT ( 'NONE',  ( -6.197600000000000442, -8.649444591070091448, -0.7873999999999997668 ) ) ;
#1616 = DIRECTION ( 'NONE',  ( 1.000000000000000000, 0.0000000000000000000, 0.0000000000000000000 ) ) ;
#1617 = CARTESIAN_POINT ( 'NONE',  ( -5.168900000000000716, -8.573244591070091403, 1.181099999999999817 ) ) ;
#1618 = EDGE_CURVE ( 'NONE', #2996, #2139, #2971, .T. ) ;
#1619 = FACE_OUTER_BOUND ( 'NONE', #1638, .T. ) ;
#1620 = ORIENTED_EDGE ( 'NONE', *, *, #1205, .T. ) ;
#1621 = DIRECTION ( 'NONE',  ( 0.0000000000000000000, 0.0000000000000000000, -1.000000000000000000 ) ) ;
#1622 =( NAMED_UNIT ( * ) PLANE_ANGLE_UNIT ( ) SI_UNIT ( $, .RADIAN. ) );
#1623 = COLOUR_RGB ( '',1.000000000000000000, 0.8666666666666666963, 0.5294117647058823595 ) ;
#1624 = STYLED_ITEM ( 'NONE', ( #1410 ), #566 ) ;
#1625 = UNCERTAINTY_MEASURE_WITH_UNIT (LENGTH_MEASURE( 1.000000000000000082E-05 ), #2719, 'distance_accuracy_value', 'NONE');
#1626 = ORIENTED_EDGE ( 'NONE', *, *, #1299, .F. ) ;
#1627 = DIRECTION ( 'NONE',  ( 0.0000000000000000000, 1.000000000000000000, 0.0000000000000000000 ) ) ;
#1628 = CARTESIAN_POINT ( 'NONE',  ( 1.269999999999998463, -8.649444591070087895, 1.181099999999999595 ) ) ;
#1629 = SURFACE_STYLE_FILL_AREA ( #2317 ) ;
#1630 = STYLED_ITEM ( 'NONE', ( #2299 ), #2366 ) ;
#1631 =( GEOMETRIC_REPRESENTATION_CONTEXT ( 3 ) GLOBAL_UNCERTAINTY_ASSIGNED_CONTEXT ( ( #2577 ) ) GLOBAL_UNIT_ASSIGNED_CONTEXT ( ( #1564, #2537, #2831 ) ) REPRESENTATION_CONTEXT ( 'NONE', 'WORKASPACE' ) );
#1632 = DIRECTION ( 'NONE',  ( 1.000000000000000000, 0.0000000000000000000, 0.0000000000000000000 ) ) ;
#1633 = ORIENTED_EDGE ( 'NONE', *, *, #2151, .F. ) ;
#1634 = CIRCLE ( 'NONE', #499, 0.3936999999999998834 ) ;
#1635 = CARTESIAN_POINT ( 'NONE',  ( 1.422399999999995446, -13.01824459107008991, 0.7873999999999984345 ) ) ;
#1636 = CIRCLE ( 'NONE', #1736, 7.899400000000000865 ) ;
#1637 = PLANE ( 'NONE',  #2447 ) ;
#1638 = EDGE_LOOP ( 'NONE', ( #712, #1215, #96, #278 ) ) ;
#1639 = CARTESIAN_POINT ( 'NONE',  ( 0.0000000000000000000, 6.748286867988303683, -5.748196021999999239 ) ) ;
#1640 = AXIS2_PLACEMENT_3D ( 'NONE', #148, #1588, #2771 ) ;
#1641 = EDGE_CURVE ( 'NONE', #898, #2237, #261, .T. ) ;
#1642 = DIRECTION ( 'NONE',  ( -0.0000000000000000000, -1.000000000000000000, -0.0000000000000000000 ) ) ;
#1643 = CARTESIAN_POINT ( 'NONE',  ( 0.0000000000000000000, -8.954244591070089854, 4.762500000000000178 ) ) ;
#1644 = MECHANICAL_DESIGN_GEOMETRIC_PRESENTATION_REPRESENTATION (  '', ( #1338 ), #2105 ) ;
#1645 = VERTEX_POINT ( 'NONE', #1017 ) ;
#1646 =( NAMED_UNIT ( * ) SI_UNIT ( $, .STERADIAN. ) SOLID_ANGLE_UNIT ( ) );
#1647 = SURFACE_SIDE_STYLE ('',( #2842 ) ) ;
#1648 = FILL_AREA_STYLE ('',( #1954 ) ) ;
#1649 =( NAMED_UNIT ( * ) SI_UNIT ( $, .STERADIAN. ) SOLID_ANGLE_UNIT ( ) );
#1650 =( NAMED_UNIT ( * ) SI_UNIT ( $, .STERADIAN. ) SOLID_ANGLE_UNIT ( ) );
#1651 = ORIENTED_EDGE ( 'NONE', *, *, #2340, .T. ) ;
#1652 = CARTESIAN_POINT ( 'NONE',  ( 0.0000000000000000000, 6.748286867988289472, 5.748196021999999239 ) ) ;
#1653 = SURFACE_STYLE_USAGE ( .BOTH. , #2591 ) ;
#1654 = ORIENTED_EDGE ( 'NONE', *, *, #5, .T. ) ;
#1655 = DIRECTION ( 'NONE',  ( -1.000000000000000000, -0.0000000000000000000, 1.552186360036513461E-16 ) ) ;
#1656 = FACE_OUTER_BOUND ( 'NONE', #1539, .T. ) ;
#1657 = CARTESIAN_POINT ( 'NONE',  ( 1.470330075908173217, 4.577586158984429332, -3.962399999999999700 ) ) ;
#1658 = EDGE_CURVE ( 'NONE', #338, #2002, #1307, .T. ) ;
#1659 = ORIENTED_EDGE ( 'NONE', *, *, #2276, .F. ) ;
#1660 = PRESENTATION_STYLE_ASSIGNMENT (( #1676 ) ) ;
#1661 = DIRECTION ( 'NONE',  ( 1.000000000000000000, 0.0000000000000000000, -0.0000000000000000000 ) ) ;
#1662 = CARTESIAN_POINT ( 'NONE',  ( -6.350000000000001421, -12.23084459107009003, -0.7873999999999997668 ) ) ;
#1663 = ORIENTED_EDGE ( 'NONE', *, *, #1471, .T. ) ;
#1664 = SURFACE_STYLE_USAGE ( .BOTH. , #2402 ) ;
#1665 =( LENGTH_UNIT ( ) NAMED_UNIT ( * ) SI_UNIT ( .MILLI., .METRE. ) );
#1666 = EDGE_CURVE ( 'NONE', #302, #1441, #2498, .T. ) ;
#1667 = ORIENTED_EDGE ( 'NONE', *, *, #2362, .T. ) ;
#1668 = AXIS2_PLACEMENT_3D ( 'NONE', #972, #3071, #2664 ) ;
#1669 = CARTESIAN_POINT ( 'NONE',  ( 2.935267904194732047, -5.184661866631079974, -2.500692515877084521 ) ) ;
#1670 =( NAMED_UNIT ( * ) PLANE_ANGLE_UNIT ( ) SI_UNIT ( $, .RADIAN. ) );
#1671 = SURFACE_STYLE_USAGE ( .BOTH. , #728 ) ;
#1672 = ORIENTED_EDGE ( 'NONE', *, *, #2527, .T. ) ;
#1673 = CIRCLE ( 'NONE', #1819, 1.139436227548324299 ) ;
#1674 =( LENGTH_UNIT ( ) NAMED_UNIT ( * ) SI_UNIT ( .MILLI., .METRE. ) );
#1675 = COLOUR_RGB ( '',1.000000000000000000, 0.8666666666666666963, 0.5294117647058823595 ) ;
#1676 = SURFACE_STYLE_USAGE ( .BOTH. , #961 ) ;
#1677 = STYLED_ITEM ( 'NONE', ( #997 ), #829 ) ;
#1678 = EDGE_CURVE ( 'NONE', #2315, #2312, #280, .T. ) ;
#1679 = FACE_OUTER_BOUND ( 'NONE', #1144, .T. ) ;
#1680 = CARTESIAN_POINT ( 'NONE',  ( 1.612030646728309424, -8.649444591069986643, -0.9546280665893835948 ) ) ;
#1681 = AXIS2_PLACEMENT_3D ( 'NONE', #1554, #2529, #2790 ) ;
#1682 = ORIENTED_EDGE ( 'NONE', *, *, #2253, .T. ) ;
#1683 = AXIS2_PLACEMENT_3D ( 'NONE', #1764, #2744, #588 ) ;
#1684 = DIRECTION ( 'NONE',  ( -1.000000000000000000, 0.0000000000000000000, -1.835919350580821157E-16 ) ) ;
#1685 = CYLINDRICAL_SURFACE ( 'NONE', #2597, 0.3937000000000001054 ) ;
#1686 = ORIENTED_EDGE ( 'NONE', *, *, #184, .F. ) ;
#1687 = PRESENTATION_LAYER_ASSIGNMENT (  '', '', ( #2039 ) ) ;
#1688 = UNCERTAINTY_MEASURE_WITH_UNIT (LENGTH_MEASURE( 1.000000000000000082E-05 ), #2397, 'distance_accuracy_value', 'NONE');
#1689 = DIRECTION ( 'NONE',  ( 0.0000000000000000000, 0.0000000000000000000, -1.000000000000000000 ) ) ;
#1690 = CARTESIAN_POINT ( 'NONE',  ( 1.524000000000002686, -8.649444591070091448, 4.457699999999999996 ) ) ;
#1691 = CARTESIAN_POINT ( 'NONE',  ( -6.349999999999999645, 6.748286867988289472, 4.478196021999999665 ) ) ;
#1692 = AXIS2_PLACEMENT_3D ( 'NONE', #243, #2144, #2424 ) ;
#1693 = ORIENTED_EDGE ( 'NONE', *, *, #144, .T. ) ;
#1694 = FILL_AREA_STYLE_COLOUR ( '', #2885 ) ;
#1695 = CARTESIAN_POINT ( 'NONE',  ( 2.681416375913828976, -3.044627682078906439, 0.0000000000000000000 ) ) ;
#1696 = LINE ( 'NONE', #6, #388 ) ;
#1697 = EDGE_CURVE ( 'NONE', #2166, #2520, #1164, .T. ) ;
#1698 = ORIENTED_EDGE ( 'NONE', *, *, #1500, .T. ) ;
#1699 = DIRECTION ( 'NONE',  ( -1.000000000000000000, -0.0000000000000000000, 0.0000000000000000000 ) ) ;
#1700 = PRESENTATION_STYLE_ASSIGNMENT (( #985 ) ) ;
#1701 =( NAMED_UNIT ( * ) PLANE_ANGLE_UNIT ( ) SI_UNIT ( $, .RADIAN. ) );
#1702 = EDGE_LOOP ( 'NONE', ( #2294, #600, #2665, #1754 ) ) ;
#1703 = DIRECTION ( 'NONE',  ( 0.1177944794672776824, -0.9930379955505395095, 0.0000000000000000000 ) ) ;
#1704 = LINE ( 'NONE', #2642, #1832 ) ;
#1705 = SURFACE_SIDE_STYLE ('',( #274 ) ) ;
#1706 = DIRECTION ( 'NONE',  ( 2.753879025871232450E-15, 0.0000000000000000000, -1.000000000000000000 ) ) ;
#1707 = ADVANCED_FACE ( 'NONE', ( #807 ), #346, .T. ) ;
#1708 = DIRECTION ( 'NONE',  ( 0.0000000000000000000, 0.0000000000000000000, -1.000000000000000000 ) ) ;
#1709 = PLANE ( 'NONE',  #130 ) ;
#1710 = ORIENTED_EDGE ( 'NONE', *, *, #204, .T. ) ;
#1711 = SURFACE_STYLE_FILL_AREA ( #2149 ) ;
#1712 = AXIS2_PLACEMENT_3D ( 'NONE', #1748, #1466, #2716 ) ;
#1713 = ORIENTED_EDGE ( 'NONE', *, *, #987, .F. ) ;
#1714 = UNCERTAINTY_MEASURE_WITH_UNIT (LENGTH_MEASURE( 1.000000000000000082E-05 ), #1201, 'distance_accuracy_value', 'NONE');
#1715 = CARTESIAN_POINT ( 'NONE',  ( 1.269999999999998463, -8.954244591070089854, 0.7873999999999997668 ) ) ;
#1716 =( NAMED_UNIT ( * ) SI_UNIT ( $, .STERADIAN. ) SOLID_ANGLE_UNIT ( ) );
#1717 = EDGE_CURVE ( 'NONE', #2611, #1033, #569, .T. ) ;
#1718 = FILL_AREA_STYLE ('',( #2518 ) ) ;
#1719 = ORIENTED_EDGE ( 'NONE', *, *, #1697, .F. ) ;
#1720 =( LENGTH_UNIT ( ) NAMED_UNIT ( * ) SI_UNIT ( .MILLI., .METRE. ) );
#1721 = STYLED_ITEM ( 'NONE', ( #1252 ), #259 ) ;
#1722 = FILL_AREA_STYLE_COLOUR ( '', #551 ) ;
#1723 = STYLED_ITEM ( 'NONE', ( #2011 ), #315 ) ;
#1724 = ORIENTED_EDGE ( 'NONE', *, *, #300, .T. ) ;
#1725 =( GEOMETRIC_REPRESENTATION_CONTEXT ( 3 ) GLOBAL_UNCERTAINTY_ASSIGNED_CONTEXT ( ( #2955 ) ) GLOBAL_UNIT_ASSIGNED_CONTEXT ( ( #2006, #83, #1781 ) ) REPRESENTATION_CONTEXT ( 'NONE', 'WORKASPACE' ) );
#1726 = DIRECTION ( 'NONE',  ( -0.0000000000000000000, -1.000000000000000000, -0.0000000000000000000 ) ) ;
#1727 = VERTEX_POINT ( 'NONE', #90 ) ;
#1728 = DIRECTION ( 'NONE',  ( -0.9930379955505393985, -0.1177944794672776685, 0.0000000000000000000 ) ) ;
#1729 = LINE ( 'NONE', #2956, #2758 ) ;
#1730 = CARTESIAN_POINT ( 'NONE',  ( 0.0000000000000000000, 0.0000000000000000000, 0.0000000000000000000 ) ) ;
#1731 = MECHANICAL_DESIGN_GEOMETRIC_PRESENTATION_REPRESENTATION (  '', ( #1828 ), #644 ) ;
#1732 = PRESENTATION_LAYER_ASSIGNMENT (  '', '', ( #2706 ) ) ;
#1733 = EDGE_LOOP ( 'NONE', ( #746, #2784, #1309, #865 ) ) ;
#1734 = EDGE_CURVE ( 'NONE', #2375, #2435, #2226, .T. ) ;
#1735 = PRESENTATION_LAYER_ASSIGNMENT (  '', '', ( #1085 ) ) ;
#1736 = AXIS2_PLACEMENT_3D ( 'NONE', #2843, #1860, #673 ) ;
#1737 = DIRECTION ( 'NONE',  ( 0.0000000000000000000, 0.0000000000000000000, -1.000000000000000000 ) ) ;
#1738 = VECTOR ( 'NONE', #858, 1000.000000000000000 ) ;
#1739 = AXIS2_PLACEMENT_3D ( 'NONE', #331, #1778, #2973 ) ;
#1740 =( NAMED_UNIT ( * ) PLANE_ANGLE_UNIT ( ) SI_UNIT ( $, .RADIAN. ) );
#1741 = SURFACE_STYLE_FILL_AREA ( #2257 ) ;
#1742 = FILL_AREA_STYLE ('',( #1514 ) ) ;
#1743 = CARTESIAN_POINT ( 'NONE',  ( -5.168900000000000716, -8.649444591070091448, 0.7873999999999998778 ) ) ;
#1744 = ORIENTED_EDGE ( 'NONE', *, *, #3023, .F. ) ;
#1745 = DIRECTION ( 'NONE',  ( -0.0000000000000000000, -1.000000000000000000, -0.0000000000000000000 ) ) ;
#1746 = EDGE_LOOP ( 'NONE', ( #257, #2052 ) ) ;
#1747 = ORIENTED_EDGE ( 'NONE', *, *, #2770, .F. ) ;
#1748 = CARTESIAN_POINT ( 'NONE',  ( -6.349999999999999645, 6.748286867988289472, 5.748196021999999239 ) ) ;
#1749 = ADVANCED_FACE ( 'NONE', ( #2438 ), #2545, .T. ) ;
#1750 = LINE ( 'NONE', #2739, #2900 ) ;
#1751 = CARTESIAN_POINT ( 'NONE',  ( 2.245393824536975114, -1.956402147114747248, 2.777602398308226231E-16 ) ) ;
#1752 = CARTESIAN_POINT ( 'NONE',  ( 1.524000000000001576, -8.649444591070089672, -3.962399999999999700 ) ) ;
#1753 = CARTESIAN_POINT ( 'NONE',  ( -6.349999999999999645, -8.954244591070089854, 0.0000000000000000000 ) ) ;
#1754 = ORIENTED_EDGE ( 'NONE', *, *, #300, .F. ) ;
#1755 = UNCERTAINTY_MEASURE_WITH_UNIT (LENGTH_MEASURE( 1.000000000000000082E-05 ), #896, 'distance_accuracy_value', 'NONE');
#1756 = CARTESIAN_POINT ( 'NONE',  ( 0.0000000000000000000, -8.954244591070089854, 4.762500000000000178 ) ) ;
#1757 = CARTESIAN_POINT ( 'NONE',  ( 1.269999999999996909, -8.801844591070091539, 0.7873999999999997668 ) ) ;
#1758 =( GEOMETRIC_REPRESENTATION_CONTEXT ( 3 ) GLOBAL_UNCERTAINTY_ASSIGNED_CONTEXT ( ( #2264 ) ) GLOBAL_UNIT_ASSIGNED_CONTEXT ( ( #815, #77, #778 ) ) REPRESENTATION_CONTEXT ( 'NONE', 'WORKASPACE' ) );
#1759 = EDGE_CURVE ( 'NONE', #822, #802, #399, .T. ) ;
#1760 = ORIENTED_EDGE ( 'NONE', *, *, #2617, .T. ) ;
#1761 = PRESENTATION_LAYER_ASSIGNMENT (  '', '', ( #2181 ) ) ;
#1762 = EDGE_CURVE ( 'NONE', #2870, #1589, #2788, .T. ) ;
#1763 = CARTESIAN_POINT ( 'NONE',  ( 0.0000000000000000000, -8.649444591070091448, -4.457699999999999996 ) ) ;
#1764 = CARTESIAN_POINT ( 'NONE',  ( 0.0000000000000000000, 0.0000000000000000000, 0.0000000000000000000 ) ) ;
#1765 = MECHANICAL_DESIGN_GEOMETRIC_PRESENTATION_REPRESENTATION (  '', ( #1365 ), #1725 ) ;
#1766 = ORIENTED_EDGE ( 'NONE', *, *, #2851, .F. ) ;
#1767 = DIRECTION ( 'NONE',  ( -0.1177944794672780571, 0.9930379955505395095, 0.0000000000000000000 ) ) ;
#1768 = FILL_AREA_STYLE ('',( #826 ) ) ;
#1769 = LINE ( 'NONE', #2509, #1581 ) ;
#1770 = VECTOR ( 'NONE', #2763, 1000.000000000000000 ) ;
#1771 = CARTESIAN_POINT ( 'NONE',  ( 0.0000000000000000000, 7.690151546602133514, -4.896262381873219383 ) ) ;
#1772 =( GEOMETRIC_REPRESENTATION_CONTEXT ( 3 ) GLOBAL_UNCERTAINTY_ASSIGNED_CONTEXT ( ( #97 ) ) GLOBAL_UNIT_ASSIGNED_CONTEXT ( ( #1393, #2566, #2864 ) ) REPRESENTATION_CONTEXT ( 'NONE', 'WORKASPACE' ) );
#1773 = PLANE ( 'NONE',  #480 ) ;
#1774 = MECHANICAL_DESIGN_GEOMETRIC_PRESENTATION_REPRESENTATION (  '', ( #1630 ), #2652 ) ;
#1775 = ORIENTED_EDGE ( 'NONE', *, *, #888, .F. ) ;
#1776 = VECTOR ( 'NONE', #1661, 1000.000000000000000 ) ;
#1777 = SURFACE_SIDE_STYLE ('',( #2042 ) ) ;
#1778 = DIRECTION ( 'NONE',  ( 1.000000000000000000, 0.0000000000000000000, 0.0000000000000000000 ) ) ;
#1779 = VECTOR ( 'NONE', #2000, 1000.000000000000000 ) ;
#1780 = MECHANICAL_DESIGN_GEOMETRIC_PRESENTATION_REPRESENTATION (  '', ( #2815 ), #2300 ) ;
#1781 =( NAMED_UNIT ( * ) SI_UNIT ( $, .STERADIAN. ) SOLID_ANGLE_UNIT ( ) );
#1782 =( LENGTH_UNIT ( ) NAMED_UNIT ( * ) SI_UNIT ( .MILLI., .METRE. ) );
#1783 = CARTESIAN_POINT ( 'NONE',  ( -6.197600000000000442, -8.801844591070091539, 0.7873999999999997668 ) ) ;
#1784 = EDGE_CURVE ( 'NONE', #252, #863, #2341, .T. ) ;
#1785 = ORIENTED_EDGE ( 'NONE', *, *, #973, .F. ) ;
#1786 = CARTESIAN_POINT ( 'NONE',  ( 1.269999999999998019, -8.573244591070091403, -0.7874000000000002109 ) ) ;
#1787 =( LENGTH_UNIT ( ) NAMED_UNIT ( * ) SI_UNIT ( .MILLI., .METRE. ) );
#1788 = ORIENTED_EDGE ( 'NONE', *, *, #2891, .F. ) ;
#1789 = CARTESIAN_POINT ( 'NONE',  ( 1.269999999999998019, -8.649444591070091448, 0.7873999999999997668 ) ) ;
#1790 = EDGE_LOOP ( 'NONE', ( #318, #3027, #2573, #1876, #145, #2789, #1686, #2255, #1614, #479, #670, #1262 ) ) ;
#1791 = FILL_AREA_STYLE_COLOUR ( '', #35 ) ;
#1792 = DIRECTION ( 'NONE',  ( 0.0000000000000000000, 0.0000000000000000000, -1.000000000000000000 ) ) ;
#1793 = CARTESIAN_POINT ( 'NONE',  ( 1.269999999999998241, -8.954244591070089854, -0.7874000000000002109 ) ) ;
#1794 = EDGE_CURVE ( 'NONE', #2445, #553, #424, .T. ) ;
#1795 =( NAMED_UNIT ( * ) PLANE_ANGLE_UNIT ( ) SI_UNIT ( $, .RADIAN. ) );
#1796 =( NAMED_UNIT ( * ) PLANE_ANGLE_UNIT ( ) SI_UNIT ( $, .RADIAN. ) );
#1797 = EDGE_LOOP ( 'NONE', ( #1089, #1523, #1633, #2056 ) ) ;
#1798 = LINE ( 'NONE', #803, #1229 ) ;
#1799 = CARTESIAN_POINT ( 'NONE',  ( -6.349999999999999645, 5.781483591772214048, -4.924672236613178100 ) ) ;
#1800 = CARTESIAN_POINT ( 'NONE',  ( 0.0000000000000000000, 0.0000000000000000000, 0.0000000000000000000 ) ) ;
#1801 =( NAMED_UNIT ( * ) PLANE_ANGLE_UNIT ( ) SI_UNIT ( $, .RADIAN. ) );
#1802 = ORIENTED_EDGE ( 'NONE', *, *, #2696, .T. ) ;
#1803 = LINE ( 'NONE', #666, #1381 ) ;
#1804 = PRESENTATION_LAYER_ASSIGNMENT (  '', '', ( #1550 ) ) ;
#1805 = ADVANCED_FACE ( 'NONE', ( #3034 ), #1773, .T. ) ;
#1806 = FILL_AREA_STYLE_COLOUR ( '', #425 ) ;
#1807 = ORIENTED_EDGE ( 'NONE', *, *, #2103, .F. ) ;
#1808 =( NAMED_UNIT ( * ) SI_UNIT ( $, .STERADIAN. ) SOLID_ANGLE_UNIT ( ) );
#1809 = CARTESIAN_POINT ( 'NONE',  ( 3.163505730653942472, -7.108765905469613955, 3.962399999999999700 ) ) ;
#1810 = VECTOR ( 'NONE', #960, 1000.000000000000000 ) ;
#1811 = CARTESIAN_POINT ( 'NONE',  ( -6.349999999999999645, -8.954244591070089854, -4.762499999999998401 ) ) ;
#1812 = FACE_OUTER_BOUND ( 'NONE', #2890, .T. ) ;
#1813 = PRESENTATION_LAYER_ASSIGNMENT (  '', '', ( #1360 ) ) ;
#1814 = SURFACE_SIDE_STYLE ('',( #659 ) ) ;
#1815 = EDGE_LOOP ( 'NONE', ( #2798, #710, #1603, #2732 ) ) ;
#1816 = PRESENTATION_LAYER_ASSIGNMENT (  '', '', ( #1723 ) ) ;
#1817 =( NAMED_UNIT ( * ) PLANE_ANGLE_UNIT ( ) SI_UNIT ( $, .RADIAN. ) );
#1818 = LINE ( 'NONE', #1635, #1436 ) ;
#1819 = AXIS2_PLACEMENT_3D ( 'NONE', #2224, #2505, #845 ) ;
#1820 = CARTESIAN_POINT ( 'NONE',  ( -6.045200000000003904, -8.573244591070091403, 0.7873999999999998778 ) ) ;
#1821 = ORIENTED_EDGE ( 'NONE', *, *, #2209, .T. ) ;
#1822 =( NAMED_UNIT ( * ) PLANE_ANGLE_UNIT ( ) SI_UNIT ( $, .RADIAN. ) );
#1823 = CARTESIAN_POINT ( 'NONE',  ( -6.349999999999999645, -8.954244591070089854, 4.762500000000000178 ) ) ;
#1824 = FILL_AREA_STYLE ('',( #879 ) ) ;
#1825 = AXIS2_PLACEMENT_3D ( 'NONE', #766, #2483, #2727 ) ;
#1826 = ADVANCED_FACE ( 'NONE', ( #852 ), #2526, .F. ) ;
#1827 = ORIENTED_EDGE ( 'NONE', *, *, #2151, .T. ) ;
#1828 = STYLED_ITEM ( 'NONE', ( #2796 ), #2169 ) ;
#1829 = VECTOR ( 'NONE', #360, 1000.000000000000000 ) ;
#1830 = CARTESIAN_POINT ( 'NONE',  ( -6.349999999999999645, -6.302310220070096669, -4.762500000000000178 ) ) ;
#1831 = AXIS2_PLACEMENT_3D ( 'NONE', #147, #922, #1351 ) ;
#1832 = VECTOR ( 'NONE', #2676, 1000.000000000000000 ) ;
#1833 = SURFACE_STYLE_USAGE ( .BOTH. , #190 ) ;
#1834 = CARTESIAN_POINT ( 'NONE',  ( -6.349999999999999645, 7.690151546602133514, -4.896262381873219383 ) ) ;
#1835 = AXIS2_PLACEMENT_3D ( 'NONE', #370, #1316, #2464 ) ;
#1836 = VERTEX_POINT ( 'NONE', #15 ) ;
#1837 = SURFACE_SIDE_STYLE ('',( #1395 ) ) ;
#1838 = LINE ( 'NONE', #662, #448 ) ;
#1839 = LINE ( 'NONE', #939, #1195 ) ;
#1840 = CIRCLE ( 'NONE', #897, 7.594599999999998907 ) ;
#1841 = ORIENTED_EDGE ( 'NONE', *, *, #404, .T. ) ;
#1842 = CARTESIAN_POINT ( 'NONE',  ( -6.349999999999999645, 7.690151546602132626, -4.896262381873219383 ) ) ;
#1843 = PRESENTATION_STYLE_ASSIGNMENT (( #2576 ) ) ;
#1844 = UNCERTAINTY_MEASURE_WITH_UNIT (LENGTH_MEASURE( 1.000000000000000082E-05 ), #2113, 'distance_accuracy_value', 'NONE');
#1845 = VERTEX_POINT ( 'NONE', #1691 ) ;
#1846 = EDGE_CURVE ( 'NONE', #24, #2911, #1021, .T. ) ;
#1847 = SURFACE_STYLE_FILL_AREA ( #2047 ) ;
#1848 = LINE ( 'NONE', #1129, #995 ) ;
#1849 = DIRECTION ( 'NONE',  ( 0.0000000000000000000, -1.000000000000000000, 0.0000000000000000000 ) ) ;
#1850 =( NAMED_UNIT ( * ) PLANE_ANGLE_UNIT ( ) SI_UNIT ( $, .RADIAN. ) );
#1851 = EDGE_LOOP ( 'NONE', ( #1127, #1898 ) ) ;
#1852 = CARTESIAN_POINT ( 'NONE',  ( 1.269999999999998463, -8.573244591070091403, 0.7873999999999997668 ) ) ;
#1853 = LINE ( 'NONE', #509, #1040 ) ;
#1854 = ORIENTED_EDGE ( 'NONE', *, *, #3033, .F. ) ;
#1855 = FILL_AREA_STYLE ('',( #3070 ) ) ;
#1856 = EDGE_CURVE ( 'NONE', #1929, #1352, #2644, .T. ) ;
#1857 = COLOUR_RGB ( '',1.000000000000000000, 0.8666666666666666963, 0.5294117647058823595 ) ;
#1858 = ORIENTED_EDGE ( 'NONE', *, *, #2891, .T. ) ;
#1859 =( NAMED_UNIT ( * ) PLANE_ANGLE_UNIT ( ) SI_UNIT ( $, .RADIAN. ) );
#1860 = DIRECTION ( 'NONE',  ( 1.000000000000000000, 0.0000000000000000000, 0.0000000000000000000 ) ) ;
#1861 = PRESENTATION_STYLE_ASSIGNMENT (( #1167 ) ) ;
#1862 = EDGE_CURVE ( 'NONE', #355, #1169, #2596, .T. ) ;
#1863 = DIRECTION ( 'NONE',  ( 0.0000000000000000000, 0.0000000000000000000, 1.000000000000000000 ) ) ;
#1864 = ORIENTED_EDGE ( 'NONE', *, *, #718, .T. ) ;
#1865 = SURFACE_SIDE_STYLE ('',( #920 ) ) ;
#1866 = CARTESIAN_POINT ( 'NONE',  ( 1.612030646727156347, -8.649444591070089672, 1.407571933412356868 ) ) ;
#1867 = AXIS2_PLACEMENT_3D ( 'NONE', #1343, #2985, #151 ) ;
#1868 = SURFACE_STYLE_USAGE ( .BOTH. , #2117 ) ;
#1869 = DIRECTION ( 'NONE',  ( -1.000000000000000000, -0.0000000000000000000, -0.0000000000000000000 ) ) ;
#1870 = ORIENTED_EDGE ( 'NONE', *, *, #472, .F. ) ;
#1871 = FACE_BOUND ( 'NONE', #1139, .T. ) ;
#1872 = PLANE ( 'NONE',  #1989 ) ;
#1873 = CIRCLE ( 'NONE', #535, 0.9652000000000002800 ) ;
#1874 =( NAMED_UNIT ( * ) SI_UNIT ( $, .STERADIAN. ) SOLID_ANGLE_UNIT ( ) );
#1875 = MECHANICAL_DESIGN_GEOMETRIC_PRESENTATION_REPRESENTATION (  '', ( #1624 ), #2945 ) ;
#1876 = ORIENTED_EDGE ( 'NONE', *, *, #420, .F. ) ;
#1877 = AXIS2_PLACEMENT_3D ( 'NONE', #2367, #751, #3 ) ;
#1878 =( NAMED_UNIT ( * ) SI_UNIT ( $, .STERADIAN. ) SOLID_ANGLE_UNIT ( ) );
#1879 = CIRCLE ( 'NONE', #1683, 7.899399999999997313 ) ;
#1880 = FILL_AREA_STYLE_COLOUR ( '', #290 ) ;
#1881 = CIRCLE ( 'NONE', #283, 0.3936999999999999944 ) ;
#1882 = DIRECTION ( 'NONE',  ( 0.8984316367286956373, -0.4391134182930385710, 0.0000000000000000000 ) ) ;
#1883 = DIRECTION ( 'NONE',  ( 1.000000000000000000, 0.0000000000000000000, 0.0000000000000000000 ) ) ;
#1884 = VERTEX_POINT ( 'NONE', #1657 ) ;
#1885 =( GEOMETRIC_REPRESENTATION_CONTEXT ( 3 ) GLOBAL_UNCERTAINTY_ASSIGNED_CONTEXT ( ( #2420 ) ) GLOBAL_UNIT_ASSIGNED_CONTEXT ( ( #2872, #2734, #75 ) ) REPRESENTATION_CONTEXT ( 'NONE', 'WORKASPACE' ) );
#1886 = CARTESIAN_POINT ( 'NONE',  ( 1.711058163179627556, 2.548185983883973993, -5.555204796616451477E-16 ) ) ;
#1887 = STYLED_ITEM ( 'NONE', ( #2280 ), #1259 ) ;
#1888 = DIRECTION ( 'NONE',  ( -0.0000000000000000000, -1.000000000000000000, -0.0000000000000000000 ) ) ;
#1889 = ADVANCED_FACE ( 'NONE', ( #2137 ), #232, .T. ) ;
#1890 = VECTOR ( 'NONE', #907, 1000.000000000000000 ) ;
#1891 = STYLED_ITEM ( 'NONE', ( #2005 ), #1438 ) ;
#1892 = CARTESIAN_POINT ( 'NONE',  ( 2.818092669415988460, -6.784401859365697618, -2.500692515877084521 ) ) ;
#1893 = ORIENTED_EDGE ( 'NONE', *, *, #184, .T. ) ;
#1894 = DIRECTION ( 'NONE',  ( 1.000000000000000000, 0.0000000000000000000, 0.0000000000000000000 ) ) ;
#1895 = CIRCLE ( 'NONE', #1953, 0.3937000000000001054 ) ;
#1896 = SURFACE_STYLE_USAGE ( .BOTH. , #1777 ) ;
#1897 =( LENGTH_UNIT ( ) NAMED_UNIT ( * ) SI_UNIT ( .MILLI., .METRE. ) );
#1898 = ORIENTED_EDGE ( 'NONE', *, *, #266, .F. ) ;
#1899 = SURFACE_STYLE_FILL_AREA ( #237 ) ;
#1900 = DIRECTION ( 'NONE',  ( 0.0000000000000000000, 0.0000000000000000000, -1.000000000000000000 ) ) ;
#1901 = PRESENTATION_STYLE_ASSIGNMENT (( #1467 ) ) ;
#1902 = EDGE_CURVE ( 'NONE', #2467, #24, #71, .T. ) ;
#1903 = FILL_AREA_STYLE ('',( #2620 ) ) ;
#1904 = APPLICATION_PROTOCOL_DEFINITION ( 'draft international standard', 'automotive_design', 1998, #2725 ) ;
#1905 = EDGE_LOOP ( 'NONE', ( #1, #2823, #831, #152 ) ) ;
#1906 = DIRECTION ( 'NONE',  ( -1.000000000000000000, 0.0000000000000000000, 0.0000000000000000000 ) ) ;
#1907 = DIRECTION ( 'NONE',  ( 0.0000000000000000000, 0.0000000000000000000, 1.000000000000000000 ) ) ;
#1908 = CARTESIAN_POINT ( 'NONE',  ( -6.349999999999999645, -6.302310220070093116, 4.762500000000001066 ) ) ;
#1909 = ORIENTED_EDGE ( 'NONE', *, *, #72, .T. ) ;
#1910 = LINE ( 'NONE', #1715, #590 ) ;
#1911 = DIRECTION ( 'NONE',  ( 0.0000000000000000000, 0.0000000000000000000, -1.000000000000000000 ) ) ;
#1912 = FILL_AREA_STYLE_COLOUR ( '', #872 ) ;
#1913 = ORIENTED_EDGE ( 'NONE', *, *, #798, .F. ) ;
#1914 = EDGE_CURVE ( 'NONE', #2933, #129, #2158, .T. ) ;
#1915 = CARTESIAN_POINT ( 'NONE',  ( 2.549719395112314935, -1.912825016638803000, 0.0000000000000000000 ) ) ;
#1916 =( GEOMETRIC_REPRESENTATION_CONTEXT ( 3 ) GLOBAL_UNCERTAINTY_ASSIGNED_CONTEXT ( ( #2010 ) ) GLOBAL_UNIT_ASSIGNED_CONTEXT ( ( #37, #3110, #1646 ) ) REPRESENTATION_CONTEXT ( 'NONE', 'WORKASPACE' ) );
#1917 = CARTESIAN_POINT ( 'NONE',  ( 1.524000000000002242, -8.954244591070089854, -0.8802949302288967104 ) ) ;
#1918 = LINE ( 'NONE', #2907, #1941 ) ;
#1919 = SURFACE_STYLE_FILL_AREA ( #454 ) ;
#1920 = ORIENTED_EDGE ( 'NONE', *, *, #3014, .F. ) ;
#1921 =( NAMED_UNIT ( * ) SI_UNIT ( $, .STERADIAN. ) SOLID_ANGLE_UNIT ( ) );
#1922 = CARTESIAN_POINT ( 'NONE',  ( -6.349999999999999645, 6.748286867988303683, -5.748196021999999239 ) ) ;
#1923 = ORIENTED_EDGE ( 'NONE', *, *, #1143, .T. ) ;
#1924 = STYLED_ITEM ( 'NONE', ( #1448 ), #1889 ) ;
#1925 = FILL_AREA_STYLE ('',( #2154 ) ) ;
#1926 = CARTESIAN_POINT ( 'NONE',  ( -6.045200000000003904, -12.23084459107009003, 0.7873999999999998778 ) ) ;
#1927 = DIRECTION ( 'NONE',  ( -0.0000000000000000000, 1.000000000000000000, 0.0000000000000000000 ) ) ;
#1928 = VECTOR ( 'NONE', #163, 1000.000000000000000 ) ;
#1929 = VERTEX_POINT ( 'NONE', #3085 ) ;
#1930 =( GEOMETRIC_REPRESENTATION_CONTEXT ( 3 ) GLOBAL_UNCERTAINTY_ASSIGNED_CONTEXT ( ( #785 ) ) GLOBAL_UNIT_ASSIGNED_CONTEXT ( ( #1961, #50, #2884 ) ) REPRESENTATION_CONTEXT ( 'NONE', 'WORKASPACE' ) );
#1931 = CARTESIAN_POINT ( 'NONE',  ( 1.117599999999996374, -12.23084459107009003, -0.7874000000000002109 ) ) ;
#1932 = ADVANCED_FACE ( 'NONE', ( #928 ), #2615, .F. ) ;
#1933 = STYLED_ITEM ( 'NONE', ( #2516 ), #749 ) ;
#1934 = VECTOR ( 'NONE', #67, 1000.000000000000000 ) ;
#1935 = DIRECTION ( 'NONE',  ( 1.000000000000000000, 0.0000000000000000000, 0.0000000000000000000 ) ) ;
#1936 = AXIS2_PLACEMENT_3D ( 'NONE', #715, #601, #1573 ) ;
#1937 = ORIENTED_EDGE ( 'NONE', *, *, #1296, .T. ) ;
#1938 = DIRECTION ( 'NONE',  ( 0.0000000000000000000, 0.0000000000000000000, -1.000000000000000000 ) ) ;
#1939 =( NAMED_UNIT ( * ) PLANE_ANGLE_UNIT ( ) SI_UNIT ( $, .RADIAN. ) );
#1940 = STYLED_ITEM ( 'NONE', ( #847 ), #1084 ) ;
#1941 = VECTOR ( 'NONE', #532, 1000.000000000000000 ) ;
#1942 = DIRECTION ( 'NONE',  ( -1.000000000000000000, 0.0000000000000000000, 0.0000000000000000000 ) ) ;
#1943 = VERTEX_POINT ( 'NONE', #2778 ) ;
#1944 = PRESENTATION_LAYER_ASSIGNMENT (  '', '', ( #2755 ) ) ;
#1945 = UNCERTAINTY_MEASURE_WITH_UNIT (LENGTH_MEASURE( 1.000000000000000082E-05 ), #2411, 'distance_accuracy_value', 'NONE');
#1946 = CARTESIAN_POINT ( 'NONE',  ( 1.777545974569638032, 4.575234094530384432, 3.962399999999999700 ) ) ;
#1947 = UNCERTAINTY_MEASURE_WITH_UNIT (LENGTH_MEASURE( 1.000000000000000082E-05 ), #1276, 'distance_accuracy_value', 'NONE');
#1948 = FILL_AREA_STYLE ('',( #53 ) ) ;
#1949 = LINE ( 'NONE', #2281, #2748 ) ;
#1950 =( GEOMETRIC_REPRESENTATION_CONTEXT ( 3 ) GLOBAL_UNCERTAINTY_ASSIGNED_CONTEXT ( ( #760 ) ) GLOBAL_UNIT_ASSIGNED_CONTEXT ( ( #921, #2800, #1601 ) ) REPRESENTATION_CONTEXT ( 'NONE', 'WORKASPACE' ) );
#1951 = ORIENTED_EDGE ( 'NONE', *, *, #2466, .T. ) ;
#1952 = CARTESIAN_POINT ( 'NONE',  ( 2.725341296283454451, -6.002483741669202288, -2.500692515877084521 ) ) ;
#1953 = AXIS2_PLACEMENT_3D ( 'NONE', #3045, #622, #350 ) ;
#1954 = FILL_AREA_STYLE_COLOUR ( '', #3005 ) ;
#1955 = DIRECTION ( 'NONE',  ( 0.1177944794672778073, -0.9930379955505392875, 0.0000000000000000000 ) ) ;
#1956 = EDGE_LOOP ( 'NONE', ( #116, #1367, #1340, #2223, #1719, #2457, #526, #1341, #3077, #811, #2818, #3057 ) ) ;
#1957 = EDGE_CURVE ( 'NONE', #49, #924, #1066, .T. ) ;
#1958 = PRESENTATION_STYLE_ASSIGNMENT (( #1664 ) ) ;
#1959 =( LENGTH_UNIT ( ) NAMED_UNIT ( * ) SI_UNIT ( .MILLI., .METRE. ) );
#1960 = EDGE_LOOP ( 'NONE', ( #410, #736, #919, #1967 ) ) ;
#1961 =( LENGTH_UNIT ( ) NAMED_UNIT ( * ) SI_UNIT ( .MILLI., .METRE. ) );
#1962 = FILL_AREA_STYLE_COLOUR ( '', #1578 ) ;
#1963 = DIRECTION ( 'NONE',  ( 0.0000000000000000000, 0.0000000000000000000, -1.000000000000000000 ) ) ;
#1964 = ORIENTED_EDGE ( 'NONE', *, *, #416, .F. ) ;
#1965 = DIRECTION ( 'NONE',  ( -0.0000000000000000000, -1.000000000000000000, -0.0000000000000000000 ) ) ;
#1966 = SURFACE_STYLE_USAGE ( .BOTH. , #2764 ) ;
#1967 = ORIENTED_EDGE ( 'NONE', *, *, #2124, .F. ) ;
#1968 = MECHANICAL_DESIGN_GEOMETRIC_PRESENTATION_REPRESENTATION (  '', ( #1504 ), #1357 ) ;
#1969 = LINE ( 'NONE', #1490, #431 ) ;
#1970 = EDGE_CURVE ( 'NONE', #2747, #1489, #276, .T. ) ;
#1971 = ORIENTED_EDGE ( 'NONE', *, *, #1697, .T. ) ;
#1972 = CARTESIAN_POINT ( 'NONE',  ( 2.415500097802101731, -0.7813215491765461707, 1.395406928899591091E-16 ) ) ;
#1973 = LINE ( 'NONE', #1690, #1237 ) ;
#1974 = EDGE_LOOP ( 'NONE', ( #294, #1698, #1693, #615 ) ) ;
#1975 = PRESENTATION_LAYER_ASSIGNMENT (  '', '', ( #2841 ) ) ;
#1976 = DIRECTION ( 'NONE',  ( -0.1177944794672780571, 0.9930379955505395095, 0.0000000000000000000 ) ) ;
#1977 = DIRECTION ( 'NONE',  ( 1.000000000000000000, 0.0000000000000000000, -0.0000000000000000000 ) ) ;
#1978 =( GEOMETRIC_REPRESENTATION_CONTEXT ( 3 ) GLOBAL_UNCERTAINTY_ASSIGNED_CONTEXT ( ( #1494 ) ) GLOBAL_UNIT_ASSIGNED_CONTEXT ( ( #158, #3096, #172 ) ) REPRESENTATION_CONTEXT ( 'NONE', 'WORKASPACE' ) );
#1979 = MECHANICAL_DESIGN_GEOMETRIC_PRESENTATION_REPRESENTATION (  '', ( #1933 ), #2797 ) ;
#1980 = DIRECTION ( 'NONE',  ( -0.9930379955505392875, -0.1177944794672777518, -0.0000000000000000000 ) ) ;
#1981 = LINE ( 'NONE', #1753, #835 ) ;
#1982 =( GEOMETRIC_REPRESENTATION_CONTEXT ( 3 ) GLOBAL_UNCERTAINTY_ASSIGNED_CONTEXT ( ( #1714 ) ) GLOBAL_UNIT_ASSIGNED_CONTEXT ( ( #1201, #2160, #253 ) ) REPRESENTATION_CONTEXT ( 'NONE', 'WORKASPACE' ) );
#1983 = VERTEX_POINT ( 'NONE', #2677 ) ;
#1984 = DIRECTION ( 'NONE',  ( -0.0000000000000000000, -0.0000000000000000000, -1.000000000000000000 ) ) ;
#1985 = AXIS2_PLACEMENT_3D ( 'NONE', #1757, #321, #2968 ) ;
#1986 = EDGE_CURVE ( 'NONE', #1169, #2953, #1879, .T. ) ;
#1987 = FILL_AREA_STYLE_COLOUR ( '', #743 ) ;
#1988 = AXIS2_PLACEMENT_3D ( 'NONE', #520, #1907, #227 ) ;
#1989 = AXIS2_PLACEMENT_3D ( 'NONE', #1823, #1197, #52 ) ;
#1990 = PRESENTATION_LAYER_ASSIGNMENT (  '', '', ( #240 ) ) ;
#1991 = DIRECTION ( 'NONE',  ( 0.0000000000000000000, 1.000000000000000000, 0.0000000000000000000 ) ) ;
#1992 = MECHANICAL_DESIGN_GEOMETRIC_PRESENTATION_REPRESENTATION (  '', ( #848 ), #2100 ) ;
#1993 = CYLINDRICAL_SURFACE ( 'NONE', #1739, 0.9652000000000002800 ) ;
#1994 = EDGE_CURVE ( 'NONE', #1727, #2646, #1300, .T. ) ;
#1995 = LINE ( 'NONE', #2461, #2282 ) ;
#1996 =( LENGTH_UNIT ( ) NAMED_UNIT ( * ) SI_UNIT ( .MILLI., .METRE. ) );
#1997 = ORIENTED_EDGE ( 'NONE', *, *, #136, .F. ) ;
#1998 = CARTESIAN_POINT ( 'NONE',  ( -6.349999999999999645, 0.0000000000000000000, 0.0000000000000000000 ) ) ;
#1999 = UNCERTAINTY_MEASURE_WITH_UNIT (LENGTH_MEASURE( 1.000000000000000082E-05 ), #2978, 'distance_accuracy_value', 'NONE');
#2000 = DIRECTION ( 'NONE',  ( -1.000000000000000000, 0.0000000000000000000, -0.0000000000000000000 ) ) ;
#2001 = LINE ( 'NONE', #804, #2089 ) ;
#2002 = VERTEX_POINT ( 'NONE', #2205 ) ;
#2003 = EDGE_CURVE ( 'NONE', #1884, #2227, #54, .T. ) ;
#2004 = FILL_AREA_STYLE_COLOUR ( '', #690 ) ;
#2005 = PRESENTATION_STYLE_ASSIGNMENT (( #81 ) ) ;
#2006 =( LENGTH_UNIT ( ) NAMED_UNIT ( * ) SI_UNIT ( .MILLI., .METRE. ) );
#2007 = LINE ( 'NONE', #2246, #181 ) ;
#2008 = MECHANICAL_DESIGN_GEOMETRIC_PRESENTATION_REPRESENTATION (  '', ( #1605 ), #2423 ) ;
#2009 = ORIENTED_EDGE ( 'NONE', *, *, #941, .T. ) ;
#2010 = UNCERTAINTY_MEASURE_WITH_UNIT (LENGTH_MEASURE( 1.000000000000000082E-05 ), #37, 'distance_accuracy_value', 'NONE');
#2011 = PRESENTATION_STYLE_ASSIGNMENT (( #2475 ) ) ;
#2012 = CYLINDRICAL_SURFACE ( 'NONE', #793, 0.7873999999999999888 ) ;
#2013 = AXIS2_PLACEMENT_3D ( 'NONE', #56, #2918, #557 ) ;
#2014 = PLANE ( 'NONE',  #2713 ) ;
#2015 = EDGE_LOOP ( 'NONE', ( #2901, #2592, #1116, #2272, #1997, #3094 ) ) ;
#2016 = PRESENTATION_STYLE_ASSIGNMENT (( #2562 ) ) ;
#2017 = VERTEX_POINT ( 'NONE', #990 ) ;
#2018 = COLOUR_RGB ( '',1.000000000000000000, 0.8666666666666666963, 0.5294117647058823595 ) ;
#2019 = CARTESIAN_POINT ( 'NONE',  ( -5.168900000000000716, -8.649444591070091448, 1.181099999999999817 ) ) ;
#2020 = EDGE_CURVE ( 'NONE', #2409, #2875, #2032, .T. ) ;
#2021 = SURFACE_SIDE_STYLE ('',( #1741 ) ) ;
#2022 =( LENGTH_UNIT ( ) NAMED_UNIT ( * ) SI_UNIT ( .MILLI., .METRE. ) );
#2023 = VECTOR ( 'NONE', #3069, 1000.000000000000000 ) ;
#2024 = VECTOR ( 'NONE', #1699, 1000.000000000000000 ) ;
#2025 = EDGE_CURVE ( 'NONE', #2510, #1470, #991, .T. ) ;
#2026 = CARTESIAN_POINT ( 'NONE',  ( 2.676607184549422147, 7.047746144203708596, 3.962399999999999700 ) ) ;
#2027 = COLOUR_RGB ( '',1.000000000000000000, 0.8666666666666666963, 0.5294117647058823595 ) ;
#2028 = ORIENTED_EDGE ( 'NONE', *, *, #2471, .F. ) ;
#2029 = SURFACE_STYLE_FILL_AREA ( #1072 ) ;
#2030 = FILL_AREA_STYLE ('',( #1987 ) ) ;
#2031 = MECHANICAL_DESIGN_GEOMETRIC_PRESENTATION_REPRESENTATION (  '', ( #1521 ), #1424 ) ;
#2032 = CIRCLE ( 'NONE', #233, 1.346200000000000507 ) ;
#2033 = PRESENTATION_STYLE_ASSIGNMENT (( #3002 ) ) ;
#2034 = VERTEX_POINT ( 'NONE', #525 ) ;
#2035 = VECTOR ( 'NONE', #3103, 1000.000000000000000 ) ;
#2036 = DIRECTION ( 'NONE',  ( 0.1177944794672776546, -0.9930379955505392875, 0.0000000000000000000 ) ) ;
#2037 = EDGE_CURVE ( 'NONE', #598, #1645, #1949, .T. ) ;
#2038 = VECTOR ( 'NONE', #1111, 1000.000000000000000 ) ;
#2039 = STYLED_ITEM ( 'NONE', ( #2384 ), #1165 ) ;
#2040 = STYLED_ITEM ( 'NONE', ( #2613 ), #2425 ) ;
#2041 = EDGE_LOOP ( 'NONE', ( #1841, #157, #216, #197, #2427, #1122, #969, #407, #692, #1251, #1518, #1710 ) ) ;
#2042 = SURFACE_STYLE_FILL_AREA ( #2296 ) ;
#2043 = DIRECTION ( 'NONE',  ( -0.0000000000000000000, -0.0000000000000000000, 1.000000000000000000 ) ) ;
#2044 = CIRCLE ( 'NONE', #1835, 6.350000000000000533 ) ;
#2045 = PRESENTATION_LAYER_ASSIGNMENT (  '', '', ( #2815 ) ) ;
#2046 = COLOUR_RGB ( '',1.000000000000000000, 0.8666666666666666963, 0.5294117647058823595 ) ;
#2047 = FILL_AREA_STYLE ('',( #430 ) ) ;
#2048 = SURFACE_SIDE_STYLE ('',( #902 ) ) ;
#2049 = PRESENTATION_STYLE_ASSIGNMENT (( #1067 ) ) ;
#2050 = EDGE_CURVE ( 'NONE', #1489, #1001, #39, .T. ) ;
#2051 = CARTESIAN_POINT ( 'NONE',  ( -6.663215500979069006, -6.323236988080407350, -2.500692515877084521 ) ) ;
#2052 = ORIENTED_EDGE ( 'NONE', *, *, #2655, .F. ) ;
#2053 = DIRECTION ( 'NONE',  ( 0.0000000000000000000, 0.0000000000000000000, -1.000000000000000000 ) ) ;
#2054 = CARTESIAN_POINT ( 'NONE',  ( 1.612033959255162685, -8.649444591070087895, 0.9546308636884830445 ) ) ;
#2055 = SURFACE_STYLE_FILL_AREA ( #1093 ) ;
#2056 = ORIENTED_EDGE ( 'NONE', *, *, #2471, .T. ) ;
#2057 = CARTESIAN_POINT ( 'NONE',  ( -5.168900000000000716, -8.573244591070091403, 0.7873999999999999888 ) ) ;
#2058 = DIRECTION ( 'NONE',  ( -1.000000000000000000, 0.0000000000000000000, 0.0000000000000000000 ) ) ;
#2059 = DIRECTION ( 'NONE',  ( 0.4388117733577207580, 0.8985790046304511502, 0.0000000000000000000 ) ) ;
#2060 = CYLINDRICAL_SURFACE ( 'NONE', #1692, 1.139436227548324299 ) ;
#2061 = VERTEX_POINT ( 'NONE', #1544 ) ;
#2062 = DIRECTION ( 'NONE',  ( 1.000000000000000000, 0.0000000000000000000, 0.0000000000000000000 ) ) ;
#2063 = DIRECTION ( 'NONE',  ( 1.000000000000000000, 0.0000000000000000000, 0.0000000000000000000 ) ) ;
#2064 = FILL_AREA_STYLE_COLOUR ( '', #2240 ) ;
#2065 = ADVANCED_FACE ( 'NONE', ( #776 ), #260, .F. ) ;
#2066 = AXIS2_PLACEMENT_3D ( 'NONE', #202, #1226, #1418 ) ;
#2067 = VERTEX_POINT ( 'NONE', #205 ) ;
#2068 = LINE ( 'NONE', #2559, #166 ) ;
#2069 = DIRECTION ( 'NONE',  ( -0.8984316367286956373, 0.4391134182930385710, -0.0000000000000000000 ) ) ;
#2070 = DIRECTION ( 'NONE',  ( -1.000000000000000000, 0.0000000000000000000, -1.835919350580821157E-16 ) ) ;
#2071 = ORIENTED_EDGE ( 'NONE', *, *, #1048, .F. ) ;
#2072 = DIRECTION ( 'NONE',  ( -0.9930379955505392875, -0.1177944794672777518, -0.0000000000000000000 ) ) ;
#2073 = CARTESIAN_POINT ( 'NONE',  ( 1.269999999999998463, -8.954244591070089854, 1.181099999999999595 ) ) ;
#2074 = VECTOR ( 'NONE', #1927, 1000.000000000000000 ) ;
#2075 = DIRECTION ( 'NONE',  ( -0.8985790046304513723, 0.4388117733577204249, 0.0000000000000000000 ) ) ;
#2076 = COLOUR_RGB ( '',1.000000000000000000, 0.8666666666666666963, 0.5294117647058823595 ) ;
#2077 = CARTESIAN_POINT ( 'NONE',  ( -5.168900000000000716, -8.954244591070089854, -0.7873999999999997668 ) ) ;
#2078 = VERTEX_POINT ( 'NONE', #2351 ) ;
#2079 = VECTOR ( 'NONE', #609, 1000.000000000000000 ) ;
#2080 =( NAMED_UNIT ( * ) SI_UNIT ( $, .STERADIAN. ) SOLID_ANGLE_UNIT ( ) );
#2081 =( LENGTH_UNIT ( ) NAMED_UNIT ( * ) SI_UNIT ( .MILLI., .METRE. ) );
#2082 = STYLED_ITEM ( 'NONE', ( #3074 ), #755 ) ;
#2083 = PRESENTATION_STYLE_ASSIGNMENT (( #627 ) ) ;
#2084 = EDGE_LOOP ( 'NONE', ( #2118, #2449, #2153, #2338 ) ) ;
#2085 = DIRECTION ( 'NONE',  ( -0.1177944794672776407, 0.9930379955505393985, 0.0000000000000000000 ) ) ;
#2086 = ADVANCED_FACE ( 'NONE', ( #641 ), #3092, .T. ) ;
#2087 = CARTESIAN_POINT ( 'NONE',  ( -6.349999999999998757, -8.649444591070091448, -4.457699999999999996 ) ) ;
#2088 = PRESENTATION_LAYER_ASSIGNMENT (  '', '', ( #1521 ) ) ;
#2089 = VECTOR ( 'NONE', #610, 1000.000000000000000 ) ;
#2090 = ORIENTED_EDGE ( 'NONE', *, *, #1957, .T. ) ;
#2091 = EDGE_CURVE ( 'NONE', #2067, #898, #1347, .T. ) ;
#2092 = PRESENTATION_LAYER_ASSIGNMENT (  '', '', ( #2752 ) ) ;
#2093 = DIRECTION ( 'NONE',  ( 1.000000000000000000, 0.0000000000000000000, 0.0000000000000000000 ) ) ;
#2094 =( LENGTH_UNIT ( ) NAMED_UNIT ( * ) SI_UNIT ( .MILLI., .METRE. ) );
#2095 = PRESENTATION_LAYER_ASSIGNMENT (  '', '', ( #1828 ) ) ;
#2096 = CIRCLE ( 'NONE', #1379, 0.3936999999999999944 ) ;
#2097 =( GEOMETRIC_REPRESENTATION_CONTEXT ( 3 ) GLOBAL_UNCERTAINTY_ASSIGNED_CONTEXT ( ( #2675 ) ) GLOBAL_UNIT_ASSIGNED_CONTEXT ( ( #774, #476, #1208 ) ) REPRESENTATION_CONTEXT ( 'NONE', 'WORKASPACE' ) );
#2098 = DIRECTION ( 'NONE',  ( -0.4388117733577204249, -0.8985790046304513723, 0.0000000000000000000 ) ) ;
#2099 = SURFACE_SIDE_STYLE ('',( #1130 ) ) ;
#2100 =( GEOMETRIC_REPRESENTATION_CONTEXT ( 3 ) GLOBAL_UNCERTAINTY_ASSIGNED_CONTEXT ( ( #272 ) ) GLOBAL_UNIT_ASSIGNED_CONTEXT ( ( #1787, #1801, #2540 ) ) REPRESENTATION_CONTEXT ( 'NONE', 'WORKASPACE' ) );
#2101 = LINE ( 'NONE', #3116, #951 ) ;
#2102 = EDGE_LOOP ( 'NONE', ( #2774, #235, #1747, #2249, #1923, #518, #1626, #2159 ) ) ;
#2103 = EDGE_CURVE ( 'NONE', #45, #2888, #885, .T. ) ;
#2104 = CARTESIAN_POINT ( 'NONE',  ( -6.349999999999999645, 7.690151546602132626, -4.896262381873219383 ) ) ;
#2105 =( GEOMETRIC_REPRESENTATION_CONTEXT ( 3 ) GLOBAL_UNCERTAINTY_ASSIGNED_CONTEXT ( ( #2167 ) ) GLOBAL_UNIT_ASSIGNED_CONTEXT ( ( #211, #2610, #725 ) ) REPRESENTATION_CONTEXT ( 'NONE', 'WORKASPACE' ) );
#2106 = ORIENTED_EDGE ( 'NONE', *, *, #2318, .F. ) ;
#2107 = DIRECTION ( 'NONE',  ( 1.000000000000000000, 0.0000000000000000000, 0.0000000000000000000 ) ) ;
#2108 =( NAMED_UNIT ( * ) PLANE_ANGLE_UNIT ( ) SI_UNIT ( $, .RADIAN. ) );
#2109 = UNCERTAINTY_MEASURE_WITH_UNIT (LENGTH_MEASURE( 1.000000000000000082E-05 ), #1665, 'distance_accuracy_value', 'NONE');
#2110 = ORIENTED_EDGE ( 'NONE', *, *, #667, .F. ) ;
#2111 = EDGE_CURVE ( 'NONE', #2584, #2078, #156, .T. ) ;
#2112 = CARTESIAN_POINT ( 'NONE',  ( 2.683938692422528582, -3.044328484101059384, 0.0000000000000000000 ) ) ;
#2113 =( LENGTH_UNIT ( ) NAMED_UNIT ( * ) SI_UNIT ( .MILLI., .METRE. ) );
#2114 = ORIENTED_EDGE ( 'NONE', *, *, #1994, .T. ) ;
#2115 = FILL_AREA_STYLE ('',( #1336 ) ) ;
#2116 = FACE_OUTER_BOUND ( 'NONE', #1583, .T. ) ;
#2117 = SURFACE_SIDE_STYLE ('',( #908 ) ) ;
#2118 = ORIENTED_EDGE ( 'NONE', *, *, #429, .F. ) ;
#2119 = DIRECTION ( 'NONE',  ( 1.000000000000000000, 0.0000000000000000000, 0.0000000000000000000 ) ) ;
#2120 = CARTESIAN_POINT ( 'NONE',  ( 1.524000000000002242, -8.649444591070089672, 0.8802949302288967104 ) ) ;
#2121 = DIRECTION ( 'NONE',  ( -0.9930379955505393985, -0.1177944794672776546, -0.0000000000000000000 ) ) ;
#2122 = ORIENTED_EDGE ( 'NONE', *, *, #2219, .T. ) ;
#2123 = CYLINDRICAL_SURFACE ( 'NONE', #2220, 1.139436227548324299 ) ;
#2124 = EDGE_CURVE ( 'NONE', #2584, #2646, #386, .T. ) ;
#2125 = DIRECTION ( 'NONE',  ( 0.0000000000000000000, 0.0000000000000000000, -1.000000000000000000 ) ) ;
#2126 = FILL_AREA_STYLE_COLOUR ( '', #884 ) ;
#2127 = ORIENTED_EDGE ( 'NONE', *, *, #1986, .F. ) ;
#2128 = SURFACE_STYLE_USAGE ( .BOTH. , #1837 ) ;
#2129 = DIRECTION ( 'NONE',  ( 1.000000000000000000, 0.0000000000000000000, -1.552186360036513461E-16 ) ) ;
#2130 = VECTOR ( 'NONE', #910, 1000.000000000000000 ) ;
#2131 = LINE ( 'NONE', #3082, #2454 ) ;
#2132 = ORIENTED_EDGE ( 'NONE', *, *, #1249, .T. ) ;
#2133 = DIRECTION ( 'NONE',  ( 0.9930379955505393985, 0.1177944794672777934, 0.0000000000000000000 ) ) ;
#2134 = PLANE ( 'NONE',  #239 ) ;
#2135 =( LENGTH_UNIT ( ) NAMED_UNIT ( * ) SI_UNIT ( .MILLI., .METRE. ) );
#2136 = STYLED_ITEM ( 'NONE', ( #2336 ), #441 ) ;
#2137 = FACE_OUTER_BOUND ( 'NONE', #1974, .T. ) ;
#2138 =( GEOMETRIC_REPRESENTATION_CONTEXT ( 3 ) GLOBAL_UNCERTAINTY_ASSIGNED_CONTEXT ( ( #1157 ) ) GLOBAL_UNIT_ASSIGNED_CONTEXT ( ( #1542, #405, #604 ) ) REPRESENTATION_CONTEXT ( 'NONE', 'WORKASPACE' ) );
#2139 = VERTEX_POINT ( 'NONE', #2845 ) ;
#2140 = EDGE_CURVE ( 'NONE', #171, #2926, #709, .T. ) ;
#2141 = AXIS2_PLACEMENT_3D ( 'NONE', #2583, #1849, #2827 ) ;
#2142 =( GEOMETRIC_REPRESENTATION_CONTEXT ( 3 ) GLOBAL_UNCERTAINTY_ASSIGNED_CONTEXT ( ( #758 ) ) GLOBAL_UNIT_ASSIGNED_CONTEXT ( ( #859, #1031, #1496 ) ) REPRESENTATION_CONTEXT ( 'NONE', 'WORKASPACE' ) );
#2143 = FILL_AREA_STYLE ('',( #720 ) ) ;
#2144 = DIRECTION ( 'NONE',  ( -0.9930379955505395095, -0.1177944794672777795, -0.0000000000000000000 ) ) ;
#2145 = MECHANICAL_DESIGN_GEOMETRIC_PRESENTATION_REPRESENTATION (  '', ( #2292 ), #2951 ) ;
#2146 = EDGE_LOOP ( 'NONE', ( #894, #455, #1178, #439, #1042, #2504, #1654, #1775, #1279, #2670 ) ) ;
#2147 = SURFACE_SIDE_STYLE ('',( #519 ) ) ;
#2148 = COLOUR_RGB ( '',1.000000000000000000, 0.8666666666666666963, 0.5294117647058823595 ) ;
#2149 = FILL_AREA_STYLE ('',( #1429 ) ) ;
#2150 = CIRCLE ( 'NONE', #2551, 1.270000000000000240 ) ;
#2151 = EDGE_CURVE ( 'NONE', #2373, #249, #689, .T. ) ;
#2152 = COLOUR_RGB ( '',1.000000000000000000, 0.8666666666666666963, 0.5294117647058823595 ) ;
#2153 = ORIENTED_EDGE ( 'NONE', *, *, #3014, .T. ) ;
#2154 = FILL_AREA_STYLE_COLOUR ( '', #3091 ) ;
#2155 =( GEOMETRIC_REPRESENTATION_CONTEXT ( 3 ) GLOBAL_UNCERTAINTY_ASSIGNED_CONTEXT ( ( #2290 ) ) GLOBAL_UNIT_ASSIGNED_CONTEXT ( ( #206, #1850, #954 ) ) REPRESENTATION_CONTEXT ( 'NONE', 'WORKASPACE' ) );
#2156 = CARTESIAN_POINT ( 'NONE',  ( 1.269999999999998463, -8.954244591070089854, -1.574800000000000200 ) ) ;
#2157 = CARTESIAN_POINT ( 'NONE',  ( 0.0000000000000000000, -8.649444591070091448, 0.0000000000000000000 ) ) ;
#2158 = LINE ( 'NONE', #3125, #1810 ) ;
#2159 = ORIENTED_EDGE ( 'NONE', *, *, #1243, .F. ) ;
#2160 =( NAMED_UNIT ( * ) PLANE_ANGLE_UNIT ( ) SI_UNIT ( $, .RADIAN. ) );
#2161 = CYLINDRICAL_SURFACE ( 'NONE', #2404, 7.899400000000000865 ) ;
#2162 = CARTESIAN_POINT ( 'NONE',  ( 1.612033959255162241, -8.649444591070087895, -1.407569136311517033 ) ) ;
#2163 = ORIENTED_EDGE ( 'NONE', *, *, #915, .T. ) ;
#2164 = CARTESIAN_POINT ( 'NONE',  ( 1.422399999999995446, -12.23084459107009003, 0.7873999999999991006 ) ) ;
#2165 = CARTESIAN_POINT ( 'NONE',  ( 1.269999999999998463, -8.573244591070091403, -1.574799999999999978 ) ) ;
#2166 = VERTEX_POINT ( 'NONE', #2305 ) ;
#2167 = UNCERTAINTY_MEASURE_WITH_UNIT (LENGTH_MEASURE( 1.000000000000000082E-05 ), #211, 'distance_accuracy_value', 'NONE');
#2168 = DIRECTION ( 'NONE',  ( 1.000000000000000000, 0.0000000000000000000, 0.0000000000000000000 ) ) ;
#2169 = ADVANCED_FACE ( 'NONE', ( #1098 ), #3025, .F. ) ;
#2170 = DIRECTION ( 'NONE',  ( -0.0000000000000000000, -0.0000000000000000000, -1.000000000000000000 ) ) ;
#2171 = DIRECTION ( 'NONE',  ( -1.000000000000000000, 0.0000000000000000000, 0.0000000000000000000 ) ) ;
#2172 = ORIENTED_EDGE ( 'NONE', *, *, #2329, .F. ) ;
#2173 = DIRECTION ( 'NONE',  ( 0.0000000000000000000, -1.000000000000000000, -0.0000000000000000000 ) ) ;
#2174 =( NAMED_UNIT ( * ) SI_UNIT ( $, .STERADIAN. ) SOLID_ANGLE_UNIT ( ) );
#2175 = CARTESIAN_POINT ( 'NONE',  ( 1.524000000000002242, -8.649444591070640342, -0.8802949302288968214 ) ) ;
#2176 = VERTEX_POINT ( 'NONE', #1248 ) ;
#2177 = CARTESIAN_POINT ( 'NONE',  ( -6.350000000000002309, -12.23084459107009003, -1.084202172485504434E-16 ) ) ;
#2178 = CYLINDRICAL_SURFACE ( 'NONE', #1480, 0.9652000000000002800 ) ;
#2179 = PRESENTATION_LAYER_ASSIGNMENT (  '', '', ( #2735 ) ) ;
#2180 = ORIENTED_EDGE ( 'NONE', *, *, #2602, .T. ) ;
#2181 = STYLED_ITEM ( 'NONE', ( #2016 ), #1805 ) ;
#2182 = CARTESIAN_POINT ( 'NONE',  ( 0.0000000000000000000, 5.781483591772203390, 4.924672236613181653 ) ) ;
#2183 = SURFACE_STYLE_USAGE ( .BOTH. , #2408 ) ;
#2184 =( NAMED_UNIT ( * ) SI_UNIT ( $, .STERADIAN. ) SOLID_ANGLE_UNIT ( ) );
#2185 = ADVANCED_FACE ( 'NONE', ( #1408 ), #953, .T. ) ;
#2186 = ORIENTED_EDGE ( 'NONE', *, *, #2838, .T. ) ;
#2187 = VECTOR ( 'NONE', #1745, 1000.000000000000000 ) ;
#2188 = SURFACE_STYLE_USAGE ( .BOTH. , #467 ) ;
#2189 = VECTOR ( 'NONE', #1065, 1000.000000000000000 ) ;
#2190 = EDGE_CURVE ( 'NONE', #2548, #2460, #328, .T. ) ;
#2191 = STYLED_ITEM ( 'NONE', ( #2232 ), #841 ) ;
#2192 = DIRECTION ( 'NONE',  ( -0.0000000000000000000, -0.0000000000000000000, -1.000000000000000000 ) ) ;
#2193 = CIRCLE ( 'NONE', #173, 7.594599999999996243 ) ;
#2194 = ORIENTED_EDGE ( 'NONE', *, *, #1618, .T. ) ;
#2195 = VECTOR ( 'NONE', #935, 1000.000000000000000 ) ;
#2196 = FILL_AREA_STYLE_COLOUR ( '', #2027 ) ;
#2197 = COLOUR_RGB ( '',1.000000000000000000, 0.8666666666666666963, 0.5294117647058823595 ) ;
#2198 = ORIENTED_EDGE ( 'NONE', *, *, #359, .F. ) ;
#2199 = COLOUR_RGB ( '',1.000000000000000000, 0.8666666666666666963, 0.5294117647058823595 ) ;
#2200 = UNCERTAINTY_MEASURE_WITH_UNIT (LENGTH_MEASURE( 1.000000000000000082E-05 ), #299, 'distance_accuracy_value', 'NONE');
#2201 =( NAMED_UNIT ( * ) PLANE_ANGLE_UNIT ( ) SI_UNIT ( $, .RADIAN. ) );
#2202 = DIRECTION ( 'NONE',  ( 0.0000000000000000000, 0.0000000000000000000, -1.000000000000000000 ) ) ;
#2203 = PRESENTATION_STYLE_ASSIGNMENT (( #2183 ) ) ;
#2204 = AXIS2_PLACEMENT_3D ( 'NONE', #522, #2914, #1460 ) ;
#2205 = CARTESIAN_POINT ( 'NONE',  ( 1.117599999999996818, -8.801844591070091539, -0.7873999999999999888 ) ) ;
#2206 = CARTESIAN_POINT ( 'NONE',  ( -6.349999999999999645, 0.0000000000000000000, 0.0000000000000000000 ) ) ;
#2207 = PRESENTATION_LAYER_ASSIGNMENT (  '', '', ( #1338 ) ) ;
#2208 = CYLINDRICAL_SURFACE ( 'NONE', #790, 0.1523999999999995913 ) ;
#2209 = EDGE_CURVE ( 'NONE', #2312, #2983, #22, .T. ) ;
#2210 = CARTESIAN_POINT ( 'NONE',  ( 1.206913914450720604, 1.012719089064983535, 0.0000000000000000000 ) ) ;
#2211 = SURFACE_STYLE_USAGE ( .BOTH. , #1423 ) ;
#2212 = ORIENTED_EDGE ( 'NONE', *, *, #160, .T. ) ;
#2213 = CARTESIAN_POINT ( 'NONE',  ( 1.524000000000002686, -8.954244591070089854, 4.762500000000000178 ) ) ;
#2214 = SURFACE_STYLE_USAGE ( .BOTH. , #293 ) ;
#2215 = VERTEX_POINT ( 'NONE', #1184 ) ;
#2216 = CARTESIAN_POINT ( 'NONE',  ( 1.269999999999998463, -8.649444591070091448, -1.574799999999999756 ) ) ;
#2217 = CYLINDRICAL_SURFACE ( 'NONE', #2700, 0.9652000000000002800 ) ;
#2218 = ORIENTED_EDGE ( 'NONE', *, *, #38, .T. ) ;
#2219 = EDGE_CURVE ( 'NONE', #1110, #2894, #1696, .T. ) ;
#2220 = AXIS2_PLACEMENT_3D ( 'NONE', #1915, #2889, #2422 ) ;
#2221 = DIRECTION ( 'NONE',  ( -0.0000000000000000000, 0.0000000000000000000, 1.000000000000000000 ) ) ;
#2222 =( NAMED_UNIT ( * ) PLANE_ANGLE_UNIT ( ) SI_UNIT ( $, .RADIAN. ) );
#2223 = ORIENTED_EDGE ( 'NONE', *, *, #122, .F. ) ;
#2224 = CARTESIAN_POINT ( 'NONE',  ( 2.549719395112314935, -1.912825016638803000, 0.0000000000000000000 ) ) ;
#2225 = UNCERTAINTY_MEASURE_WITH_UNIT (LENGTH_MEASURE( 1.000000000000000082E-05 ), #456, 'distance_accuracy_value', 'NONE');
#2226 = CIRCLE ( 'NONE', #2273, 0.3937000000000001054 ) ;
#2227 = VERTEX_POINT ( 'NONE', #963 ) ;
#2228 = ORIENTED_EDGE ( 'NONE', *, *, #1255, .F. ) ;
#2229 = AXIS2_PLACEMENT_3D ( 'NONE', #1946, #1728, #250 ) ;
#2230 = DIRECTION ( 'NONE',  ( -1.000000000000000000, 0.0000000000000000000, -1.835919350580821157E-16 ) ) ;
#2231 = EDGE_CURVE ( 'NONE', #1054, #171, #1918, .T. ) ;
#2232 = PRESENTATION_STYLE_ASSIGNMENT (( #313 ) ) ;
#2233 =( LENGTH_UNIT ( ) NAMED_UNIT ( * ) SI_UNIT ( .MILLI., .METRE. ) );
#2234 = AXIS2_PLACEMENT_3D ( 'NONE', #1455, #1684, #1171 ) ;
#2235 = VECTOR ( 'NONE', #2934, 1000.000000000000000 ) ;
#2236 = FILL_AREA_STYLE ('',( #1287 ) ) ;
#2237 = VERTEX_POINT ( 'NONE', #2683 ) ;
#2238 = CARTESIAN_POINT ( 'NONE',  ( 3.028019277327266057, -5.966579984327574415, -2.500692515877084521 ) ) ;
#2239 = EDGE_CURVE ( 'NONE', #924, #2460, #2426, .T. ) ;
#2240 = COLOUR_RGB ( '',1.000000000000000000, 0.8666666666666666963, 0.5294117647058823595 ) ;
#2241 = AXIS2_PLACEMENT_3D ( 'NONE', #2668, #1407, #1708 ) ;
#2242 = DIRECTION ( 'NONE',  ( -0.0000000000000000000, 0.0000000000000000000, 1.000000000000000000 ) ) ;
#2243 = CIRCLE ( 'NONE', #186, 1.270000000000000240 ) ;
#2244 =( NAMED_UNIT ( * ) PLANE_ANGLE_UNIT ( ) SI_UNIT ( $, .RADIAN. ) );
#2245 = SURFACE_STYLE_FILL_AREA ( #2236 ) ;
#2246 = CARTESIAN_POINT ( 'NONE',  ( 1.524000000000002242, -8.649444591070087895, 3.962399999999999700 ) ) ;
#2247 =( LENGTH_UNIT ( ) NAMED_UNIT ( * ) SI_UNIT ( .MILLI., .METRE. ) );
#2248 = CARTESIAN_POINT ( 'NONE',  ( -6.349999999999999645, 0.0000000000000000000, -7.594599999999998907 ) ) ;
#2249 = ORIENTED_EDGE ( 'NONE', *, *, #1957, .F. ) ;
#2250 = FACE_OUTER_BOUND ( 'NONE', #1956, .T. ) ;
#2251 = CARTESIAN_POINT ( 'NONE',  ( 2.925553504003455263, 6.926072257356885586, -3.962400000000000588 ) ) ;
#2252 = CARTESIAN_POINT ( 'NONE',  ( 0.0000000000000000000, -8.649444591070087895, 3.962399999999999700 ) ) ;
#2253 = EDGE_CURVE ( 'NONE', #887, #2409, #43, .T. ) ;
#2254 = SURFACE_STYLE_FILL_AREA ( #2944 ) ;
#2255 = ORIENTED_EDGE ( 'NONE', *, *, #973, .T. ) ;
#2256 =( NAMED_UNIT ( * ) PLANE_ANGLE_UNIT ( ) SI_UNIT ( $, .RADIAN. ) );
#2257 = FILL_AREA_STYLE ('',( #1722 ) ) ;
#2258 = PRESENTATION_STYLE_ASSIGNMENT (( #1051 ) ) ;
#2259 = DIRECTION ( 'NONE',  ( 0.0000000000000000000, 0.0000000000000000000, -1.000000000000000000 ) ) ;
#2260 = DIRECTION ( 'NONE',  ( -0.0000000000000000000, -0.0000000000000000000, -1.000000000000000000 ) ) ;
#2261 = AXIS2_PLACEMENT_3D ( 'NONE', #1952, #2391, #1403 ) ;
#2262 = ORIENTED_EDGE ( 'NONE', *, *, #798, .T. ) ;
#2263 = ADVANCED_FACE ( 'NONE', ( #767 ), #1709, .F. ) ;
#2264 = UNCERTAINTY_MEASURE_WITH_UNIT (LENGTH_MEASURE( 1.000000000000000082E-05 ), #815, 'distance_accuracy_value', 'NONE');
#2265 = DIRECTION ( 'NONE',  ( -0.1177944794672780571, 0.9930379955505395095, 0.0000000000000000000 ) ) ;
#2266 = CARTESIAN_POINT ( 'NONE',  ( -6.349999999999999645, -8.649444591070091448, 4.457699999999999996 ) ) ;
#2267 = SURFACE_SIDE_STYLE ('',( #595 ) ) ;
#2268 = STYLED_ITEM ( 'NONE', ( #932 ), #1607 ) ;
#2269 = FILL_AREA_STYLE ('',( #597 ) ) ;
#2270 = EDGE_LOOP ( 'NONE', ( #2641, #1474, #162, #305 ) ) ;
#2271 = DIRECTION ( 'NONE',  ( 0.0000000000000000000, -1.000000000000000000, 3.468453201496015149E-16 ) ) ;
#2272 = ORIENTED_EDGE ( 'NONE', *, *, #368, .F. ) ;
#2273 = AXIS2_PLACEMENT_3D ( 'NONE', #1059, #1049, #1706 ) ;
#2274 = FILL_AREA_STYLE_COLOUR ( '', #2342 ) ;
#2275 = LINE ( 'NONE', #2297, #2832 ) ;
#2276 = EDGE_CURVE ( 'NONE', #270, #1054, #671, .T. ) ;
#2277 = VECTOR ( 'NONE', #1655, 1000.000000000000000 ) ;
#2278 = LINE ( 'NONE', #1811, #2590 ) ;
#2279 = VECTOR ( 'NONE', #738, 1000.000000000000000 ) ;
#2280 = PRESENTATION_STYLE_ASSIGNMENT (( #1272 ) ) ;
#2281 = CARTESIAN_POINT ( 'NONE',  ( 0.0000000000000000000, -8.649444591070091448, -4.457699999999999108 ) ) ;
#2282 = VECTOR ( 'NONE', #2963, 1000.000000000000000 ) ;
#2283 = ORIENTED_EDGE ( 'NONE', *, *, #420, .T. ) ;
#2284 = CARTESIAN_POINT ( 'NONE',  ( 1.663743901238886824, -8.948319861083705362, -1.294541820774062879 ) ) ;
#2285 = CARTESIAN_POINT ( 'NONE',  ( -6.349999999999999645, 0.0000000000000000000, 0.0000000000000000000 ) ) ;
#2286 = COLOUR_RGB ( '',1.000000000000000000, 0.8666666666666666963, 0.5294117647058823595 ) ;
#2287 = SURFACE_SIDE_STYLE ('',( #2523 ) ) ;
#2288 = ORIENTED_EDGE ( 'NONE', *, *, #931, .F. ) ;
#2289 = CARTESIAN_POINT ( 'NONE',  ( 1.777545974569638032, 4.575234094530384432, -3.962399999999999700 ) ) ;
#2290 = UNCERTAINTY_MEASURE_WITH_UNIT (LENGTH_MEASURE( 1.000000000000000082E-05 ), #206, 'distance_accuracy_value', 'NONE');
#2291 = CARTESIAN_POINT ( 'NONE',  ( -2.006600000000001494, -8.573244591070091403, -1.574799999999999978 ) ) ;
#2292 = STYLED_ITEM ( 'NONE', ( #1003 ), #1146 ) ;
#2293 = MECHANICAL_DESIGN_GEOMETRIC_PRESENTATION_REPRESENTATION (  '', ( #444 ), #1037 ) ;
#2294 = ORIENTED_EDGE ( 'NONE', *, *, #1914, .T. ) ;
#2295 = VECTOR ( 'NONE', #639, 1000.000000000000000 ) ;
#2296 = FILL_AREA_STYLE ('',( #1791 ) ) ;
#2297 = CARTESIAN_POINT ( 'NONE',  ( -6.349999999999999645, -6.148728313236812681, -4.457699999999999996 ) ) ;
#2298 = PRESENTATION_LAYER_ASSIGNMENT (  '', '', ( #1385 ) ) ;
#2299 = PRESENTATION_STYLE_ASSIGNMENT (( #382 ) ) ;
#2300 =( GEOMETRIC_REPRESENTATION_CONTEXT ( 3 ) GLOBAL_UNCERTAINTY_ASSIGNED_CONTEXT ( ( #912 ) ) GLOBAL_UNIT_ASSIGNED_CONTEXT ( ( #2233, #68, #2932 ) ) REPRESENTATION_CONTEXT ( 'NONE', 'WORKASPACE' ) );
#2301 = PRESENTATION_LAYER_ASSIGNMENT (  '', '', ( #2609 ) ) ;
#2302 = EDGE_CURVE ( 'NONE', #2017, #1110, #1881, .T. ) ;
#2303 =( NAMED_UNIT ( * ) PLANE_ANGLE_UNIT ( ) SI_UNIT ( $, .RADIAN. ) );
#2304 = DIRECTION ( 'NONE',  ( 0.0000000000000000000, 0.0000000000000000000, 1.000000000000000000 ) ) ;
#2305 = CARTESIAN_POINT ( 'NONE',  ( -6.349999999999999645, 6.748286867988289472, 4.782996021999998959 ) ) ;
#2306 = DIRECTION ( 'NONE',  ( 1.000000000000000000, 0.0000000000000000000, 0.0000000000000000000 ) ) ;
#2307 = ORIENTED_EDGE ( 'NONE', *, *, #2416, .T. ) ;
#2308 = CARTESIAN_POINT ( 'NONE',  ( -6.349999999999999645, 6.013516378064077017, -5.122317945106016346 ) ) ;
#2309 = FILL_AREA_STYLE_COLOUR ( '', #1330 ) ;
#2310 = CARTESIAN_POINT ( 'NONE',  ( 1.470330075908172995, 4.577586158984430220, 3.962399999999999700 ) ) ;
#2311 = ORIENTED_EDGE ( 'NONE', *, *, #2140, .F. ) ;
#2312 = VERTEX_POINT ( 'NONE', #1328 ) ;
#2313 = DIRECTION ( 'NONE',  ( 0.0000000000000000000, 0.0000000000000000000, -1.000000000000000000 ) ) ;
#2314 =( LENGTH_UNIT ( ) NAMED_UNIT ( * ) SI_UNIT ( .MILLI., .METRE. ) );
#2315 = VERTEX_POINT ( 'NONE', #2365 ) ;
#2316 = LINE ( 'NONE', #1809, #42 ) ;
#2317 = FILL_AREA_STYLE ('',( #1558 ) ) ;
#2318 = EDGE_CURVE ( 'NONE', #543, #426, #449, .T. ) ;
#2319 = VERTEX_POINT ( 'NONE', #1793 ) ;
#2320 = FACE_OUTER_BOUND ( 'NONE', #726, .T. ) ;
#2321 = DIRECTION ( 'NONE',  ( -0.0000000000000000000, -1.000000000000000000, -0.0000000000000000000 ) ) ;
#2322 = ORIENTED_EDGE ( 'NONE', *, *, #675, .T. ) ;
#2323 = DIRECTION ( 'NONE',  ( 0.0000000000000000000, 0.0000000000000000000, -1.000000000000000000 ) ) ;
#2324 = FILL_AREA_STYLE ('',( #926 ) ) ;
#2325 = CARTESIAN_POINT ( 'NONE',  ( 0.0000000000000000000, -8.954244591070089854, 0.0000000000000000000 ) ) ;
#2326 = ORIENTED_EDGE ( 'NONE', *, *, #2253, .F. ) ;
#2327 = CARTESIAN_POINT ( 'NONE',  ( -2.006600000000001494, -8.573244591070091403, 1.574799999999999756 ) ) ;
#2328 = COLOUR_RGB ( '',1.000000000000000000, 0.8666666666666666963, 0.5294117647058823595 ) ;
#2329 = EDGE_CURVE ( 'NONE', #685, #1943, #2316, .T. ) ;
#2330 = AXIS2_PLACEMENT_3D ( 'NONE', #200, #2121, #1198 ) ;
#2331 = VECTOR ( 'NONE', #2119, 1000.000000000000000 ) ;
#2332 =( NAMED_UNIT ( * ) SI_UNIT ( $, .STERADIAN. ) SOLID_ANGLE_UNIT ( ) );
#2333 = ORIENTED_EDGE ( 'NONE', *, *, #88, .T. ) ;
#2334 = STYLED_ITEM ( 'NONE', ( #408 ), #465 ) ;
#2335 = APPLICATION_CONTEXT ( 'automotive_design' ) ;
#2336 = PRESENTATION_STYLE_ASSIGNMENT (( #2128 ) ) ;
#2337 = LINE ( 'NONE', #146, #1738 ) ;
#2338 = ORIENTED_EDGE ( 'NONE', *, *, #2378, .T. ) ;
#2339 = PRESENTATION_STYLE_ASSIGNMENT (( #1363 ) ) ;
#2340 = EDGE_CURVE ( 'NONE', #1929, #2558, #2997, .T. ) ;
#2341 = LINE ( 'NONE', #2291, #219 ) ;
#2342 = COLOUR_RGB ( '',1.000000000000000000, 0.8666666666666666963, 0.5294117647058823595 ) ;
#2343 = ORIENTED_EDGE ( 'NONE', *, *, #2458, .T. ) ;
#2344 = PRESENTATION_LAYER_ASSIGNMENT (  '', '', ( #1940 ) ) ;
#2345 = FILL_AREA_STYLE_COLOUR ( '', #1857 ) ;
#2346 = PRESENTATION_LAYER_ASSIGNMENT (  '', '', ( #889 ) ) ;
#2347 = STYLED_ITEM ( 'NONE', ( #2517 ), #1224 ) ;
#2348 = AXIS2_PLACEMENT_3D ( 'NONE', #1446, #742, #1689 ) ;
#2349 = DIRECTION ( 'NONE',  ( -0.0000000000000000000, -1.000000000000000000, -0.0000000000000000000 ) ) ;
#2350 = FACE_OUTER_BOUND ( 'NONE', #1444, .T. ) ;
#2351 = CARTESIAN_POINT ( 'NONE',  ( 2.676607184549422147, 7.047746144203708596, 3.962399999999999700 ) ) ;
#2352 = CIRCLE ( 'NONE', #1640, 0.9652000000000002800 ) ;
#2353 = DIRECTION ( 'NONE',  ( -1.000000000000000000, 0.0000000000000000000, 0.0000000000000000000 ) ) ;
#2354 = ORIENTED_EDGE ( 'NONE', *, *, #55, .T. ) ;
#2355 = CARTESIAN_POINT ( 'NONE',  ( 1.181458938038961515, 0.2013791595400925283, -4.196716392996635610E-16 ) ) ;
#2356 = CARTESIAN_POINT ( 'NONE',  ( -6.349999999999999645, 6.748286867988289472, 5.748196021999999239 ) ) ;
#2357 = PRESENTATION_STYLE_ASSIGNMENT (( #419 ) ) ;
#2358 = UNCERTAINTY_MEASURE_WITH_UNIT (LENGTH_MEASURE( 1.000000000000000082E-05 ), #142, 'distance_accuracy_value', 'NONE');
#2359 = VERTEX_POINT ( 'NONE', #1162 ) ;
#2360 = DIRECTION ( 'NONE',  ( -0.1177944794672780571, 0.9930379955505395095, 0.0000000000000000000 ) ) ;
#2361 =( NAMED_UNIT ( * ) SI_UNIT ( $, .STERADIAN. ) SOLID_ANGLE_UNIT ( ) );
#2362 = EDGE_CURVE ( 'NONE', #705, #957, #636, .T. ) ;
#2363 = UNCERTAINTY_MEASURE_WITH_UNIT (LENGTH_MEASURE( 1.000000000000000082E-05 ), #914, 'distance_accuracy_value', 'NONE');
#2364 = SURFACE_STYLE_USAGE ( .BOTH. , #1390 ) ;
#2365 = CARTESIAN_POINT ( 'NONE',  ( -6.349999999999998757, -8.954244591070089854, 1.574799999999999534 ) ) ;
#2366 = ADVANCED_FACE ( 'NONE', ( #854, #2776, #618 ), #3039, .F. ) ;
#2367 = CARTESIAN_POINT ( 'NONE',  ( -6.349999999999999645, 6.748286867988303683, -5.748196021999999239 ) ) ;
#2368 = DIRECTION ( 'NONE',  ( 0.0000000000000000000, 0.0000000000000000000, -1.000000000000000000 ) ) ;
#2369 = EDGE_LOOP ( 'NONE', ( #723, #1194, #1344, #149 ) ) ;
#2370 = CARTESIAN_POINT ( 'NONE',  ( 1.385603980229696663, 1.804546278202538989, -3.840391213815917956E-16 ) ) ;
#2371 = SURFACE_STYLE_FILL_AREA ( #2588 ) ;
#2372 = ADVANCED_FACE ( 'NONE', ( #468 ), #2861, .F. ) ;
#2373 = VERTEX_POINT ( 'NONE', #423 ) ;
#2374 =( LENGTH_UNIT ( ) NAMED_UNIT ( * ) SI_UNIT ( .MILLI., .METRE. ) );
#2375 = VERTEX_POINT ( 'NONE', #3053 ) ;
#2376 = LINE ( 'NONE', #2410, #1109 ) ;
#2377 = SURFACE_SIDE_STYLE ('',( #1179 ) ) ;
#2378 = EDGE_CURVE ( 'NONE', #59, #757, #3112, .T. ) ;
#2379 = LINE ( 'NONE', #1452, #1776 ) ;
#2380 = CARTESIAN_POINT ( 'NONE',  ( 1.524000000000001132, -8.649444591070089672, -1.481905069771103811 ) ) ;
#2381 = VERTEX_POINT ( 'NONE', #412 ) ;
#2382 =( NAMED_UNIT ( * ) PLANE_ANGLE_UNIT ( ) SI_UNIT ( $, .RADIAN. ) );
#2383 =( GEOMETRIC_REPRESENTATION_CONTEXT ( 3 ) GLOBAL_UNCERTAINTY_ASSIGNED_CONTEXT ( ( #1291 ) ) GLOBAL_UNIT_ASSIGNED_CONTEXT ( ( #1434, #1416, #683 ) ) REPRESENTATION_CONTEXT ( 'NONE', 'WORKASPACE' ) );
#2384 = PRESENTATION_STYLE_ASSIGNMENT (( #62 ) ) ;
#2385 = VECTOR ( 'NONE', #851, 1000.000000000000114 ) ;
#2386 = LINE ( 'NONE', #1193, #750 ) ;
#2387 = ORIENTED_EDGE ( 'NONE', *, *, #1143, .F. ) ;
#2388 = CARTESIAN_POINT ( 'NONE',  ( -6.349999999999999645, 6.748286867988289472, 4.782996021999998959 ) ) ;
#2389 = PRESENTATION_STYLE_ASSIGNMENT (( #2928 ) ) ;
#2390 = PRESENTATION_STYLE_ASSIGNMENT (( #2939 ) ) ;
#2391 = DIRECTION ( 'NONE',  ( -0.9930379955505393985, -0.1177944794672777934, -0.0000000000000000000 ) ) ;
#2392 = DIRECTION ( 'NONE',  ( 0.9930379955505393985, 0.1177944794672778350, -0.0000000000000000000 ) ) ;
#2393 = CIRCLE ( 'NONE', #1936, 0.9652000000000002800 ) ;
#2394 = FILL_AREA_STYLE_COLOUR ( '', #542 ) ;
#2395 = SURFACE_SIDE_STYLE ('',( #1422 ) ) ;
#2396 = MECHANICAL_DESIGN_GEOMETRIC_PRESENTATION_REPRESENTATION (  '', ( #834 ), #2703 ) ;
#2397 =( LENGTH_UNIT ( ) NAMED_UNIT ( * ) SI_UNIT ( .MILLI., .METRE. ) );
#2398 =( GEOMETRIC_REPRESENTATION_CONTEXT ( 3 ) GLOBAL_UNCERTAINTY_ASSIGNED_CONTEXT ( ( #669 ) ) GLOBAL_UNIT_ASSIGNED_CONTEXT ( ( #1959, #3118, #27 ) ) REPRESENTATION_CONTEXT ( 'NONE', 'WORKASPACE' ) );
#2399 = ADVANCED_FACE ( 'NONE', ( #2786 ), #2134, .T. ) ;
#2400 = VERTEX_POINT ( 'NONE', #2087 ) ;
#2401 = PRESENTATION_LAYER_ASSIGNMENT (  '', '', ( #444 ) ) ;
#2402 = SURFACE_SIDE_STYLE ('',( #267 ) ) ;
#2403 = CARTESIAN_POINT ( 'NONE',  ( 0.0000000000000000000, 7.464104023734799753, 5.100726455503645340 ) ) ;
#2404 = AXIS2_PLACEMENT_3D ( 'NONE', #21, #1935, #934 ) ;
#2405 = PLANE ( 'NONE',  #2913 ) ;
#2406 = ORIENTED_EDGE ( 'NONE', *, *, #3056, .T. ) ;
#2407 = DIRECTION ( 'NONE',  ( -1.000000000000000000, -0.0000000000000000000, -0.0000000000000000000 ) ) ;
#2408 = SURFACE_SIDE_STYLE ('',( #788 ) ) ;
#2409 = VERTEX_POINT ( 'NONE', #2807 ) ;
#2410 = CARTESIAN_POINT ( 'NONE',  ( -2.006600000000001494, -8.573244591070091403, 1.574799999999999756 ) ) ;
#2411 =( LENGTH_UNIT ( ) NAMED_UNIT ( * ) SI_UNIT ( .MILLI., .METRE. ) );
#2412 = DIRECTION ( 'NONE',  ( 1.000000000000000000, 0.0000000000000000000, 0.0000000000000000000 ) ) ;
#2413 = CARTESIAN_POINT ( 'NONE',  ( -6.349999999999999645, -8.573244591070091403, 1.574799999999999534 ) ) ;
#2414 = ORIENTED_EDGE ( 'NONE', *, *, #484, .F. ) ;
#2415 = SURFACE_SIDE_STYLE ('',( #2910 ) ) ;
#2416 = EDGE_CURVE ( 'NONE', #957, #2078, #1803, .T. ) ;
#2417 = SURFACE_STYLE_FILL_AREA ( #2869 ) ;
#2418 = ORIENTED_EDGE ( 'NONE', *, *, #2362, .F. ) ;
#2419 = CARTESIAN_POINT ( 'NONE',  ( 2.549719395112314935, -1.912825016638803000, 0.0000000000000000000 ) ) ;
#2420 = UNCERTAINTY_MEASURE_WITH_UNIT (LENGTH_MEASURE( 1.000000000000000082E-05 ), #2872, 'distance_accuracy_value', 'NONE');
#2421 = CARTESIAN_POINT ( 'NONE',  ( 1.269999999999998463, -8.954244591070089854, -1.181099999999999817 ) ) ;
#2422 = DIRECTION ( 'NONE',  ( 0.1177944794672776824, -0.9930379955505395095, 0.0000000000000000000 ) ) ;
#2423 =( GEOMETRIC_REPRESENTATION_CONTEXT ( 3 ) GLOBAL_UNCERTAINTY_ASSIGNED_CONTEXT ( ( #823 ) ) GLOBAL_UNIT_ASSIGNED_CONTEXT ( ( #2514, #1145, #1808 ) ) REPRESENTATION_CONTEXT ( 'NONE', 'WORKASPACE' ) );
#2424 = DIRECTION ( 'NONE',  ( 0.1177944794672776824, -0.9930379955505395095, 0.0000000000000000000 ) ) ;
#2425 = ADVANCED_FACE ( 'NONE', ( #1569 ), #1872, .T. ) ;
#2426 = LINE ( 'NONE', #1230, #3054 ) ;
#2427 = ORIENTED_EDGE ( 'NONE', *, *, #2981, .T. ) ;
#2428 = ORIENTED_EDGE ( 'NONE', *, *, #356, .T. ) ;
#2429 = AXIS2_PLACEMENT_3D ( 'NONE', #2026, #2433, #763 ) ;
#2430 =( LENGTH_UNIT ( ) NAMED_UNIT ( * ) SI_UNIT ( .MILLI., .METRE. ) );
#2431 = FACE_OUTER_BOUND ( 'NONE', #474, .T. ) ;
#2432 = DIRECTION ( 'NONE',  ( -0.0000000000000000000, -0.0000000000000000000, 1.000000000000000000 ) ) ;
#2433 = DIRECTION ( 'NONE',  ( -0.4391134182930385710, -0.8984316367286956373, 0.0000000000000000000 ) ) ;
#2434 = MECHANICAL_DESIGN_GEOMETRIC_PRESENTATION_REPRESENTATION (  '', ( #2984 ), #2480 ) ;
#2435 = VERTEX_POINT ( 'NONE', #2156 ) ;
#2436 = EDGE_CURVE ( 'NONE', #2953, #2520, #2662, .T. ) ;
#2437 = AXIS2_PLACEMENT_3D ( 'NONE', #1292, #2999, #1767 ) ;
#2438 = FACE_OUTER_BOUND ( 'NONE', #1851, .T. ) ;
#2439 = STYLED_ITEM ( 'NONE', ( #1958 ), #572 ) ;
#2440 =( NAMED_UNIT ( * ) SI_UNIT ( $, .STERADIAN. ) SOLID_ANGLE_UNIT ( ) );
#2441 = PRESENTATION_LAYER_ASSIGNMENT (  '', '', ( #2191 ) ) ;
#2442 = LINE ( 'NONE', #285, #137 ) ;
#2443 = CARTESIAN_POINT ( 'NONE',  ( 1.663745319613648466, -8.642171656942302604, -1.067656548528193694 ) ) ;
#2444 = AXIS2_PLACEMENT_3D ( 'NONE', #1783, #1963, #606 ) ;
#2445 = VERTEX_POINT ( 'NONE', #1926 ) ;
#2446 = AXIS2_PLACEMENT_3D ( 'NONE', #3088, #2392, #482 ) ;
#2447 = AXIS2_PLACEMENT_3D ( 'NONE', #2868, #1442, #711 ) ;
#2448 = STYLED_ITEM ( 'NONE', ( #1253 ), #2549 ) ;
#2449 = ORIENTED_EDGE ( 'NONE', *, *, #2702, .T. ) ;
#2450 = AXIS2_PLACEMENT_3D ( 'NONE', #2619, #3090, #721 ) ;
#2451 = UNCERTAINTY_MEASURE_WITH_UNIT (LENGTH_MEASURE( 1.000000000000000082E-05 ), #3124, 'distance_accuracy_value', 'NONE');
#2452 = CARTESIAN_POINT ( 'NONE',  ( -6.349999999999999645, 6.013516378064066359, 5.122317945106017234 ) ) ;
#2453 = DIRECTION ( 'NONE',  ( -1.000000000000000000, -0.0000000000000000000, -0.0000000000000000000 ) ) ;
#2454 = VECTOR ( 'NONE', #2625, 1000.000000000000000 ) ;
#2455 =( GEOMETRIC_REPRESENTATION_CONTEXT ( 3 ) GLOBAL_UNCERTAINTY_ASSIGNED_CONTEXT ( ( #1625 ) ) GLOBAL_UNIT_ASSIGNED_CONTEXT ( ( #2719, #2459, #2469 ) ) REPRESENTATION_CONTEXT ( 'NONE', 'WORKASPACE' ) );
#2456 = AXIS2_PLACEMENT_3D ( 'NONE', #964, #1632, #904 ) ;
#2457 = ORIENTED_EDGE ( 'NONE', *, *, #514, .F. ) ;
#2458 = EDGE_CURVE ( 'NONE', #2400, #1836, #1704, .T. ) ;
#2459 =( NAMED_UNIT ( * ) PLANE_ANGLE_UNIT ( ) SI_UNIT ( $, .RADIAN. ) );
#2460 = VERTEX_POINT ( 'NONE', #971 ) ;
#2461 = CARTESIAN_POINT ( 'NONE',  ( -6.349999999999999645, 7.690151546602118415, 4.896262381873219383 ) ) ;
#2462 = LINE ( 'NONE', #1288, #3058 ) ;
#2463 = ORIENTED_EDGE ( 'NONE', *, *, #1348, .T. ) ;
#2464 = DIRECTION ( 'NONE',  ( -0.1177944794672777101, 0.9930379955505393985, 0.0000000000000000000 ) ) ;
#2465 = FACE_OUTER_BOUND ( 'NONE', #1323, .T. ) ;
#2466 = EDGE_CURVE ( 'NONE', #2558, #611, #1910, .T. ) ;
#2467 = VERTEX_POINT ( 'NONE', #512 ) ;
#2468 = SURFACE_SIDE_STYLE ('',( #329 ) ) ;
#2469 =( NAMED_UNIT ( * ) SI_UNIT ( $, .STERADIAN. ) SOLID_ANGLE_UNIT ( ) );
#2470 = SURFACE_STYLE_USAGE ( .BOTH. , #2729 ) ;
#2471 = EDGE_CURVE ( 'NONE', #2373, #2678, #2952, .T. ) ;
#2472 = DIRECTION ( 'NONE',  ( 0.0000000000000000000, 0.0000000000000000000, 1.000000000000000000 ) ) ;
#2473 = DIRECTION ( 'NONE',  ( 0.0000000000000000000, 0.0000000000000000000, -1.000000000000000000 ) ) ;
#2474 = VERTEX_POINT ( 'NONE', #2216 ) ;
#2475 = SURFACE_STYLE_USAGE ( .BOTH. , #306 ) ;
#2476 = UNCERTAINTY_MEASURE_WITH_UNIT (LENGTH_MEASURE( 1.000000000000000082E-05 ), #2685, 'distance_accuracy_value', 'NONE');
#2477 = DIRECTION ( 'NONE',  ( 0.0000000000000000000, 0.0000000000000000000, -1.000000000000000000 ) ) ;
#2478 = ORIENTED_EDGE ( 'NONE', *, *, #1485, .T. ) ;
#2479 = LINE ( 'NONE', #2772, #2531 ) ;
#2480 =( GEOMETRIC_REPRESENTATION_CONTEXT ( 3 ) GLOBAL_UNCERTAINTY_ASSIGNED_CONTEXT ( ( #1029 ) ) GLOBAL_UNIT_ASSIGNED_CONTEXT ( ( #1047, #1822, #411 ) ) REPRESENTATION_CONTEXT ( 'NONE', 'WORKASPACE' ) );
#2481 = DIRECTION ( 'NONE',  ( 1.000000000000000000, 0.0000000000000000000, 0.0000000000000000000 ) ) ;
#2482 = CIRCLE ( 'NONE', #1317, 7.594599999999998907 ) ;
#2483 = DIRECTION ( 'NONE',  ( 1.000000000000000000, -0.0000000000000000000, 0.0000000000000000000 ) ) ;
#2484 = CARTESIAN_POINT ( 'NONE',  ( 1.181458938038961515, 0.2013791595400925005, 2.858802261199803219E-32 ) ) ;
#2485 = SURFACE_STYLE_FILL_AREA ( #1742 ) ;
#2486 = CARTESIAN_POINT ( 'NONE',  ( 1.269999999999998463, -8.954244591070089854, 1.181099999999999595 ) ) ;
#2487 = CIRCLE ( 'NONE', #2995, 0.3936999999999998834 ) ;
#2488 = EDGE_CURVE ( 'NONE', #2708, #1173, #3123, .T. ) ;
#2489 = EDGE_LOOP ( 'NONE', ( #2866, #11, #2172, #3100 ) ) ;
#2490 = AXIS2_PLACEMENT_3D ( 'NONE', #903, #191, #1580 ) ;
#2491 = UNCERTAINTY_MEASURE_WITH_UNIT (LENGTH_MEASURE( 1.000000000000000082E-05 ), #2314, 'distance_accuracy_value', 'NONE');
#2492 = CARTESIAN_POINT ( 'NONE',  ( 1.524000000000002242, -8.954244591070089854, -0.8802949302288967104 ) ) ;
#2493 = DIRECTION ( 'NONE',  ( -1.000000000000000000, 0.0000000000000000000, 0.0000000000000000000 ) ) ;
#2494 = CARTESIAN_POINT ( 'NONE',  ( 1.524000000000002242, -8.954244591070089854, 3.962399999999999700 ) ) ;
#2495 = COLOUR_RGB ( '',1.000000000000000000, 0.8666666666666666963, 0.5294117647058823595 ) ;
#2496 = ORIENTED_EDGE ( 'NONE', *, *, #122, .T. ) ;
#2497 = PRESENTATION_LAYER_ASSIGNMENT (  '', '', ( #2040 ) ) ;
#2498 = LINE ( 'NONE', #580, #2575 ) ;
#2499 = AXIS2_PLACEMENT_3D ( 'NONE', #2769, #2493, #593 ) ;
#2500 = CIRCLE ( 'NONE', #2456, 1.270000000000000240 ) ;
#2501 = CARTESIAN_POINT ( 'NONE',  ( 1.754997738737958946, -1.309538856999608258, 1.920195606907958732E-16 ) ) ;
#2502 = CARTESIAN_POINT ( 'NONE',  ( 1.524000000000002242, -7.303244591070087388, 3.962399999999999700 ) ) ;
#2503 = CARTESIAN_POINT ( 'NONE',  ( 3.028019277327266057, -5.966579984327574415, -2.500692515877084521 ) ) ;
#2504 = ORIENTED_EDGE ( 'NONE', *, *, #1994, .F. ) ;
#2505 = DIRECTION ( 'NONE',  ( -0.9930379955505395095, -0.1177944794672777795, -0.0000000000000000000 ) ) ;
#2506 = LINE ( 'NONE', #1014, #2707 ) ;
#2507 = B_SPLINE_CURVE_WITH_KNOTS ( 'NONE', 3,
 ( #1086, #2582, #2826, #432, #1612, #2816 ),
 .UNSPECIFIED., .F., .F.,
 ( 4, 2, 4 ),
 ( 4.848699518061079345E-19, 0.0003406792047719562093, 0.0006813584095439118764 ),
 .UNSPECIFIED. ) ;
#2508 =( LENGTH_UNIT ( ) NAMED_UNIT ( * ) SI_UNIT ( .MILLI., .METRE. ) );
#2509 = CARTESIAN_POINT ( 'NONE',  ( 2.925553504003455263, 6.926072257356887363, 3.962399999999999700 ) ) ;
#2510 = VERTEX_POINT ( 'NONE', #1669 ) ;
#2511 = ADVANCED_FACE ( 'NONE', ( #2431 ), #1236, .F. ) ;
#2512 = ORIENTED_EDGE ( 'NONE', *, *, #1011, .T. ) ;
#2513 = CARTESIAN_POINT ( 'NONE',  ( -6.349999999999999645, -6.148728313236808241, 4.457699999999998219 ) ) ;
#2514 =( LENGTH_UNIT ( ) NAMED_UNIT ( * ) SI_UNIT ( .MILLI., .METRE. ) );
#2515 =( BOUNDED_SURFACE ( )  B_SPLINE_SURFACE ( 3, 3, ( 
 ( #1247, #2962, #570, #1751 ),
 ( #314, #1488, #2740, #2501 ),
 ( #2210, #1501, #92, #1050 ),
 ( #2946, #1511, #582, #2484 ) ),
 .UNSPECIFIED., .F., .F., .F. ) 
 B_SPLINE_SURFACE_WITH_KNOTS ( ( 4, 4 ),
 ( 4, 4 ),
 ( 0.0000000000000000000, 1.000000000000000000 ),
 ( 0.0000000000000000000, 1.000000000000000000 ),
 .UNSPECIFIED. ) 
 GEOMETRIC_REPRESENTATION_ITEM ( )  RATIONAL_B_SPLINE_SURFACE ( (
 ( 1.000000000000000000, 0.3333333333333334259, 0.3333333333333334259, 1.000000000000000000),
 ( 0.9879288715761251893, 0.3293096238587084890, 0.3293096238587084890, 0.9879288715761251893),
 ( 0.9879288715761251893, 0.3293096238587084890, 0.3293096238587084890, 0.9879288715761251893),
 ( 1.000000000000000000, 0.3333333333333334259, 0.3333333333333334259, 1.000000000000000000) ) ) 
 REPRESENTATION_ITEM ( '' )  SURFACE ( )  );
#2516 = PRESENTATION_STYLE_ASSIGNMENT (( #1611 ) ) ;
#2517 = PRESENTATION_STYLE_ASSIGNMENT (( #2705 ) ) ;
#2518 = FILL_AREA_STYLE_COLOUR ( '', #1079 ) ;
#2519 = CARTESIAN_POINT ( 'NONE',  ( 0.0000000000000000000, -7.303244591070087388, -3.962399999999999700 ) ) ;
#2520 = VERTEX_POINT ( 'NONE', #2452 ) ;
#2521 = CARTESIAN_POINT ( 'NONE',  ( 0.0000000000000000000, 0.0000000000000000000, 0.0000000000000000000 ) ) ;
#2522 = CARTESIAN_POINT ( 'NONE',  ( 2.547197078603615328, -1.913124214616650054, 0.0000000000000000000 ) ) ;
#2523 = SURFACE_STYLE_FILL_AREA ( #2269 ) ;
#2524 = ORIENTED_EDGE ( 'NONE', *, *, #404, .F. ) ;
#2525 = CARTESIAN_POINT ( 'NONE',  ( 2.245393824536976002, -1.956402147114747692, 2.777602398308227217E-16 ) ) ;
#2526 = PLANE ( 'NONE',  #1225 ) ;
#2527 = EDGE_CURVE ( 'NONE', #2319, #1352, #649, .T. ) ;
#2528 = ORIENTED_EDGE ( 'NONE', *, *, #2329, .T. ) ;
#2529 = DIRECTION ( 'NONE',  ( 0.0000000000000000000, 0.0000000000000000000, 1.000000000000000000 ) ) ;
#2530 = SURFACE_SIDE_STYLE ('',( #882 ) ) ;
#2531 = VECTOR ( 'NONE', #612, 1000.000000000000000 ) ;
#2532 = COLOUR_RGB ( '',1.000000000000000000, 0.8666666666666666963, 0.5294117647058823595 ) ;
#2533 = DIRECTION ( 'NONE',  ( 0.9930379955505392875, 0.1177944794672777795, 0.0000000000000000000 ) ) ;
#2534 = VERTEX_POINT ( 'NONE', #2182 ) ;
#2535 = CARTESIAN_POINT ( 'NONE',  ( 2.245393824536975114, -1.956402147114747470, -4.536168959478112050 ) ) ;
#2536 = DIRECTION ( 'NONE',  ( 0.0000000000000000000, 1.000000000000000000, -0.0000000000000000000 ) ) ;
#2537 =( NAMED_UNIT ( * ) PLANE_ANGLE_UNIT ( ) SI_UNIT ( $, .RADIAN. ) );
#2538 = PRESENTATION_LAYER_ASSIGNMENT (  '', '', ( #2854 ) ) ;
#2539 = VECTOR ( 'NONE', #453, 1000.000000000000000 ) ;
#2540 =( NAMED_UNIT ( * ) SI_UNIT ( $, .STERADIAN. ) SOLID_ANGLE_UNIT ( ) );
#2541 = ORIENTED_EDGE ( 'NONE', *, *, #1500, .F. ) ;
#2542 =( GEOMETRIC_REPRESENTATION_CONTEXT ( 3 ) GLOBAL_UNCERTAINTY_ASSIGNED_CONTEXT ( ( #2451 ) ) GLOBAL_UNIT_ASSIGNED_CONTEXT ( ( #3124, #1670, #2782 ) ) REPRESENTATION_CONTEXT ( 'NONE', 'WORKASPACE' ) );
#2543 = SURFACE_SIDE_STYLE ('',( #2055 ) ) ;
#2544 = CARTESIAN_POINT ( 'NONE',  ( -6.349999999999999645, 0.0000000000000000000, 0.0000000000000000000 ) ) ;
#2545 = PLANE ( 'NONE',  #1510 ) ;
#2546 =( GEOMETRIC_REPRESENTATION_CONTEXT ( 3 ) GLOBAL_UNCERTAINTY_ASSIGNED_CONTEXT ( ( #1005 ) ) GLOBAL_UNIT_ASSIGNED_CONTEXT ( ( #2508, #1073, #1547 ) ) REPRESENTATION_CONTEXT ( 'NONE', 'WORKASPACE' ) );
#2547 = AXIS2_PLACEMENT_3D ( 'NONE', #2835, #1107, #2560 ) ;
#2548 = VERTEX_POINT ( 'NONE', #761 ) ;
#2549 = ADVANCED_FACE ( 'NONE', ( #714 ), #1006, .T. ) ;
#2550 = FACE_OUTER_BOUND ( 'NONE', #680, .T. ) ;
#2551 = AXIS2_PLACEMENT_3D ( 'NONE', #646, #1585, #1350 ) ;
#2552 = STYLED_ITEM ( 'NONE', ( #634 ), #1464 ) ;
#2553 = FILL_AREA_STYLE ('',( #883 ) ) ;
#2554 = ORIENTED_EDGE ( 'NONE', *, *, #1273, .T. ) ;
#2555 = CARTESIAN_POINT ( 'NONE',  ( 1.206913914450719050, 1.012719089064983313, -1.605385843258477774 ) ) ;
#2556 = CARTESIAN_POINT ( 'NONE',  ( -6.349999999999999645, 6.748286867988289472, 4.478196021999999665 ) ) ;
#2557 = DIRECTION ( 'NONE',  ( 0.0000000000000000000, 0.0000000000000000000, -1.000000000000000000 ) ) ;
#2558 = VERTEX_POINT ( 'NONE', #1293 ) ;
#2559 = CARTESIAN_POINT ( 'NONE',  ( -6.349999999999999645, -8.649444591070091448, -4.457699999999999996 ) ) ;
#2560 = DIRECTION ( 'NONE',  ( 0.0000000000000000000, 0.0000000000000000000, -1.000000000000000000 ) ) ;
#2561 = EDGE_CURVE ( 'NONE', #252, #2474, #1729, .T. ) ;
#2562 = SURFACE_STYLE_USAGE ( .BOTH. , #668 ) ;
#2563 = EDGE_LOOP ( 'NONE', ( #1437, #1078, #2959, #1858 ) ) ;
#2564 = FACE_OUTER_BOUND ( 'NONE', #3003, .T. ) ;
#2565 = DIRECTION ( 'NONE',  ( 0.8985790046304512613, -0.4388117733577207025, 0.0000000000000000000 ) ) ;
#2566 =( NAMED_UNIT ( * ) PLANE_ANGLE_UNIT ( ) SI_UNIT ( $, .RADIAN. ) );
#2567 = EDGE_CURVE ( 'NONE', #2312, #270, #1634, .T. ) ;
#2568 = ORIENTED_EDGE ( 'NONE', *, *, #1658, .T. ) ;
#2569 = DIRECTION ( 'NONE',  ( -0.4388117733577204804, -0.8985790046304512613, 0.0000000000000000000 ) ) ;
#2570 = CYLINDRICAL_SURFACE ( 'NONE', #3109, 0.3936999999999998834 ) ;
#2571 = VECTOR ( 'NONE', #2093, 1000.000000000000000 ) ;
#2572 = DIRECTION ( 'NONE',  ( -0.0000000000000000000, -0.0000000000000000000, -1.000000000000000000 ) ) ;
#2573 = ORIENTED_EDGE ( 'NONE', *, *, #344, .F. ) ;
#2574 = SURFACE_SIDE_STYLE ('',( #944 ) ) ;
#2575 = VECTOR ( 'NONE', #1524, 1000.000000000000000 ) ;
#2576 = SURFACE_STYLE_USAGE ( .BOTH. , #138 ) ;
#2577 = UNCERTAINTY_MEASURE_WITH_UNIT (LENGTH_MEASURE( 1.000000000000000082E-05 ), #1564, 'distance_accuracy_value', 'NONE');
#2578 = ORIENTED_EDGE ( 'NONE', *, *, #1678, .F. ) ;
#2579 = DIRECTION ( 'NONE',  ( 0.0000000000000000000, 1.000000000000000000, 0.0000000000000000000 ) ) ;
#2580 =( GEOMETRIC_REPRESENTATION_CONTEXT ( 3 ) GLOBAL_UNCERTAINTY_ASSIGNED_CONTEXT ( ( #352 ) ) GLOBAL_UNIT_ASSIGNED_CONTEXT ( ( #1897, #2108, #1874 ) ) REPRESENTATION_CONTEXT ( 'NONE', 'WORKASPACE' ) );
#2581 = SURFACE_STYLE_USAGE ( .BOTH. , #672 ) ;
#2582 = CARTESIAN_POINT ( 'NONE',  ( 1.612023063066824635, -8.954244591070089854, 1.407578337060160223 ) ) ;
#2583 = CARTESIAN_POINT ( 'NONE',  ( -6.349999999999999645, -8.954244591070089854, 4.762500000000000178 ) ) ;
#2584 = VERTEX_POINT ( 'NONE', #555 ) ;
#2585 =( GEOMETRIC_REPRESENTATION_CONTEXT ( 3 ) GLOBAL_UNCERTAINTY_ASSIGNED_CONTEXT ( ( #2225 ) ) GLOBAL_UNIT_ASSIGNED_CONTEXT ( ( #456, #1817, #2080 ) ) REPRESENTATION_CONTEXT ( 'NONE', 'WORKASPACE' ) );
#2586 = CARTESIAN_POINT ( 'NONE',  ( -6.349999999999999645, 0.0000000000000000000, -7.899400000000000865 ) ) ;
#2587 = CARTESIAN_POINT ( 'NONE',  ( 1.524000000000002242, -8.649444591070089672, 0.8802949302288967104 ) ) ;
#2588 = FILL_AREA_STYLE ('',( #1380 ) ) ;
#2589 = EDGE_CURVE ( 'NONE', #2833, #201, #1030, .T. ) ;
#2590 = VECTOR ( 'NONE', #169, 1000.000000000000000 ) ;
#2591 = SURFACE_SIDE_STYLE ('',( #2417 ) ) ;
#2592 = ORIENTED_EDGE ( 'NONE', *, *, #732, .F. ) ;
#2593 = CARTESIAN_POINT ( 'NONE',  ( 0.0000000000000000000, -8.954244591070089854, -4.762499999999999289 ) ) ;
#2594 = DIRECTION ( 'NONE',  ( 0.0000000000000000000, 0.0000000000000000000, -1.000000000000000000 ) ) ;
#2595 = MECHANICAL_DESIGN_GEOMETRIC_PRESENTATION_REPRESENTATION (  '', ( #2699 ), #1982 ) ;
#2596 = LINE ( 'NONE', #1643, #2074 ) ;
#2597 = AXIS2_PLACEMENT_3D ( 'NONE', #1261, #1726, #2473 ) ;
#2598 = DIRECTION ( 'NONE',  ( -0.0000000000000000000, -1.000000000000000000, -0.0000000000000000000 ) ) ;
#2599 = VECTOR ( 'NONE', #406, 1000.000000000000000 ) ;
#2600 = AXIS2_PLACEMENT_3D ( 'NONE', #2723, #1984, #2979 ) ;
#2601 = FILL_AREA_STYLE_COLOUR ( '', #637 ) ;
#2602 = EDGE_CURVE ( 'NONE', #2067, #2996, #2506, .T. ) ;
#2603 = FILL_AREA_STYLE ('',( #2126 ) ) ;
#2604 = VECTOR ( 'NONE', #418, 1000.000000000000000 ) ;
#2605 = ORIENTED_EDGE ( 'NONE', *, *, #2666, .T. ) ;
#2606 = CARTESIAN_POINT ( 'NONE',  ( 1.181458938038960405, 0.2013791595400927226, -1.053242938336769607E-32 ) ) ;
#2607 = LINE ( 'NONE', #2556, #2604 ) ;
#2608 = FILL_AREA_STYLE ('',( #2309 ) ) ;
#2609 = STYLED_ITEM ( 'NONE', ( #1026 ), #2972 ) ;
#2610 =( NAMED_UNIT ( * ) PLANE_ANGLE_UNIT ( ) SI_UNIT ( $, .RADIAN. ) );
#2611 = VERTEX_POINT ( 'NONE', #1519 ) ;
#2612 = FACE_OUTER_BOUND ( 'NONE', #2489, .T. ) ;
#2613 = PRESENTATION_STYLE_ASSIGNMENT (( #1386 ) ) ;
#2614 = CARTESIAN_POINT ( 'NONE',  ( 0.0000000000000000000, 6.748286867988289472, 4.782996021999998959 ) ) ;
#2615 = PLANE ( 'NONE',  #2429 ) ;
#2616 = VERTEX_POINT ( 'NONE', #1972 ) ;
#2617 = EDGE_CURVE ( 'NONE', #1943, #1033, #1283, .T. ) ;
#2618 = FILL_AREA_STYLE ('',( #2877 ) ) ;
#2619 = CARTESIAN_POINT ( 'NONE',  ( 1.269999999999998463, -8.649444591071189237, -1.181099999999999817 ) ) ;
#2620 = FILL_AREA_STYLE_COLOUR ( '', #2495 ) ;
#2621 = CARTESIAN_POINT ( 'NONE',  ( -6.197600000000000442, -8.801844591070091539, -0.7873999999999997668 ) ) ;
#2622 = ORIENTED_EDGE ( 'NONE', *, *, #1734, .T. ) ;
#2623 = DIRECTION ( 'NONE',  ( 0.0000000000000000000, -1.797268416884383209E-15, -1.000000000000000000 ) ) ;
#2624 =( NAMED_UNIT ( * ) PLANE_ANGLE_UNIT ( ) SI_UNIT ( $, .RADIAN. ) );
#2625 = DIRECTION ( 'NONE',  ( 1.000000000000000000, 0.0000000000000000000, -0.0000000000000000000 ) ) ;
#2626 = ORIENTED_EDGE ( 'NONE', *, *, #1717, .F. ) ;
#2627 = DIRECTION ( 'NONE',  ( -1.000000000000000000, -0.0000000000000000000, 0.0000000000000000000 ) ) ;
#2628 = CYLINDRICAL_SURFACE ( 'NONE', #1325, 1.650999999999999801 ) ;
#2629 = CARTESIAN_POINT ( 'NONE',  ( 1.524000000000002242, -8.954244591070091630, 3.962399999999999700 ) ) ;
#2630 = VECTOR ( 'NONE', #1991, 1000.000000000000000 ) ;
#2631 = ORIENTED_EDGE ( 'NONE', *, *, #93, .T. ) ;
#2632 = SURFACE_STYLE_USAGE ( .BOTH. , #2876 ) ;
#2633 =( NAMED_UNIT ( * ) PLANE_ANGLE_UNIT ( ) SI_UNIT ( $, .RADIAN. ) );
#2634 = ADVANCED_FACE ( 'NONE', ( #320 ), #2938, .F. ) ;
#2635 = FILL_AREA_STYLE ('',( #952 ) ) ;
#2636 = PRESENTATION_LAYER_ASSIGNMENT (  '', '', ( #1924 ) ) ;
#2637 = PRODUCT_CONTEXT ( 'NONE', #2725, 'mechanical' ) ;
#2638 = ORIENTED_EDGE ( 'NONE', *, *, #998, .T. ) ;
#2639 = FILL_AREA_STYLE ('',( #2196 ) ) ;
#2640 = DIRECTION ( 'NONE',  ( 0.0000000000000000000, 0.0000000000000000000, -1.000000000000000000 ) ) ;
#2641 = ORIENTED_EDGE ( 'NONE', *, *, #2050, .T. ) ;
#2642 = CARTESIAN_POINT ( 'NONE',  ( -6.349999999999999645, -8.649444591070091448, 4.457699999999999996 ) ) ;
#2643 = VECTOR ( 'NONE', #2221, 1000.000000000000000 ) ;
#2644 = LINE ( 'NONE', #2629, #781 ) ;
#2645 = STYLED_ITEM ( 'NONE', ( #1212 ), #770 ) ;
#2646 = VERTEX_POINT ( 'NONE', #2251 ) ;
#2647 =( NAMED_UNIT ( * ) PLANE_ANGLE_UNIT ( ) SI_UNIT ( $, .RADIAN. ) );
#2648 =( GEOMETRIC_REPRESENTATION_CONTEXT ( 3 ) GLOBAL_UNCERTAINTY_ASSIGNED_CONTEXT ( ( #2674 ) ) GLOBAL_UNIT_ASSIGNED_CONTEXT ( ( #1557, #2303, #3024 ) ) REPRESENTATION_CONTEXT ( 'NONE', 'WORKASPACE' ) );
#2649 = COLOUR_RGB ( '',1.000000000000000000, 0.8666666666666666963, 0.5294117647058823595 ) ;
#2650 = EDGE_CURVE ( 'NONE', #2215, #510, #1038, .T. ) ;
#2651 = SURFACE_STYLE_FILL_AREA ( #2906 ) ;
#2652 =( GEOMETRIC_REPRESENTATION_CONTEXT ( 3 ) GLOBAL_UNCERTAINTY_ASSIGNED_CONTEXT ( ( #1219 ) ) GLOBAL_UNIT_ASSIGNED_CONTEXT ( ( #2094, #1404, #1878 ) ) REPRESENTATION_CONTEXT ( 'NONE', 'WORKASPACE' ) );
#2653 = MECHANICAL_DESIGN_GEOMETRIC_PRESENTATION_REPRESENTATION (  '', ( #2752 ), #1631 ) ;
#2654 = ORIENTED_EDGE ( 'NONE', *, *, #818, .F. ) ;
#2655 = EDGE_CURVE ( 'NONE', #664, #784, #288, .T. ) ;
#2656 = DIRECTION ( 'NONE',  ( -1.000000000000000000, -0.0000000000000000000, -0.0000000000000000000 ) ) ;
#2657 = CIRCLE ( 'NONE', #2450, 0.3937000000000001054 ) ;
#2658 = VECTOR ( 'NONE', #2557, 1000.000000000000000 ) ;
#2659 = DIRECTION ( 'NONE',  ( -0.0000000000000000000, -0.0000000000000000000, -1.000000000000000000 ) ) ;
#2660 = EDGE_LOOP ( 'NONE', ( #73, #1567, #2406, #549 ) ) ;
#2661 = PRESENTATION_LAYER_ASSIGNMENT (  '', '', ( #1000 ) ) ;
#2662 = LINE ( 'NONE', #727, #1331 ) ;
#2663 =( NAMED_UNIT ( * ) SI_UNIT ( $, .STERADIAN. ) SOLID_ANGLE_UNIT ( ) );
#2664 = DIRECTION ( 'NONE',  ( 0.1177944794672775852, -0.9930379955505393985, 1.224646799147352961E-16 ) ) ;
#2665 = ORIENTED_EDGE ( 'NONE', *, *, #1862, .T. ) ;
#2666 = EDGE_CURVE ( 'NONE', #2467, #2911, #2044, .T. ) ;
#2667 = FACE_OUTER_BOUND ( 'NONE', #3036, .T. ) ;
#2668 = CARTESIAN_POINT ( 'NONE',  ( 0.0000000000000000000, 6.748286867988303683, -5.748196021999999239 ) ) ;
#2669 =( NAMED_UNIT ( * ) PLANE_ANGLE_UNIT ( ) SI_UNIT ( $, .RADIAN. ) );
#2670 = ORIENTED_EDGE ( 'NONE', *, *, #2981, .F. ) ;
#2671 = CARTESIAN_POINT ( 'NONE',  ( -6.350000000000001421, -12.23084459107009003, 0.7873999999999997668 ) ) ;
#2672 = EDGE_CURVE ( 'NONE', #1845, #2678, #2607, .T. ) ;
#2673 = EDGE_LOOP ( 'NONE', ( #2852, #814, #1821, #1008 ) ) ;
#2674 = UNCERTAINTY_MEASURE_WITH_UNIT (LENGTH_MEASURE( 1.000000000000000082E-05 ), #1557, 'distance_accuracy_value', 'NONE');
#2675 = UNCERTAINTY_MEASURE_WITH_UNIT (LENGTH_MEASURE( 1.000000000000000082E-05 ), #774, 'distance_accuracy_value', 'NONE');
#2676 = DIRECTION ( 'NONE',  ( 0.0000000000000000000, -0.0000000000000000000, 1.000000000000000000 ) ) ;
#2677 = CARTESIAN_POINT ( 'NONE',  ( 1.117599999999996818, -8.801844591070091539, 0.7873999999999997668 ) ) ;
#2678 = VERTEX_POINT ( 'NONE', #2781 ) ;
#2679 = FILL_AREA_STYLE_COLOUR ( '', #363 ) ;
#2680 = SURFACE_STYLE_USAGE ( .BOTH. , #91 ) ;
#2681 = PRESENTATION_LAYER_ASSIGNMENT (  '', '', ( #2268 ) ) ;
#2682 = FACE_OUTER_BOUND ( 'NONE', #1132, .T. ) ;
#2683 = CARTESIAN_POINT ( 'NONE',  ( -6.349999999999999645, 5.781483591772203390, 4.924672236613181653 ) ) ;
#2684 = VERTEX_POINT ( 'NONE', #2308 ) ;
#2685 =( LENGTH_UNIT ( ) NAMED_UNIT ( * ) SI_UNIT ( .MILLI., .METRE. ) );
#2686 = DIRECTION ( 'NONE',  ( 0.0000000000000000000, 0.0000000000000000000, -1.000000000000000000 ) ) ;
#2687 = ORIENTED_EDGE ( 'NONE', *, *, #3093, .T. ) ;
#2688 = MECHANICAL_DESIGN_GEOMETRIC_PRESENTATION_REPRESENTATION (  '', ( #533 ), #2580 ) ;
#2689 = SURFACE_SIDE_STYLE ('',( #2912 ) ) ;
#2690 = FILL_AREA_STYLE ('',( #1962 ) ) ;
#2691 = EDGE_CURVE ( 'NONE', #2548, #652, #2337, .T. ) ;
#2692 = FILL_AREA_STYLE ('',( #2929 ) ) ;
#2693 = SURFACE_STYLE_FILL_AREA ( #1718 ) ;
#2694 =( GEOMETRIC_REPRESENTATION_CONTEXT ( 3 ) GLOBAL_UNCERTAINTY_ASSIGNED_CONTEXT ( ( #2711 ) ) GLOBAL_UNIT_ASSIGNED_CONTEXT ( ( #2430, #2201, #773 ) ) REPRESENTATION_CONTEXT ( 'NONE', 'WORKASPACE' ) );
#2695 = ORIENTED_EDGE ( 'NONE', *, *, #2231, .T. ) ;
#2696 = EDGE_CURVE ( 'NONE', #2078, #887, #1838, .T. ) ;
#2697 = PRESENTATION_LAYER_ASSIGNMENT (  '', '', ( #1624 ) ) ;
#2698 = SURFACE_STYLE_FILL_AREA ( #1246 ) ;
#2699 = STYLED_ITEM ( 'NONE', ( #1660 ), #765 ) ;
#2700 = AXIS2_PLACEMENT_3D ( 'NONE', #565, #3017, #1091 ) ;
#2701 = ORIENTED_EDGE ( 'NONE', *, *, #544, .F. ) ;
#2702 = EDGE_CURVE ( 'NONE', #66, #2684, #1245, .T. ) ;
#2703 =( GEOMETRIC_REPRESENTATION_CONTEXT ( 3 ) GLOBAL_UNCERTAINTY_ASSIGNED_CONTEXT ( ( #1688 ) ) GLOBAL_UNIT_ASSIGNED_CONTEXT ( ( #2397, #752, #244 ) ) REPRESENTATION_CONTEXT ( 'NONE', 'WORKASPACE' ) );
#2704 = DIRECTION ( 'NONE',  ( -0.0000000000000000000, -1.000000000000000000, -0.0000000000000000000 ) ) ;
#2705 = SURFACE_STYLE_USAGE ( .BOTH. , #126 ) ;
#2706 = STYLED_ITEM ( 'NONE', ( #2357 ), #1104 ) ;
#2707 = VECTOR ( 'NONE', #341, 1000.000000000000000 ) ;
#2708 = VERTEX_POINT ( 'NONE', #625 ) ;
#2709 = COLOUR_RGB ( '',1.000000000000000000, 0.8666666666666666963, 0.5294117647058823595 ) ;
#2710 = DIRECTION ( 'NONE',  ( -0.0000000000000000000, -0.0000000000000000000, 1.000000000000000000 ) ) ;
#2711 = UNCERTAINTY_MEASURE_WITH_UNIT (LENGTH_MEASURE( 1.000000000000000082E-05 ), #2430, 'distance_accuracy_value', 'NONE');
#2712 =( NAMED_UNIT ( * ) PLANE_ANGLE_UNIT ( ) SI_UNIT ( $, .RADIAN. ) );
#2713 = AXIS2_PLACEMENT_3D ( 'NONE', #1566, #2982, #114 ) ;
#2714 = PRESENTATION_LAYER_ASSIGNMENT (  '', '', ( #1891 ) ) ;
#2715 = ORIENTED_EDGE ( 'NONE', *, *, #2785, .T. ) ;
#2716 = DIRECTION ( 'NONE',  ( 0.0000000000000000000, 0.0000000000000000000, -1.000000000000000000 ) ) ;
#2717 = ADVANCED_FACE ( 'NONE', ( #2116 ), #409, .T. ) ;
#2718 = PLANE ( 'NONE',  #1825 ) ;
#2719 =( LENGTH_UNIT ( ) NAMED_UNIT ( * ) SI_UNIT ( .MILLI., .METRE. ) );
#2720 = SURFACE_SIDE_STYLE ('',( #2485 ) ) ;
#2721 = CARTESIAN_POINT ( 'NONE',  ( -6.349999999999999645, 0.0000000000000000000, 1.574799999999999534 ) ) ;
#2722 = ORIENTED_EDGE ( 'NONE', *, *, #1862, .F. ) ;
#2723 = CARTESIAN_POINT ( 'NONE',  ( 1.524000000000002242, -7.303244591070091829, 3.962399999999999700 ) ) ;
#2724 = CARTESIAN_POINT ( 'NONE',  ( -2.006600000000001494, -8.573244591070091403, -0.7873999999999996557 ) ) ;
#2725 = APPLICATION_CONTEXT ( 'automotive_design' ) ;
#2726 = CARTESIAN_POINT ( 'NONE',  ( 1.117599999999995930, -12.23084459107009003, -0.7874000000000002109 ) ) ;
#2727 = DIRECTION ( 'NONE',  ( 0.0000000000000000000, 0.0000000000000000000, -1.000000000000000000 ) ) ;
#2728 = EDGE_CURVE ( 'NONE', #2970, #2359, #1378, .T. ) ;
#2729 = SURFACE_SIDE_STYLE ('',( #1269 ) ) ;
#2730 = DIRECTION ( 'NONE',  ( 0.0000000000000000000, 1.000000000000000000, 0.0000000000000000000 ) ) ;
#2731 = DIRECTION ( 'NONE',  ( 0.0000000000000000000, 1.000000000000000000, 0.0000000000000000000 ) ) ;
#2732 = ORIENTED_EDGE ( 'NONE', *, *, #2219, .F. ) ;
#2733 = DIRECTION ( 'NONE',  ( 0.0000000000000000000, -1.000000000000000000, -0.0000000000000000000 ) ) ;
#2734 =( NAMED_UNIT ( * ) PLANE_ANGLE_UNIT ( ) SI_UNIT ( $, .RADIAN. ) );
#2735 = STYLED_ITEM ( 'NONE', ( #719 ), #1525 ) ;
#2736 = VERTEX_POINT ( 'NONE', #3029 ) ;
#2737 = VECTOR ( 'NONE', #2853, 1000.000000000000000 ) ;
#2738 = CARTESIAN_POINT ( 'NONE',  ( -5.168900000000000716, -8.573244591070091403, 0.7873999999999999888 ) ) ;
#2739 = CARTESIAN_POINT ( 'NONE',  ( -6.045200000000003904, -13.01824459107008991, -0.7874000000000009880 ) ) ;
#2740 = CARTESIAN_POINT ( 'NONE',  ( 1.754997738737958946, -1.309538856999607592, 3.135917406136812247 ) ) ;
#2741 = EDGE_CURVE ( 'NONE', #2061, #302, #457, .T. ) ;
#2742 = CARTESIAN_POINT ( 'NONE',  ( 2.412977781293402124, -0.7816207471543932250, 1.395406928899591091E-16 ) ) ;
#2743 =( NAMED_UNIT ( * ) SI_UNIT ( $, .STERADIAN. ) SOLID_ANGLE_UNIT ( ) );
#2744 = DIRECTION ( 'NONE',  ( -1.000000000000000000, -0.0000000000000000000, -0.0000000000000000000 ) ) ;
#2745 = PRESENTATION_LAYER_ASSIGNMENT (  '', '', ( #989 ) ) ;
#2746 = EDGE_CURVE ( 'NONE', #2237, #1845, #2243, .T. ) ;
#2747 = VERTEX_POINT ( 'NONE', #871 ) ;
#2748 = VECTOR ( 'NONE', #349, 1000.000000000000000 ) ;
#2749 = UNCERTAINTY_MEASURE_WITH_UNIT (LENGTH_MEASURE( 1.000000000000000082E-05 ), #1674, 'distance_accuracy_value', 'NONE');
#2750 = CARTESIAN_POINT ( 'NONE',  ( -6.349999999999999645, 0.0000000000000000000, -4.457699999999999996 ) ) ;
#2751 = DIRECTION ( 'NONE',  ( -0.0000000000000000000, -0.0000000000000000000, -1.000000000000000000 ) ) ;
#2752 = STYLED_ITEM ( 'NONE', ( #873 ), #1125 ) ;
#2753 = SURFACE_STYLE_USAGE ( .BOTH. , #2957 ) ;
#2754 = COLOUR_RGB ( '',1.000000000000000000, 0.8666666666666666963, 0.5294117647058823595 ) ;
#2755 = STYLED_ITEM ( 'NONE', ( #856 ), #1332 ) ;
#2756 = FACE_OUTER_BOUND ( 'NONE', #2102, .T. ) ;
#2757 = ORIENTED_EDGE ( 'NONE', *, *, #1846, .T. ) ;
#2758 = VECTOR ( 'NONE', #578, 1000.000000000000000 ) ;
#2759 = CARTESIAN_POINT ( 'NONE',  ( -6.349999999999999645, -8.649444591070091448, -4.457699999999999108 ) ) ;
#2760 = AXIS2_PLACEMENT_3D ( 'NONE', #2522, #786, #1495 ) ;
#2761 = EDGE_LOOP ( 'NONE', ( #435, #2428, #3107, #1492, #1457, #2163, #974, #1413, #2180, #1305, #2228, #2512, #150, #2122, #2262, #562, #740, #661, #2977, #2071, #1909, #2343 ) ) ;
#2762 = MECHANICAL_DESIGN_GEOMETRIC_PRESENTATION_REPRESENTATION (  '', ( #1000 ), #1587 ) ;
#2763 = DIRECTION ( 'NONE',  ( 1.000000000000000000, 0.0000000000000000000, -0.0000000000000000000 ) ) ;
#2764 = SURFACE_SIDE_STYLE ('',( #2651 ) ) ;
#2765 = FILL_AREA_STYLE ('',( #3041 ) ) ;
#2766 = DIRECTION ( 'NONE',  ( 1.000000000000000000, 0.0000000000000000000, 0.0000000000000000000 ) ) ;
#2767 = EDGE_LOOP ( 'NONE', ( #2965, #2212, #1069, #1606 ) ) ;
#2768 = DIRECTION ( 'NONE',  ( 1.000000000000000000, 0.0000000000000000000, 0.0000000000000000000 ) ) ;
#2769 = CARTESIAN_POINT ( 'NONE',  ( 1.422399999999995446, -12.23084459107009003, -1.084202172485504434E-16 ) ) ;
#2770 = EDGE_CURVE ( 'NONE', #924, #2017, #1151, .T. ) ;
#2771 = DIRECTION ( 'NONE',  ( 0.0000000000000000000, 0.0000000000000000000, -1.000000000000000000 ) ) ;
#2772 = CARTESIAN_POINT ( 'NONE',  ( -6.349999999999999645, 0.0000000000000000000, -0.7873999999999997668 ) ) ;
#2773 = FILL_AREA_STYLE_COLOUR ( '', #2937 ) ;
#2774 = ORIENTED_EDGE ( 'NONE', *, *, #596, .F. ) ;
#2775 = SURFACE_SIDE_STYLE ('',( #1356 ) ) ;
#2776 = FACE_BOUND ( 'NONE', #717, .T. ) ;
#2777 = PRESENTATION_STYLE_ASSIGNMENT (( #364 ) ) ;
#2778 = CARTESIAN_POINT ( 'NONE',  ( 3.163505730653942472, -7.108765905469615731, 3.962399999999999700 ) ) ;
#2779 = ORIENTED_EDGE ( 'NONE', *, *, #18, .T. ) ;
#2780 = DIRECTION ( 'NONE',  ( -0.0000000000000000000, -1.000000000000000000, -0.0000000000000000000 ) ) ;
#2781 = CARTESIAN_POINT ( 'NONE',  ( 0.0000000000000000000, 6.748286867988289472, 4.478196021999999665 ) ) ;
#2782 =( NAMED_UNIT ( * ) SI_UNIT ( $, .STERADIAN. ) SOLID_ANGLE_UNIT ( ) );
#2783 = CARTESIAN_POINT ( 'NONE',  ( -6.349999999999999645, 7.690151546602133514, -4.896262381873219383 ) ) ;
#2784 = ORIENTED_EDGE ( 'NONE', *, *, #1537, .T. ) ;
#2785 = EDGE_CURVE ( 'NONE', #510, #611, #1818, .T. ) ;
#2786 = FACE_OUTER_BOUND ( 'NONE', #1454, .T. ) ;
#2787 = CARTESIAN_POINT ( 'NONE',  ( -5.168900000000000716, -12.23084459107009003, 0.7873999999999999888 ) ) ;
#2788 = CIRCLE ( 'NONE', #1867, 0.7873999999999999888 ) ;
#2789 = ORIENTED_EDGE ( 'NONE', *, *, #2799, .F. ) ;
#2790 = DIRECTION ( 'NONE',  ( -1.000000000000000000, 0.0000000000000000000, 0.0000000000000000000 ) ) ;
#2791 = CYLINDRICAL_SURFACE ( 'NONE', #1058, 1.270000000000000240 ) ;
#2792 = VECTOR ( 'NONE', #1894, 1000.000000000000000 ) ;
#2793 = FACE_OUTER_BOUND ( 'NONE', #1376, .T. ) ;
#2794 = AXIS2_PLACEMENT_3D ( 'NONE', #1652, #507, #1938 ) ;
#2795 =( LENGTH_UNIT ( ) NAMED_UNIT ( * ) SI_UNIT ( .MILLI., .METRE. ) );
#2796 = PRESENTATION_STYLE_ASSIGNMENT (( #1598 ) ) ;
#2797 =( GEOMETRIC_REPRESENTATION_CONTEXT ( 3 ) GLOBAL_UNCERTAINTY_ASSIGNED_CONTEXT ( ( #2358 ) ) GLOBAL_UNIT_ASSIGNED_CONTEXT ( ( #142, #189, #125 ) ) REPRESENTATION_CONTEXT ( 'NONE', 'WORKASPACE' ) );
#2798 = ORIENTED_EDGE ( 'NONE', *, *, #596, .T. ) ;
#2799 = EDGE_CURVE ( 'NONE', #2888, #2970, #2150, .T. ) ;
#2800 =( NAMED_UNIT ( * ) PLANE_ANGLE_UNIT ( ) SI_UNIT ( $, .RADIAN. ) );
#2801 = PRESENTATION_LAYER_ASSIGNMENT (  '', '', ( #2645 ) ) ;
#2802 = VECTOR ( 'NONE', #2994, 1000.000000000000227 ) ;
#2803 = DIRECTION ( 'NONE',  ( -0.0000000000000000000, -1.000000000000000000, -0.0000000000000000000 ) ) ;
#2804 = ORIENTED_EDGE ( 'NONE', *, *, #603, .T. ) ;
#2805 = MECHANICAL_DESIGN_GEOMETRIC_PRESENTATION_REPRESENTATION (  '', ( #1035 ), #2542 ) ;
#2806 = CARTESIAN_POINT ( 'NONE',  ( -6.349999999999999645, 0.0000000000000000000, -7.899400000000000865 ) ) ;
#2807 = CARTESIAN_POINT ( 'NONE',  ( 2.860827749610138415, -7.144669662811236499, 3.962399999999999700 ) ) ;
#2808 = VECTOR ( 'NONE', #264, 1000.000000000000000 ) ;
#2809 = DIRECTION ( 'NONE',  ( 0.9930379955505393985, 0.1177944794672777795, -0.0000000000000000000 ) ) ;
#2810 = MECHANICAL_DESIGN_GEOMETRIC_PRESENTATION_REPRESENTATION (  '', ( #1940 ), #2546 ) ;
#2811 = ORIENTED_EDGE ( 'NONE', *, *, #1308, .T. ) ;
#2812 = AXIS2_PLACEMENT_3D ( 'NONE', #1392, #867, #2368 ) ;
#2813 =( NAMED_UNIT ( * ) SI_UNIT ( $, .STERADIAN. ) SOLID_ANGLE_UNIT ( ) );
#2814 = ADVANCED_FACE ( 'NONE', ( #2320 ), #2014, .T. ) ;
#2815 = STYLED_ITEM ( 'NONE', ( #560 ), #1405 ) ;
#2816 = CARTESIAN_POINT ( 'NONE',  ( 1.524000000000002242, -8.954244591070091630, 0.8802949302288965994 ) ) ;
#2817 = FILL_AREA_STYLE_COLOUR ( '', #1427 ) ;
#2818 = ORIENTED_EDGE ( 'NONE', *, *, #2091, .F. ) ;
#2819 =( NAMED_UNIT ( * ) SI_UNIT ( $, .STERADIAN. ) SOLID_ANGLE_UNIT ( ) );
#2820 = ORIENTED_EDGE ( 'NONE', *, *, #1759, .F. ) ;
#2821 = DIRECTION ( 'NONE',  ( 0.0000000000000000000, 1.000000000000000000, 0.0000000000000000000 ) ) ;
#2822 = DIRECTION ( 'NONE',  ( -1.000000000000000000, 0.0000000000000000000, -0.0000000000000000000 ) ) ;
#2823 = ORIENTED_EDGE ( 'NONE', *, *, #2728, .T. ) ;
#2824 = FACE_OUTER_BOUND ( 'NONE', #139, .T. ) ;
#2825 = EDGE_CURVE ( 'NONE', #957, #2646, #1769, .T. ) ;
#2826 = CARTESIAN_POINT ( 'NONE',  ( 1.663656039878121939, -8.948327322263081030, 1.294846335021516692 ) ) ;
#2827 = DIRECTION ( 'NONE',  ( 0.0000000000000000000, -0.0000000000000000000, -1.000000000000000000 ) ) ;
#2828 =( LENGTH_UNIT ( ) NAMED_UNIT ( * ) SI_UNIT ( .MILLI., .METRE. ) );
#2829 = ORIENTED_EDGE ( 'NONE', *, *, #2050, .F. ) ;
#2830 = FACE_OUTER_BOUND ( 'NONE', #1106, .T. ) ;
#2831 =( NAMED_UNIT ( * ) SI_UNIT ( $, .STERADIAN. ) SOLID_ANGLE_UNIT ( ) );
#2832 = VECTOR ( 'NONE', #1368, 1000.000000000000000 ) ;
#2833 = VERTEX_POINT ( 'NONE', #1361 ) ;
#2834 = CARTESIAN_POINT ( 'NONE',  ( 1.978225993858302223, 0.2958919183846136503, 0.0000000000000000000 ) ) ;
#2835 = CARTESIAN_POINT ( 'NONE',  ( 0.0000000000000000000, 0.0000000000000000000, 0.0000000000000000000 ) ) ;
#2836 = UNCERTAINTY_MEASURE_WITH_UNIT (LENGTH_MEASURE( 1.000000000000000082E-05 ), #9, 'distance_accuracy_value', 'NONE');
#2837 = ORIENTED_EDGE ( 'NONE', *, *, #2602, .F. ) ;
#2838 = EDGE_CURVE ( 'NONE', #930, #2953, #2352, .T. ) ;
#2839 = LINE ( 'NONE', #361, #571 ) ;
#2840 = CARTESIAN_POINT ( 'NONE',  ( -5.168900000000000716, -8.573244591070091403, -0.7873999999999997668 ) ) ;
#2841 = STYLED_ITEM ( 'NONE', ( #1843 ), #1749 ) ;
#2842 = SURFACE_STYLE_FILL_AREA ( #2878 ) ;
#2843 = CARTESIAN_POINT ( 'NONE',  ( -6.349999999999999645, 0.0000000000000000000, 0.0000000000000000000 ) ) ;
#2844 = VECTOR ( 'NONE', #2821, 1000.000000000000000 ) ;
#2845 = CARTESIAN_POINT ( 'NONE',  ( 0.0000000000000000000, -6.148728313236808241, 4.457699999999998219 ) ) ;
#2846 = DIRECTION ( 'NONE',  ( 0.0000000000000000000, 0.0000000000000000000, -1.000000000000000000 ) ) ;
#2847 = ORIENTED_EDGE ( 'NONE', *, *, #178, .T. ) ;
#2848 = AXIS2_PLACEMENT_3D ( 'NONE', #2327, #3008, #401 ) ;
#2849 = SURFACE_STYLE_USAGE ( .BOTH. , #1865 ) ;
#2850 = PRESENTATION_LAYER_ASSIGNMENT (  '', '', ( #2439 ) ) ;
#2851 = EDGE_CURVE ( 'NONE', #355, #2381, #893, .T. ) ;
#2852 = ORIENTED_EDGE ( 'NONE', *, *, #959, .F. ) ;
#2853 = DIRECTION ( 'NONE',  ( -1.000000000000000000, -0.0000000000000000000, -0.0000000000000000000 ) ) ;
#2854 = STYLED_ITEM ( 'NONE', ( #199 ), #860 ) ;
#2855 = CARTESIAN_POINT ( 'NONE',  ( -6.197600000000000442, -8.801844591070091539, 4.457699999999999996 ) ) ;
#2856 = DIRECTION ( 'NONE',  ( 0.0000000000000000000, 0.0000000000000000000, 1.000000000000000000 ) ) ;
#2857 =( GEOMETRIC_REPRESENTATION_CONTEXT ( 3 ) GLOBAL_UNCERTAINTY_ASSIGNED_CONTEXT ( ( #2998 ) ) GLOBAL_UNIT_ASSIGNED_CONTEXT ( ( #127, #1222, #2332 ) ) REPRESENTATION_CONTEXT ( 'NONE', 'WORKASPACE' ) );
#2858 = ORIENTED_EDGE ( 'NONE', *, *, #2666, .F. ) ;
#2859 = STYLED_ITEM ( 'NONE', ( #218 ), #2372 ) ;
#2860 = SURFACE_STYLE_FILL_AREA ( #185 ) ;
#2861 = CYLINDRICAL_SURFACE ( 'NONE', #46, 7.594599999999998907 ) ;
#2862 = MECHANICAL_DESIGN_GEOMETRIC_PRESENTATION_REPRESENTATION (  '', ( #2040 ), #1482 ) ;
#2863 = MECHANICAL_DESIGN_GEOMETRIC_PRESENTATION_REPRESENTATION (  '', ( #1385 ), #1950 ) ;
#2864 =( NAMED_UNIT ( * ) SI_UNIT ( $, .STERADIAN. ) SOLID_ANGLE_UNIT ( ) );
#2865 = DIRECTION ( 'NONE',  ( 0.9930379955505392875, 0.1177944794672777795, 0.0000000000000000000 ) ) ;
#2866 = ORIENTED_EDGE ( 'NONE', *, *, #2924, .F. ) ;
#2867 = CARTESIAN_POINT ( 'NONE',  ( 1.396019504201488903, -0.5814900508096272347, 9.830153171714840055E-17 ) ) ;
#2868 = CARTESIAN_POINT ( 'NONE',  ( 0.0000000000000000000, 0.0000000000000000000, 0.0000000000000000000 ) ) ;
#2869 = FILL_AREA_STYLE ('',( #2882 ) ) ;
#2870 = VERTEX_POINT ( 'NONE', #174 ) ;
#2871 = LINE ( 'NONE', #1156, #2023 ) ;
#2872 =( LENGTH_UNIT ( ) NAMED_UNIT ( * ) SI_UNIT ( .MILLI., .METRE. ) );
#2873 = EDGE_CURVE ( 'NONE', #1884, #887, #1602, .T. ) ;
#2874 = PLANE ( 'NONE',  #1522 ) ;
#2875 = VERTEX_POINT ( 'NONE', #1304 ) ;
#2876 = SURFACE_SIDE_STYLE ('',( #1899 ) ) ;
#2877 = FILL_AREA_STYLE_COLOUR ( '', #1083 ) ;
#2878 = FILL_AREA_STYLE ('',( #2394 ) ) ;
#2879 = APPLICATION_PROTOCOL_DEFINITION ( 'draft international standard', 'automotive_design', 1998, #2335 ) ;
#2880 = ORIENTED_EDGE ( 'NONE', *, *, #2020, .F. ) ;
#2881 = DIRECTION ( 'NONE',  ( 0.0000000000000000000, -0.0000000000000000000, 1.000000000000000000 ) ) ;
#2882 = FILL_AREA_STYLE_COLOUR ( '', #3009 ) ;
#2883 = ORIENTED_EDGE ( 'NONE', *, *, #732, .T. ) ;
#2884 =( NAMED_UNIT ( * ) SI_UNIT ( $, .STERADIAN. ) SOLID_ANGLE_UNIT ( ) );
#2885 = COLOUR_RGB ( '',1.000000000000000000, 1.000000000000000000, 1.000000000000000000 ) ;
#2886 = SURFACE_STYLE_FILL_AREA ( #478 ) ;
#2887 = ADVANCED_FACE ( 'NONE', ( #2756 ), #1092, .F. ) ;
#2888 = VERTEX_POINT ( 'NONE', #2783 ) ;
#2889 = DIRECTION ( 'NONE',  ( -0.9930379955505395095, -0.1177944794672777795, -0.0000000000000000000 ) ) ;
#2890 = EDGE_LOOP ( 'NONE', ( #3072, #1663, #351, #1599 ) ) ;
#2891 = EDGE_CURVE ( 'NONE', #1054, #2445, #1339, .T. ) ;
#2892 = VECTOR ( 'NONE', #2062, 1000.000000000000000 ) ;
#2893 = SURFACE_STYLE_FILL_AREA ( #1206 ) ;
#2894 = VERTEX_POINT ( 'NONE', #3050 ) ;
#2895 = CYLINDRICAL_SURFACE ( 'NONE', #119, 7.899400000000000865 ) ;
#2896 = UNCERTAINTY_MEASURE_WITH_UNIT (LENGTH_MEASURE( 1.000000000000000082E-05 ), #1591, 'distance_accuracy_value', 'NONE');
#2897 = DIRECTION ( 'NONE',  ( 1.000000000000000000, -0.0000000000000000000, 0.0000000000000000000 ) ) ;
#2898 = CARTESIAN_POINT ( 'NONE',  ( -6.197600000000000442, -8.649444591070091448, 0.7873999999999997668 ) ) ;
#2899 = PRESENTATION_STYLE_ASSIGNMENT (( #3020 ) ) ;
#2900 = VECTOR ( 'NONE', #1268, 1000.000000000000000 ) ;
#2901 = ORIENTED_EDGE ( 'NONE', *, *, #18, .F. ) ;
#2902 = LINE ( 'NONE', #748, #1609 ) ;
#2903 = STYLED_ITEM ( 'NONE', ( #1447 ), #981 ) ;
#2904 = FACE_OUTER_BOUND ( 'NONE', #2660, .T. ) ;
#2905 = EDGE_CURVE ( 'NONE', #426, #1001, #2386, .T. ) ;
#2906 = FILL_AREA_STYLE ('',( #1880 ) ) ;
#2907 = CARTESIAN_POINT ( 'NONE',  ( -6.045200000000003904, -8.954244591070089854, -0.7874000000000009880 ) ) ;
#2908 = ORIENTED_EDGE ( 'NONE', *, *, #2436, .F. ) ;
#2909 =( LENGTH_UNIT ( ) NAMED_UNIT ( * ) SI_UNIT ( .MILLI., .METRE. ) );
#2910 = SURFACE_STYLE_FILL_AREA ( #1473 ) ;
#2911 = VERTEX_POINT ( 'NONE', #956 ) ;
#2912 = SURFACE_STYLE_FILL_AREA ( #1925 ) ;
#2913 = AXIS2_PLACEMENT_3D ( 'NONE', #48, #1942, #771 ) ;
#2914 = DIRECTION ( 'NONE',  ( -1.000000000000000000, -0.0000000000000000000, -0.0000000000000000000 ) ) ;
#2915 = SURFACE_STYLE_USAGE ( .BOTH. , #1705 ) ;
#2916 = DIRECTION ( 'NONE',  ( 0.9930379955505393985, 0.1177944794672777934, 0.0000000000000000000 ) ) ;
#2917 = ORIENTED_EDGE ( 'NONE', *, *, #1856, .F. ) ;
#2918 = DIRECTION ( 'NONE',  ( -0.0000000000000000000, -0.0000000000000000000, 1.000000000000000000 ) ) ;
#2919 = CARTESIAN_POINT ( 'NONE',  ( -6.349999999999999645, 0.0000000000000000000, 0.0000000000000000000 ) ) ;
#2920 = CARTESIAN_POINT ( 'NONE',  ( 1.470330075908173439, 4.577586158984429332, 3.962399999999999700 ) ) ;
#2921 = EDGE_CURVE ( 'NONE', #2381, #1033, #2131, .T. ) ;
#2922 = ORIENTED_EDGE ( 'NONE', *, *, #505, .F. ) ;
#2923 = SURFACE_STYLE_USAGE ( .BOTH. , #2147 ) ;
#2924 = EDGE_CURVE ( 'NONE', #705, #1727, #1853, .T. ) ;
#2925 =( LENGTH_UNIT ( ) NAMED_UNIT ( * ) SI_UNIT ( .MILLI., .METRE. ) );
#2926 = VERTEX_POINT ( 'NONE', #923 ) ;
#2927 = UNCERTAINTY_MEASURE_WITH_UNIT (LENGTH_MEASURE( 1.000000000000000082E-05 ), #779, 'distance_accuracy_value', 'NONE');
#2928 = SURFACE_STYLE_USAGE ( .BOTH. , #273 ) ;
#2929 = FILL_AREA_STYLE_COLOUR ( '', #2948 ) ;
#2930 = VERTEX_POINT ( 'NONE', #1154 ) ;
#2931 = EDGE_CURVE ( 'NONE', #2970, #3031, #1840, .T. ) ;
#2932 =( NAMED_UNIT ( * ) SI_UNIT ( $, .STERADIAN. ) SOLID_ANGLE_UNIT ( ) );
#2933 = VERTEX_POINT ( 'NONE', #1908 ) ;
#2934 = DIRECTION ( 'NONE',  ( -0.0000000000000000000, 0.7416257311919923767, -0.6708138898636063496 ) ) ;
#2935 = DIRECTION ( 'NONE',  ( 0.0000000000000000000, 1.000000000000000000, 0.0000000000000000000 ) ) ;
#2936 = EDGE_LOOP ( 'NONE', ( #230, #2969, #513, #120 ) ) ;
#2937 = COLOUR_RGB ( '',1.000000000000000000, 0.8666666666666666963, 0.5294117647058823595 ) ;
#2938 = CYLINDRICAL_SURFACE ( 'NONE', #949, 1.346200000000000507 ) ;
#2939 = SURFACE_STYLE_USAGE ( .BOTH. , #65 ) ;
#2940 = ADVANCED_FACE ( 'NONE', ( #1619 ), #943, .F. ) ;
#2941 = PRESENTATION_LAYER_ASSIGNMENT (  '', '', ( #2984 ) ) ;
#2942 = VERTEX_POINT ( 'NONE', #1892 ) ;
#2943 = COLOUR_RGB ( '',1.000000000000000000, 0.8666666666666666963, 0.5294117647058823595 ) ;
#2944 = FILL_AREA_STYLE ('',( #2679 ) ) ;
#2945 =( GEOMETRIC_REPRESENTATION_CONTEXT ( 3 ) GLOBAL_UNCERTAINTY_ASSIGNED_CONTEXT ( ( #307 ) ) GLOBAL_UNIT_ASSIGNED_CONTEXT ( ( #2909, #2382, #1428 ) ) REPRESENTATION_CONTEXT ( 'NONE', 'WORKASPACE' ) );
#2946 = CARTESIAN_POINT ( 'NONE',  ( 1.181458938038962181, 0.2013791595400929446, 0.0000000000000000000 ) ) ;
#2947 = VECTOR ( 'NONE', #1375, 1000.000000000000000 ) ;
#2948 = COLOUR_RGB ( '',1.000000000000000000, 0.8666666666666666963, 0.5294117647058823595 ) ;
#2949 = CARTESIAN_POINT ( 'NONE',  ( 1.777545974569638032, 4.575234094530385320, 3.962399999999999700 ) ) ;
#2950 = DIRECTION ( 'NONE',  ( 0.0000000000000000000, 0.0000000000000000000, -1.000000000000000000 ) ) ;
#2951 =( GEOMETRIC_REPRESENTATION_CONTEXT ( 3 ) GLOBAL_UNCERTAINTY_ASSIGNED_CONTEXT ( ( #2109 ) ) GLOBAL_UNIT_ASSIGNED_CONTEXT ( ( #1665, #2624, #1190 ) ) REPRESENTATION_CONTEXT ( 'NONE', 'WORKASPACE' ) );
#2952 = CIRCLE ( 'NONE', #2204, 1.270000000000000240 ) ;
#2953 = VERTEX_POINT ( 'NONE', #968 ) ;
#2954 = CARTESIAN_POINT ( 'NONE',  ( -5.168900000000000716, -8.649444591070091448, -1.181100000000000039 ) ) ;
#2955 = UNCERTAINTY_MEASURE_WITH_UNIT (LENGTH_MEASURE( 1.000000000000000082E-05 ), #2006, 'distance_accuracy_value', 'NONE');
#2956 = CARTESIAN_POINT ( 'NONE',  ( -6.349999999999999645, -8.649444591070091448, -1.574799999999999534 ) ) ;
#2957 = SURFACE_SIDE_STYLE ('',( #371 ) ) ;
#2958 = MECHANICAL_DESIGN_GEOMETRIC_PRESENTATION_REPRESENTATION (  '', ( #1200 ), #550 ) ;
#2959 = ORIENTED_EDGE ( 'NONE', *, *, #2231, .F. ) ;
#2960 = EDGE_CURVE ( 'NONE', #534, #1645, #1487, .T. ) ;
#2961 = CARTESIAN_POINT ( 'NONE',  ( -6.349999999999999645, -8.954244591070089854, 1.574799999999999534 ) ) ;
#2962 = CARTESIAN_POINT ( 'NONE',  ( 1.711058163179629110, 2.548185983883974437, 4.536168959478112050 ) ) ;
#2963 = DIRECTION ( 'NONE',  ( 0.0000000000000000000, -0.7416257311919923767, 0.6708138898636063496 ) ) ;
#2964 =( NAMED_UNIT ( * ) SI_UNIT ( $, .STERADIAN. ) SOLID_ANGLE_UNIT ( ) );
#2965 = ORIENTED_EDGE ( 'NONE', *, *, #514, .T. ) ;
#2966 = CARTESIAN_POINT ( 'NONE',  ( -6.349999999999999645, -8.954244591070089854, -4.762499999999999289 ) ) ;
#2967 = FILL_AREA_STYLE_COLOUR ( '', #286 ) ;
#2968 = DIRECTION ( 'NONE',  ( -1.000000000000000000, 0.0000000000000000000, 0.0000000000000000000 ) ) ;
#2969 = ORIENTED_EDGE ( 'NONE', *, *, #72, .F. ) ;
#2970 = VERTEX_POINT ( 'NONE', #1138 ) ;
#2971 = LINE ( 'NONE', #298, #2630 ) ;
#2972 = ADVANCED_FACE ( 'NONE', ( #1382 ), #2405, .F. ) ;
#2973 = DIRECTION ( 'NONE',  ( 0.0000000000000000000, 0.0000000000000000000, -1.000000000000000000 ) ) ;
#2974 = PRESENTATION_LAYER_ASSIGNMENT (  '', '', ( #1605 ) ) ;
#2975 = DIRECTION ( 'NONE',  ( 1.000000000000000000, 0.0000000000000000000, 0.0000000000000000000 ) ) ;
#2976 = CARTESIAN_POINT ( 'NONE',  ( -5.168900000000000716, -8.573244591070091403, -0.7873999999999997668 ) ) ;
#2977 = ORIENTED_EDGE ( 'NONE', *, *, #1099, .T. ) ;
#2978 =( LENGTH_UNIT ( ) NAMED_UNIT ( * ) SI_UNIT ( .MILLI., .METRE. ) );
#2979 = DIRECTION ( 'NONE',  ( -1.000000000000000000, 0.0000000000000000000, 0.0000000000000000000 ) ) ;
#2980 = FACE_OUTER_BOUND ( 'NONE', #2015, .T. ) ;
#2981 = EDGE_CURVE ( 'NONE', #1223, #822, #842, .T. ) ;
#2982 = DIRECTION ( 'NONE',  ( -0.0000000000000000000, 0.6708138898636063496, 0.7416257311919923767 ) ) ;
#2983 = VERTEX_POINT ( 'NONE', #642 ) ;
#2984 = STYLED_ITEM ( 'NONE', ( #323 ), #60 ) ;
#2985 = DIRECTION ( 'NONE',  ( 1.000000000000000000, 0.0000000000000000000, -1.552186360036513215E-16 ) ) ;
#2986 = CIRCLE ( 'NONE', #377, 0.7873999999999996557 ) ;
#2987 = ORIENTED_EDGE ( 'NONE', *, *, #2672, .T. ) ;
#2988 = CARTESIAN_POINT ( 'NONE',  ( 1.422399999999995446, -8.954244591070089854, 4.762500000000000178 ) ) ;
#2989 = MECHANICAL_DESIGN_GEOMETRIC_PRESENTATION_REPRESENTATION (  '', ( #275 ), #2138 ) ;
#2990 = AXIS2_PLACEMENT_3D ( 'NONE', #347, #529, #1976 ) ;
#2991 = EDGE_CURVE ( 'NONE', #2474, #2548, #1895, .T. ) ;
#2992 = CARTESIAN_POINT ( 'NONE',  ( 3.163505730653942472, -7.108765905469615731, -3.962399999999999700 ) ) ;
#2993 = FILL_AREA_STYLE ('',( #1024 ) ) ;
#2994 = DIRECTION ( 'NONE',  ( 0.1177944794672778073, -0.9930379955505392875, 0.0000000000000000000 ) ) ;
#2995 = AXIS2_PLACEMENT_3D ( 'NONE', #2019, #1642, #1387 ) ;
#2996 = VERTEX_POINT ( 'NONE', #607 ) ;
#2997 = CIRCLE ( 'NONE', #696, 0.3936999999999999944 ) ;
#2998 = UNCERTAINTY_MEASURE_WITH_UNIT (LENGTH_MEASURE( 1.000000000000000082E-05 ), #127, 'distance_accuracy_value', 'NONE');
#2999 = DIRECTION ( 'NONE',  ( -0.9930379955505393985, -0.1177944794672777934, -0.0000000000000000000 ) ) ;
#3000 = PRESENTATION_STYLE_ASSIGNMENT (( #564 ) ) ;
#3001 = AXIS2_PLACEMENT_3D ( 'NONE', #317, #2766, #2259 ) ;
#3002 = SURFACE_STYLE_USAGE ( .BOTH. , #2287 ) ;
#3003 = EDGE_LOOP ( 'NONE', ( #1265, #2701, #2568, #2478 ) ) ;
#3004 = ORIENTED_EDGE ( 'NONE', *, *, #658, .T. ) ;
#3005 = COLOUR_RGB ( '',1.000000000000000000, 0.8666666666666666963, 0.5294117647058823595 ) ;
#3006 =( NAMED_UNIT ( * ) PLANE_ANGLE_UNIT ( ) SI_UNIT ( $, .RADIAN. ) );
#3007 = ORIENTED_EDGE ( 'NONE', *, *, #383, .T. ) ;
#3008 = DIRECTION ( 'NONE',  ( 0.0000000000000000000, 0.0000000000000000000, 1.000000000000000000 ) ) ;
#3009 = COLOUR_RGB ( '',1.000000000000000000, 0.8666666666666666963, 0.5294117647058823595 ) ;
#3010 = FILL_AREA_STYLE_COLOUR ( '', #2328 ) ;
#3011 = CARTESIAN_POINT ( 'NONE',  ( -5.168900000000000716, -8.649444591070091448, -0.7873999999999997668 ) ) ;
#3012 =( NAMED_UNIT ( * ) SI_UNIT ( $, .STERADIAN. ) SOLID_ANGLE_UNIT ( ) );
#3013 = CARTESIAN_POINT ( 'NONE',  ( 1.269999999999998463, -8.649444591070091448, 1.181099999999999595 ) ) ;
#3014 = EDGE_CURVE ( 'NONE', #2684, #59, #366, .T. ) ;
#3015 = ORIENTED_EDGE ( 'NONE', *, *, #675, .F. ) ;
#3016 = LINE ( 'NONE', #1786, #2079 ) ;
#3017 = DIRECTION ( 'NONE',  ( 1.000000000000000000, 0.0000000000000000000, 0.0000000000000000000 ) ) ;
#3018 = DIRECTION ( 'NONE',  ( 0.0000000000000000000, 0.0000000000000000000, 1.000000000000000000 ) ) ;
#3019 = ORIENTED_EDGE ( 'NONE', *, *, #102, .T. ) ;
#3020 = SURFACE_STYLE_USAGE ( .BOTH. , #1321 ) ;
#3021 = ORIENTED_EDGE ( 'NONE', *, *, #959, .T. ) ;
#3022 = DIRECTION ( 'NONE',  ( 1.000000000000000000, -0.0000000000000000000, 0.0000000000000000000 ) ) ;
#3023 = EDGE_CURVE ( 'NONE', #853, #2510, #337, .T. ) ;
#3024 =( NAMED_UNIT ( * ) SI_UNIT ( $, .STERADIAN. ) SOLID_ANGLE_UNIT ( ) );
#3025 = PLANE ( 'NONE',  #747 ) ;
#3026 = VECTOR ( 'NONE', #792, 1000.000000000000000 ) ;
#3027 = ORIENTED_EDGE ( 'NONE', *, *, #2458, .F. ) ;
#3028 = FACE_OUTER_BOUND ( 'NONE', #1815, .T. ) ;
#3029 = CARTESIAN_POINT ( 'NONE',  ( -6.045200000000003904, -12.23084459107009003, -0.7874000000000004329 ) ) ;
#3030 =( NAMED_UNIT ( * ) PLANE_ANGLE_UNIT ( ) SI_UNIT ( $, .RADIAN. ) );
#3031 = VERTEX_POINT ( 'NONE', #2248 ) ;
#3032 = CARTESIAN_POINT ( 'NONE',  ( -6.349999999999998757, -8.954244591070089854, 4.762500000000000178 ) ) ;
#3033 = EDGE_CURVE ( 'NONE', #553, #3117, #89, .T. ) ;
#3034 = FACE_OUTER_BOUND ( 'NONE', #2936, .T. ) ;
#3035 = MECHANICAL_DESIGN_GEOMETRIC_PRESENTATION_REPRESENTATION (  '', ( #1267 ), #684 ) ;
#3036 = EDGE_LOOP ( 'NONE', ( #623, #1788, #1659, #3021, #1481, #2829, #1256 ) ) ;
#3037 = MECHANICAL_DESIGN_GEOMETRIC_PRESENTATION_REPRESENTATION (  '', ( #1721 ), #1930 ) ;
#3038 = FILL_AREA_STYLE ('',( #3010 ) ) ;
#3039 = PLANE ( 'NONE',  #2446 ) ;
#3040 = CIRCLE ( 'NONE', #3095, 1.139436227548324299 ) ;
#3041 = FILL_AREA_STYLE_COLOUR ( '', #789 ) ;
#3042 = CARTESIAN_POINT ( 'NONE',  ( 0.0000000000000000000, 7.690151546602132626, -4.896262381873219383 ) ) ;
#3043 = DIRECTION ( 'NONE',  ( -1.000000000000000000, -0.0000000000000000000, -0.0000000000000000000 ) ) ;
#3044 = MECHANICAL_DESIGN_GEOMETRIC_PRESENTATION_REPRESENTATION (  '', ( #2645 ), #1234 ) ;
#3045 = CARTESIAN_POINT ( 'NONE',  ( 1.269999999999998463, -8.649444591070091448, -1.181099999999999817 ) ) ;
#3046 = ORIENTED_EDGE ( 'NONE', *, *, #1902, .T. ) ;
#3047 = FILL_AREA_STYLE_COLOUR ( '', #797 ) ;
#3048 = SURFACE_STYLE_FILL_AREA ( #2608 ) ;
#3049 = CIRCLE ( 'NONE', #1985, 0.1524000000000000077 ) ;
#3050 = CARTESIAN_POINT ( 'NONE',  ( -2.006600000000001494, -8.649444591070091448, 1.574799999999999534 ) ) ;
#3051 = ORIENTED_EDGE ( 'NONE', *, *, #1595, .F. ) ;
#3052 = MECHANICAL_DESIGN_GEOMETRIC_PRESENTATION_REPRESENTATION (  '', ( #2903 ), #330 ) ;
#3053 = CARTESIAN_POINT ( 'NONE',  ( 1.524000000000002464, -8.954244591070091630, -1.481905069771102701 ) ) ;
#3054 = VECTOR ( 'NONE', #2192, 1000.000000000000000 ) ;
#3055 = PRESENTATION_LAYER_ASSIGNMENT (  '', '', ( #176 ) ) ;
#3056 = EDGE_CURVE ( 'NONE', #2926, #543, #1582, .T. ) ;
#3057 = ORIENTED_EDGE ( 'NONE', *, *, #247, .F. ) ;
#3058 = VECTOR ( 'NONE', #2975, 1000.000000000000000 ) ;
#3059 = LINE ( 'NONE', #899, #2024 ) ;
#3060 = SURFACE_STYLE_USAGE ( .BOTH. , #3073 ) ;
#3061 = VECTOR ( 'NONE', #3018, 1000.000000000000000 ) ;
#3062 = DIRECTION ( 'NONE',  ( 0.4388117733577206470, 0.8985790046304511502, 0.0000000000000000000 ) ) ;
#3063 = DIRECTION ( 'NONE',  ( -0.0000000000000000000, -0.0000000000000000000, 1.000000000000000000 ) ) ;
#3064 = ORIENTED_EDGE ( 'NONE', *, *, #808, .T. ) ;
#3065 = CARTESIAN_POINT ( 'NONE',  ( 1.754997738737958946, -1.309538856999608036, 1.920195606907959471E-16 ) ) ;
#3066 = DIRECTION ( 'NONE',  ( 0.0000000000000000000, 0.7416257311919923767, 0.6708138898636063496 ) ) ;
#3067 = EDGE_CURVE ( 'NONE', #426, #2747, #801, .T. ) ;
#3068 = ORIENTED_EDGE ( 'NONE', *, *, #1549, .T. ) ;
#3069 = DIRECTION ( 'NONE',  ( -0.0000000000000000000, -1.000000000000000000, -0.0000000000000000000 ) ) ;
#3070 = FILL_AREA_STYLE_COLOUR ( '', #795 ) ;
#3071 = DIRECTION ( 'NONE',  ( 1.442566322368301939E-17, -1.216120802682671769E-16, -1.000000000000000000 ) ) ;
#3072 = ORIENTED_EDGE ( 'NONE', *, *, #327, .T. ) ;
#3073 = SURFACE_SIDE_STYLE ('',( #141 ) ) ;
#3074 = PRESENTATION_STYLE_ASSIGNMENT (( #2581 ) ) ;
#3075 = EDGE_CURVE ( 'NONE', #2942, #1470, #2101, .T. ) ;
#3076 = FILL_AREA_STYLE_COLOUR ( '', #188 ) ;
#3077 = ORIENTED_EDGE ( 'NONE', *, *, #2746, .F. ) ;
#3078 = CARTESIAN_POINT ( 'NONE',  ( -5.168900000000000716, -8.954244591070089854, -1.574800000000000200 ) ) ;
#3079 = CARTESIAN_POINT ( 'NONE',  ( 1.663745319613647800, -8.642171656942302604, 1.294543451471805051 ) ) ;
#3080 = DIRECTION ( 'NONE',  ( 1.552186360036513461E-16, -0.0000000000000000000, 1.000000000000000000 ) ) ;
#3081 = PRESENTATION_LAYER_ASSIGNMENT (  '', '', ( #2552 ) ) ;
#3082 = CARTESIAN_POINT ( 'NONE',  ( 1.524000000000002242, -8.954244591070089854, 3.962399999999999700 ) ) ;
#3083 = ORIENTED_EDGE ( 'NONE', *, *, #1153, .F. ) ;
#3084 = DIRECTION ( 'NONE',  ( 1.000000000000000000, 0.0000000000000000000, 0.0000000000000000000 ) ) ;
#3085 = CARTESIAN_POINT ( 'NONE',  ( 1.524000000000002242, -8.954244591070091630, 0.8802949302288965994 ) ) ;
#3086 = UNCERTAINTY_MEASURE_WITH_UNIT (LENGTH_MEASURE( 1.000000000000000082E-05 ), #470, 'distance_accuracy_value', 'NONE');
#3087 = EDGE_LOOP ( 'NONE', ( #471, #2578, #387, #1870 ) ) ;
#3088 = CARTESIAN_POINT ( 'NONE',  ( 2.860827749610138415, -7.144669662811236499, 3.962399999999999700 ) ) ;
#3089 = PRESENTATION_STYLE_ASSIGNMENT (( #733 ) ) ;
#3090 = DIRECTION ( 'NONE',  ( -0.0000000000000000000, -1.000000000000000000, -0.0000000000000000000 ) ) ;
#3091 = COLOUR_RGB ( '',1.000000000000000000, 0.8666666666666666963, 0.5294117647058823595 ) ;
#3092 = PLANE ( 'NONE',  #2141 ) ;
#3093 = EDGE_CURVE ( 'NONE', #2926, #460, #504, .T. ) ;
#3094 = ORIENTED_EDGE ( 'NONE', *, *, #1576, .T. ) ;
#3095 = AXIS2_PLACEMENT_3D ( 'NONE', #2419, #31, #1703 ) ;
#3096 =( NAMED_UNIT ( * ) PLANE_ANGLE_UNIT ( ) SI_UNIT ( $, .RADIAN. ) );
#3097 = FILL_AREA_STYLE ('',( #769 ) ) ;
#3098 = AXIS2_PLACEMENT_3D ( 'NONE', #2177, #226, #724 ) ;
#3099 = CARTESIAN_POINT ( 'NONE',  ( -6.349999999999999645, 0.0000000000000000000, 0.0000000000000000000 ) ) ;
#3100 = ORIENTED_EDGE ( 'NONE', *, *, #5, .F. ) ;
#3101 = FILL_AREA_STYLE ('',( #1174 ) ) ;
#3102 =( NAMED_UNIT ( * ) PLANE_ANGLE_UNIT ( ) SI_UNIT ( $, .RADIAN. ) );
#3103 = DIRECTION ( 'NONE',  ( 0.0000000000000000000, -0.0000000000000000000, -1.000000000000000000 ) ) ;
#3104 = SURFACE_STYLE_FILL_AREA ( #1401 ) ;
#3105 = VECTOR ( 'NONE', #109, 1000.000000000000000 ) ;
#3106 = MECHANICAL_DESIGN_GEOMETRIC_PRESENTATION_REPRESENTATION (  '', ( #1476 ), #2142 ) ;
#3107 = ORIENTED_EDGE ( 'NONE', *, *, #2318, .T. ) ;
#3108 = MECHANICAL_DESIGN_GEOMETRIC_PRESENTATION_REPRESENTATION (  '', ( #2859 ), #1192 ) ;
#3109 = AXIS2_PLACEMENT_3D ( 'NONE', #1617, #1888, #663 ) ;
#3110 =( NAMED_UNIT ( * ) PLANE_ANGLE_UNIT ( ) SI_UNIT ( $, .RADIAN. ) );
#3111 =( LENGTH_UNIT ( ) NAMED_UNIT ( * ) SI_UNIT ( .MILLI., .METRE. ) );
#3112 = CIRCLE ( 'NONE', #2547, 7.899400000000000865 ) ;
#3113 = SURFACE_STYLE_USAGE ( .BOTH. , #2395 ) ;
#3114 =( GEOMETRIC_REPRESENTATION_CONTEXT ( 3 ) GLOBAL_UNCERTAINTY_ASSIGNED_CONTEXT ( ( #3086 ) ) GLOBAL_UNIT_ASSIGNED_CONTEXT ( ( #470, #962, #734 ) ) REPRESENTATION_CONTEXT ( 'NONE', 'WORKASPACE' ) );
#3115 = VECTOR ( 'NONE', #1068, 1000.000000000000000 ) ;
#3116 = CARTESIAN_POINT ( 'NONE',  ( -6.477712754714000098, -7.887073223473397121, -2.500692515877084521 ) ) ;
#3117 = VERTEX_POINT ( 'NONE', #1662 ) ;
#3118 =( NAMED_UNIT ( * ) PLANE_ANGLE_UNIT ( ) SI_UNIT ( $, .RADIAN. ) );
#3119 = EDGE_CURVE ( 'NONE', #1845, #249, #2500, .T. ) ;
#3120 = DIRECTION ( 'NONE',  ( 0.0000000000000000000, 0.0000000000000000000, -1.000000000000000000 ) ) ;
#3121 = ORIENTED_EDGE ( 'NONE', *, *, #1576, .F. ) ;
#3122 = LINE ( 'NONE', #554, #117 ) ;
#3123 = LINE ( 'NONE', #12, #840 ) ;
#3124 =( LENGTH_UNIT ( ) NAMED_UNIT ( * ) SI_UNIT ( .MILLI., .METRE. ) );
#3125 = CARTESIAN_POINT ( 'NONE',  ( -6.349999999999999645, -8.954244591070089854, 4.762500000000000178 ) ) ;
ENDSEC;
END-ISO-10303-21;
