#VRML V2.0 utf8
# META "generator" "CAD Exchanger 3.8.1 (cadexchanger.com)"
DEF __1 Transform {
  children [
    DEF ASSEMBLY Group {
      children [
        DEF Body Group {
          children [
            DEF Body_1 Shape {
              appearance DEF __5 Appearance {
                material DEF __6 Material {
                  ambientIntensity 0.66666662693
                  diffuseColor 0.300000011921 0.300000011921 0.300000011921
                  shininess 0
                }
              }
              geometry DEF __7 IndexedFaceSet {
                solid FALSE
                coord Coordinate {
                  point [
                    -0.0015 -0.0015 5e-05,
                    -0.0015 -0.0015 0.001,
                    -0.0015 0.0015 5e-05,
                    -0.0015 0.0015 0.001,
                    0.0015 -0.0015 5e-05,
                    0.0015 -0.0015 0.001,
                    0.0015 0.0015 0.001,
                    -0.0009375 0.001125 0.001,
                    0.0015 0.0015 5e-05,
                    -0.0009375 0.001125 0.0009,
                    -0.00094034854631 0.00115755903331 0.001,
                    -0.000948807633603 0.00118912877687 0.001,
                    -0.00096262023679 0.00121875 0.001,
                    -0.000981366666915 0.00124552267682 0.001,
                    -0.00100447732318 0.00126863333308 0.001,
                    -0.00103125 0.00128737976321 0.001,
                    -0.00106087122313 0.0013011923664 0.001,
                    -0.00109244096669 0.00130965145369 0.001,
                    -0.001125 0.0013125 0.001,
                    -0.00115755903331 0.00130965145369 0.001,
                    -0.00118912877687 0.0013011923664 0.001,
                    -0.00121875 0.00128737976321 0.001,
                    -0.00124552267682 0.00126863333308 0.001,
                    -0.00126863333308 0.00124552267682 0.001,
                    -0.00128737976321 0.00121875 0.001,
                    -0.0013011923664 0.00118912877687 0.001,
                    -0.00130965145369 0.00115755903331 0.001,
                    -0.0013125 0.001125 0.001,
                    -0.00130965145369 0.00109244096669 0.001,
                    -0.0013011923664 0.00106087122313 0.001,
                    -0.00128737976321 0.00103125 0.001,
                    -0.00126863333308 0.00100447732318 0.001,
                    -0.00124552267682 0.000981366666915 0.001,
                    -0.00121875 0.00096262023679 0.001,
                    -0.00118912877687 0.000948807633603 0.001,
                    -0.00115755903331 0.00094034854631 0.001,
                    -0.001125 0.0009375 0.001,
                    -0.00109244096669 0.00094034854631 0.001,
                    -0.00106087122313 0.000948807633603 0.001,
                    -0.00103125 0.00096262023679 0.001,
                    -0.00100447732318 0.000981366666915 0.001,
                    -0.000981366666915 0.00100447732318 0.001,
                    -0.00096262023679 0.00103125 0.001,
                    -0.000948807633603 0.00106087122313 0.001,
                    -0.00094034854631 0.00109244096669 0.001,
                    -0.00094034854631 0.00115755903331 0.0009,
                    -0.000948807633603 0.00118912877687 0.0009,
                    -0.00096262023679 0.00121875 0.0009,
                    -0.000981366666915 0.00124552267682 0.0009,
                    -0.00100447732318 0.00126863333308 0.0009,
                    -0.00103125 0.00128737976321 0.0009,
                    -0.00106087122313 0.0013011923664 0.0009,
                    -0.00109244096669 0.00130965145369 0.0009,
                    -0.001125 0.0013125 0.0009,
                    -0.00115755903331 0.00130965145369 0.0009,
                    -0.00118912877687 0.0013011923664 0.0009,
                    -0.00121875 0.00128737976321 0.0009,
                    -0.00124552267682 0.00126863333308 0.0009,
                    -0.00126863333308 0.00124552267682 0.0009,
                    -0.00128737976321 0.00121875 0.0009,
                    -0.0013011923664 0.00118912877687 0.0009,
                    -0.00130965145369 0.00115755903331 0.0009,
                    -0.0013125 0.001125 0.0009,
                    -0.00130965145369 0.00109244096669 0.0009,
                    -0.0013011923664 0.00106087122313 0.0009,
                    -0.00128737976321 0.00103125 0.0009,
                    -0.00126863333308 0.00100447732318 0.0009,
                    -0.00124552267682 0.000981366666915 0.0009,
                    -0.00121875 0.00096262023679 0.0009,
                    -0.00118912877687 0.000948807633603 0.0009,
                    -0.00115755903331 0.00094034854631 0.0009,
                    -0.001125 0.0009375 0.0009,
                    -0.00109244096669 0.00094034854631 0.0009,
                    -0.00106087122313 0.000948807633603 0.0009,
                    -0.00103125 0.00096262023679 0.0009,
                    -0.00100447732318 0.000981366666915 0.0009,
                    -0.000981366666915 0.00100447732318 0.0009,
                    -0.00096262023679 0.00103125 0.0009,
                    -0.000948807633603 0.00106087122313 0.0009,
                    -0.00094034854631 0.00109244096669 0.0009

                  ]
                }
                normal Normal {
                  vector [
                    -1 -0 -0,
                    -1 -0 -0,
                    -1 -0 -0,
                    -1 -0 -0,
                    -0 -1 -0,
                    -0 -1 -0,
                    -0 -1 -0,
                    -0 -1 -0,
                    0 0 1,
                    0 0 1,
                    0 0 1,
                    0 0 1,
                    0 0 1,
                    0 0 1,
                    0 0 1,
                    0 0 1,
                    0 0 1,
                    0 0 1,
                    0 0 1,
                    0 0 1,
                    0 0 1,
                    0 0 1,
                    0 0 1,
                    0 0 1,
                    0 0 1,
                    0 0 1,
                    0 0 1,
                    0 0 1,
                    0 0 1,
                    0 0 1,
                    0 0 1,
                    0 0 1,
                    0 0 1,
                    0 0 1,
                    0 0 1,
                    0 0 1,
                    0 0 1,
                    0 0 1,
                    0 0 1,
                    0 0 1,
                    0 0 1,
                    0 0 1,
                    0 0 1,
                    0 0 1,
                    0 0 1,
                    0 0 1,
                    0 0 1,
                    0 0 1,
                    0 1 0,
                    0 1 0,
                    0 1 0,
                    0 1 0,
                    -0 -0 -1,
                    -0 -0 -1,
                    -0 -0 -1,
                    -0 -0 -1,
                    1 0 0,
                    1 0 0,
                    1 0 0,
                    1 0 0,
                    -1 -4.136691e-13 -0,
                    -1 -4.136691e-13 -0,
                    -0.98480773 0.17364818 -0,
                    -0.93969262 0.34202015 -0,
                    -0.86602539 0.5 -0,
                    -0.76604444 0.64278764 -0,
                    -0.64278764 0.76604444 -0,
                    -0.5 0.86602539 -0,
                    -0.34202015 0.93969262 -0,
                    -0.17364818 0.98480773 -0,
                    2.220446e-16 1 -0,
                    0.17364818 0.98480773 -0,
                    0.34202015 0.93969262 -0,
                    0.5 0.86602539 -0,
                    0.64278764 0.76604444 -0,
                    0.76604444 0.64278764 -0,
                    0.86602539 0.5 -0,
                    0.93969262 0.34202015 -0,
                    0.98480773 0.17364818 -0,
                    1 -2.220446e-16 -0,
                    0.98480773 -0.17364818 -0,
                    0.93969262 -0.34202015 -0,
                    0.86602539 -0.5 -0,
                    0.76604444 -0.64278764 -0,
                    0.64278764 -0.76604444 -0,
                    0.5 -0.86602539 -0,
                    0.34202015 -0.93969262 -0,
                    0.17364818 -0.98480773 -0,
                    -0 -1 -0,
                    -0.17364818 -0.98480773 -0,
                    -0.34202015 -0.93969262 -0,
                    -0.5 -0.86602539 -0,
                    -0.64278764 -0.76604444 -0,
                    -0.76604444 -0.64278764 -0,
                    -0.86602539 -0.5 -0,
                    -0.93969262 -0.34202015 -0,
                    -0.98480773 -0.17364818 -0,
                    -1 -0 -0,
                    -1 -0 -0,
                    -0.98480773 -0.17364818 -0,
                    -0.93969262 -0.34202015 -0,
                    -0.86602539 -0.5 -0,
                    -0.76604444 -0.64278764 -0,
                    -0.64278764 -0.76604444 -0,
                    -0.5 -0.86602539 -0,
                    -0.34202015 -0.93969262 -0,
                    -0.17364818 -0.98480773 -0,
                    -0 -1 -0,
                    0.17364818 -0.98480773 -0,
                    0.34202015 -0.93969262 -0,
                    0.5 -0.86602539 -0,
                    0.64278764 -0.76604444 -0,
                    0.76604444 -0.64278764 -0,
                    0.86602539 -0.5 -0,
                    0.93969262 -0.34202015 -0,
                    0.98480773 -0.17364818 -0,
                    1 -2.220446e-16 -0,
                    0.98480773 0.17364818 -0,
                    0.93969262 0.34202015 -0,
                    0.86602539 0.5 -0,
                    0.76604444 0.64278764 -0,
                    0.64278764 0.76604444 -0,
                    0.5 0.86602539 -0,
                    0.34202015 0.93969262 -0,
                    0.17364818 0.98480773 -0,
                    2.220446e-16 1 -0,
                    -0.17364818 0.98480773 -0,
                    -0.34202015 0.93969262 -0,
                    -0.5 0.86602539 -0,
                    -0.64278764 0.76604444 -0,
                    -0.76604444 0.64278764 -0,
                    -0.86602539 0.5 -0,
                    -0.93969262 0.34202015 -0,
                    -0.98480773 0.17364818 -0,
                    0 0 1,
                    0 0 1,
                    0 0 1,
                    0 0 1,
                    0 0 1,
                    0 0 1,
                    0 0 1,
                    0 0 1,
                    0 0 1,
                    0 0 1,
                    0 0 1,
                    0 0 1,
                    0 0 1,
                    0 0 1,
                    0 0 1,
                    0 0 1,
                    0 0 1,
                    0 0 1,
                    0 0 1,
                    0 0 1,
                    0 0 1,
                    0 0 1,
                    0 0 1,
                    0 0 1,
                    0 0 1,
                    0 0 1,
                    0 0 1,
                    0 0 1,
                    0 0 1,
                    0 0 1,
                    0 0 1,
                    0 0 1,
                    0 0 1,
                    0 0 1,
                    0 0 1,
                    0 0 1

                  ]
                }
                coordIndex [
                  0 1 2 -1 
                  3 2 1 -1 
                  1 4 5 -1 
                  1 0 4 -1 
                  42 5 6 -1 
                  39 1 5 -1 
                  44 6 7 -1 
                  43 6 44 -1 
                  42 6 43 -1 
                  41 5 42 -1 
                  40 5 41 -1 
                  39 5 40 -1 
                  38 1 39 -1 
                  37 1 38 -1 
                  36 1 37 -1 
                  35 1 36 -1 
                  34 1 35 -1 
                  33 1 34 -1 
                  32 1 33 -1 
                  31 1 32 -1 
                  30 1 31 -1 
                  29 3 1 -1 
                  29 1 30 -1 
                  28 3 29 -1 
                  27 3 28 -1 
                  26 3 27 -1 
                  25 3 26 -1 
                  24 3 25 -1 
                  23 3 24 -1 
                  22 3 23 -1 
                  21 3 22 -1 
                  20 3 21 -1 
                  19 3 20 -1 
                  16 6 3 -1 
                  18 3 19 -1 
                  17 3 18 -1 
                  16 3 17 -1 
                  15 6 16 -1 
                  14 6 15 -1 
                  13 6 14 -1 
                  12 6 13 -1 
                  11 6 12 -1 
                  10 7 6 -1 
                  10 6 11 -1 
                  3 6 8 -1 
                  3 8 2 -1 
                  4 2 8 -1 
                  4 0 2 -1 
                  4 8 5 -1 
                  6 5 8 -1 
                  44 7 9 -1 
                  79 44 9 -1 
                  78 43 44 -1 
                  77 42 43 -1 
                  76 41 42 -1 
                  75 40 41 -1 
                  74 39 40 -1 
                  73 38 39 -1 
                  72 37 38 -1 
                  71 36 37 -1 
                  70 35 36 -1 
                  69 34 35 -1 
                  68 33 34 -1 
                  67 32 33 -1 
                  66 31 32 -1 
                  65 30 31 -1 
                  64 29 30 -1 
                  63 28 29 -1 
                  61 26 27 -1 
                  60 25 26 -1 
                  59 24 25 -1 
                  58 23 24 -1 
                  57 22 23 -1 
                  55 20 21 -1 
                  54 19 20 -1 
                  53 18 19 -1 
                  52 17 18 -1 
                  50 15 16 -1 
                  49 14 15 -1 
                  11 12 46 -1 
                  9 10 45 -1 
                  45 10 11 -1 
                  9 7 10 -1 
                  48 13 14 -1 
                  47 12 13 -1 
                  51 16 17 -1 
                  46 45 11 -1 
                  56 21 22 -1 
                  47 46 12 -1 
                  62 27 28 -1 
                  48 47 13 -1 
                  49 48 14 -1 
                  50 49 15 -1 
                  51 50 16 -1 
                  52 51 17 -1 
                  53 52 18 -1 
                  54 53 19 -1 
                  55 54 20 -1 
                  56 55 21 -1 
                  57 56 22 -1 
                  58 57 23 -1 
                  59 58 24 -1 
                  60 59 25 -1 
                  61 60 26 -1 
                  62 61 27 -1 
                  63 62 28 -1 
                  64 63 29 -1 
                  65 64 30 -1 
                  66 65 31 -1 
                  67 66 32 -1 
                  68 67 33 -1 
                  69 68 34 -1 
                  70 69 35 -1 
                  71 70 36 -1 
                  72 71 37 -1 
                  73 72 38 -1 
                  74 73 39 -1 
                  75 74 40 -1 
                  76 75 41 -1 
                  77 76 42 -1 
                  78 77 43 -1 
                  79 78 44 -1 
                  46 9 45 -1 
                  47 9 46 -1 
                  48 9 47 -1 
                  49 9 48 -1 
                  50 9 49 -1 
                  51 9 50 -1 
                  52 9 51 -1 
                  53 9 52 -1 
                  54 9 53 -1 
                  55 9 54 -1 
                  56 9 55 -1 
                  57 9 56 -1 
                  58 9 57 -1 
                  59 9 58 -1 
                  60 9 59 -1 
                  61 9 60 -1 
                  62 9 61 -1 
                  63 9 62 -1 
                  64 9 63 -1 
                  65 9 64 -1 
                  66 9 65 -1 
                  67 9 66 -1 
                  68 9 67 -1 
                  69 9 68 -1 
                  70 9 69 -1 
                  71 9 70 -1 
                  72 9 71 -1 
                  73 9 72 -1 
                  74 9 73 -1 
                  75 9 74 -1 
                  76 9 75 -1 
                  77 9 76 -1 
                  78 9 77 -1 
                  79 9 78 -1 
                ]
                normalIndex [
                  1 0 2 -1 
                  3 2 0 -1 
                  6 4 7 -1 
                  6 5 4 -1 
                  15 10 11 -1 
                  18 9 10 -1 
                  13 11 12 -1 
                  14 11 13 -1 
                  15 11 14 -1 
                  16 10 15 -1 
                  17 10 16 -1 
                  18 10 17 -1 
                  19 9 18 -1 
                  20 9 19 -1 
                  21 9 20 -1 
                  22 9 21 -1 
                  23 9 22 -1 
                  24 9 23 -1 
                  25 9 24 -1 
                  26 9 25 -1 
                  27 9 26 -1 
                  28 8 9 -1 
                  28 9 27 -1 
                  29 8 28 -1 
                  30 8 29 -1 
                  31 8 30 -1 
                  32 8 31 -1 
                  33 8 32 -1 
                  34 8 33 -1 
                  35 8 34 -1 
                  36 8 35 -1 
                  37 8 36 -1 
                  38 8 37 -1 
                  41 11 8 -1 
                  39 8 38 -1 
                  40 8 39 -1 
                  41 8 40 -1 
                  42 11 41 -1 
                  43 11 42 -1 
                  44 11 43 -1 
                  45 11 44 -1 
                  46 11 45 -1 
                  47 12 11 -1 
                  47 11 46 -1 
                  50 51 48 -1 
                  50 48 49 -1 
                  54 52 55 -1 
                  54 53 52 -1 
                  57 58 56 -1 
                  59 56 58 -1 
                  62 61 60 -1 
                  133 62 60 -1 
                  132 63 62 -1 
                  131 64 63 -1 
                  130 65 64 -1 
                  129 66 65 -1 
                  128 67 66 -1 
                  127 68 67 -1 
                  126 69 68 -1 
                  125 70 69 -1 
                  124 71 70 -1 
                  123 72 71 -1 
                  122 73 72 -1 
                  121 74 73 -1 
                  120 75 74 -1 
                  119 76 75 -1 
                  118 77 76 -1 
                  117 78 77 -1 
                  115 80 79 -1 
                  114 81 80 -1 
                  113 82 81 -1 
                  112 83 82 -1 
                  111 84 83 -1 
                  109 86 85 -1 
                  108 87 86 -1 
                  107 88 87 -1 
                  106 89 88 -1 
                  104 91 90 -1 
                  103 92 91 -1 
                  95 94 100 -1 
                  98 96 99 -1 
                  99 96 95 -1 
                  98 97 96 -1 
                  102 93 92 -1 
                  101 94 93 -1 
                  105 90 89 -1 
                  100 99 95 -1 
                  110 85 84 -1 
                  101 100 94 -1 
                  116 79 78 -1 
                  102 101 93 -1 
                  103 102 92 -1 
                  104 103 91 -1 
                  105 104 90 -1 
                  106 105 89 -1 
                  107 106 88 -1 
                  108 107 87 -1 
                  109 108 86 -1 
                  110 109 85 -1 
                  111 110 84 -1 
                  112 111 83 -1 
                  113 112 82 -1 
                  114 113 81 -1 
                  115 114 80 -1 
                  116 115 79 -1 
                  117 116 78 -1 
                  118 117 77 -1 
                  119 118 76 -1 
                  120 119 75 -1 
                  121 120 74 -1 
                  122 121 73 -1 
                  123 122 72 -1 
                  124 123 71 -1 
                  125 124 70 -1 
                  126 125 69 -1 
                  127 126 68 -1 
                  128 127 67 -1 
                  129 128 66 -1 
                  130 129 65 -1 
                  131 130 64 -1 
                  132 131 63 -1 
                  133 132 62 -1 
                  136 134 135 -1 
                  137 134 136 -1 
                  138 134 137 -1 
                  139 134 138 -1 
                  140 134 139 -1 
                  141 134 140 -1 
                  142 134 141 -1 
                  143 134 142 -1 
                  144 134 143 -1 
                  145 134 144 -1 
                  146 134 145 -1 
                  147 134 146 -1 
                  148 134 147 -1 
                  149 134 148 -1 
                  150 134 149 -1 
                  151 134 150 -1 
                  152 134 151 -1 
                  153 134 152 -1 
                  154 134 153 -1 
                  155 134 154 -1 
                  156 134 155 -1 
                  157 134 156 -1 
                  158 134 157 -1 
                  159 134 158 -1 
                  160 134 159 -1 
                  161 134 160 -1 
                  162 134 161 -1 
                  163 134 162 -1 
                  164 134 163 -1 
                  165 134 164 -1 
                  166 134 165 -1 
                  167 134 166 -1 
                  168 134 167 -1 
                  169 134 168 -1 
                ]
              }
            }
          ]
        }
        DEF __8 Transform {
          translation -0.0007875 -0.00115 0
          children [
            DEF ThermalPin Group {
              children [
                DEF ThermalPin_1 Shape {
                  appearance DEF __11 Appearance {
                    material DEF __12 Material {
                      ambientIntensity 0.260947436094
                      diffuseColor 0.73400002718 0.773000001907 0.79699999094
                      shininess 0
                    }
                  }
                  geometry DEF __13 IndexedFaceSet {
                    solid FALSE
                    coord Coordinate {
                      point [
                        0 0 0,
                        0 0 0.000125,
                        0 0.0023 0,
                        0 0.0023 0.000125,
                        0.001575 0 0,
                        0.001575 0 0.000125,
                        0.001575 0.0023 0,
                        0.001575 0.0023 0.000125

                      ]
                    }
                    normal Normal {
                      vector [
                        -1 -0 0,
                        -1 -0 0,
                        -1 -0 0,
                        -1 -0 0,
                        1 0 -0,
                        1 0 -0,
                        1 0 -0,
                        1 0 -0,
                        0 -1 -0,
                        0 -1 -0,
                        0 -1 -0,
                        0 -1 -0,
                        -0 1 0,
                        -0 1 0,
                        -0 1 0,
                        -0 1 0,
                        -0 -0 -1,
                        -0 -0 -1,
                        -0 -0 -1,
                        -0 -0 -1,
                        0 0 1,
                        0 0 1,
                        0 0 1,
                        0 0 1

                      ]
                    }
                    coordIndex [
                      0 1 2 -1 
                      3 2 1 -1 
                      4 6 5 -1 
                      7 5 6 -1 
                      1 4 5 -1 
                      1 0 4 -1 
                      3 7 6 -1 
                      3 6 2 -1 
                      4 2 6 -1 
                      4 0 2 -1 
                      5 7 3 -1 
                      5 3 1 -1 
                    ]
                    normalIndex [
                      1 0 2 -1 
                      3 2 0 -1 
                      5 6 4 -1 
                      7 4 6 -1 
                      10 8 11 -1 
                      10 9 8 -1 
                      14 15 12 -1 
                      14 12 13 -1 
                      18 16 19 -1 
                      18 17 16 -1 
                      22 23 20 -1 
                      22 20 21 -1 
                    ]
                  }
                }
              ]
            }
          ]
        }
        DEF PinsArrayLR Group {
          children [
            DEF PinsArrayLR_1 Shape {
              appearance DEF __16 Appearance {
                material DEF __17 Material {
                  ambientIntensity 0.260947436094
                  diffuseColor 0.73400002718 0.773000001907 0.79699999094
                  shininess 0
                }
              }
              geometry DEF __18 IndexedFaceSet {
                solid FALSE
                coord Coordinate {
                  point [
                    -0.00155 0.00088 0,
                    -0.00155 0.00088 0.000125,
                    -0.00122 0.00088 0.000125,
                    -0.00122 0.00088 0,
                    -0.00122 0.00112 0,
                    -0.00122 0.00112 0.000125,
                    -0.00155 0.00112 0,
                    -0.00155 0.00112 0.000125,
                    -0.00119916221868 0.000881823069639 0,
                    -0.0011789575828 0.000887236885506 0,
                    -0.00116 0.000896076951546 0,
                    -0.00114286548684 0.000908074666826 0,
                    -0.00112807466683 0.000922865486838 0,
                    -0.00111607695155 0.00094 0,
                    -0.00110723688551 0.000958957582801 0,
                    -0.00110182306964 0.00097916221868 0,
                    -0.0011 0.001 0,
                    -0.00110182306964 0.00102083778132 0,
                    -0.00110723688551 0.0010410424172 0,
                    -0.00111607695155 0.00106 0,
                    -0.00112807466683 0.00107713451316 0,
                    -0.00114286548684 0.00109192533317 0,
                    -0.00116 0.00110392304845 0,
                    -0.0011789575828 0.00111276311449 0,
                    -0.00119916221868 0.00111817693036 0,
                    -0.00119916221868 0.000881823069639 0.000125,
                    -0.0011789575828 0.000887236885506 0.000125,
                    -0.00116 0.000896076951546 0.000125,
                    -0.00114286548684 0.000908074666826 0.000125,
                    -0.00112807466683 0.000922865486838 0.000125,
                    -0.00111607695155 0.00094 0.000125,
                    -0.00110723688551 0.000958957582801 0.000125,
                    -0.00110182306964 0.00097916221868 0.000125,
                    -0.0011 0.001 0.000125,
                    -0.00110182306964 0.00102083778132 0.000125,
                    -0.00110723688551 0.0010410424172 0.000125,
                    -0.00111607695155 0.00106 0.000125,
                    -0.00112807466683 0.00107713451316 0.000125,
                    -0.00114286548684 0.00109192533317 0.000125,
                    -0.00116 0.00110392304845 0.000125,
                    -0.0011789575828 0.00111276311449 0.000125,
                    -0.00119916221868 0.00111817693036 0.000125

                  ]
                }
                normal Normal {
                  vector [
                    -0 -1 -0,
                    -0 -1 -0,
                    -0 -1 -0,
                    -0 -1 -0,
                    2.220446e-16 -1 0,
                    0.17364818 -0.98480773 0,
                    0.34202015 -0.93969262 0,
                    0.5 -0.86602539 0,
                    0.64278764 -0.76604444 0,
                    0.76604444 -0.64278764 0,
                    0.86602539 -0.5 0,
                    0.93969262 -0.34202015 0,
                    0.98480773 -0.17364818 0,
                    1 2.220446e-16 0,
                    0.98480773 0.17364818 0,
                    0.93969262 0.34202015 0,
                    0.86602539 0.5 0,
                    0.76604444 0.64278764 0,
                    0.64278764 0.76604444 0,
                    0.5 0.86602539 0,
                    0.34202015 0.93969262 0,
                    0.17364818 0.98480773 0,
                    -2.220446e-16 1 0,
                    4.8294702e-13 1 0,
                    0.17364818 0.98480773 0,
                    0.34202015 0.93969262 0,
                    0.5 0.86602539 0,
                    0.64278764 0.76604444 0,
                    0.76604444 0.64278764 0,
                    0.86602539 0.5 0,
                    0.93969262 0.34202015 0,
                    0.98480773 0.17364818 0,
                    1 2.220446e-16 0,
                    0.98480773 -0.17364818 0,
                    0.93969262 -0.34202015 0,
                    0.86602539 -0.5 0,
                    0.76604444 -0.64278764 0,
                    0.64278764 -0.76604444 0,
                    0.5 -0.86602539 0,
                    0.34202015 -0.93969262 0,
                    0.17364818 -0.98480773 0,
                    2.220446e-16 -1 0,
                    0 1 0,
                    0 1 0,
                    0 1 0,
                    0 1 0,
                    -1 0 0,
                    -1 0 0,
                    -1 0 0,
                    -1 0 0,
                    -0 -0 -1,
                    -0 -0 -1,
                    -0 -0 -1,
                    -0 -0 -1,
                    -0 -0 -1,
                    -0 -0 -1,
                    -0 -0 -1,
                    -0 -0 -1,
                    -0 -0 -1,
                    -0 -0 -1,
                    -0 -0 -1,
                    -0 -0 -1,
                    -0 -0 -1,
                    -0 -0 -1,
                    -0 -0 -1,
                    -0 -0 -1,
                    -0 -0 -1,
                    -0 -0 -1,
                    -0 -0 -1,
                    -0 -0 -1,
                    -0 -0 -1,
                    0 0 1,
                    0 0 1,
                    0 0 1,
                    0 0 1,
                    0 0 1,
                    0 0 1,
                    0 0 1,
                    0 0 1,
                    0 0 1,
                    0 0 1,
                    0 0 1,
                    0 0 1,
                    0 0 1,
                    0 0 1,
                    0 0 1,
                    0 0 1,
                    0 0 1,
                    0 0 1,
                    0 0 1,
                    0 0 1,
                    0 0 1

                  ]
                }
                coordIndex [
                  2 1 0 -1 
                  3 2 0 -1 
                  8 25 3 -1 
                  9 26 8 -1 
                  10 27 9 -1 
                  11 28 10 -1 
                  12 29 11 -1 
                  13 30 12 -1 
                  14 31 13 -1 
                  15 32 14 -1 
                  16 33 15 -1 
                  17 34 16 -1 
                  18 35 17 -1 
                  19 36 18 -1 
                  20 37 19 -1 
                  21 38 20 -1 
                  22 39 21 -1 
                  23 40 22 -1 
                  24 41 23 -1 
                  4 5 24 -1 
                  41 24 5 -1 
                  40 23 41 -1 
                  39 22 40 -1 
                  38 21 39 -1 
                  37 20 38 -1 
                  36 19 37 -1 
                  35 18 36 -1 
                  34 17 35 -1 
                  33 16 34 -1 
                  32 15 33 -1 
                  31 14 32 -1 
                  30 13 31 -1 
                  29 12 30 -1 
                  28 11 29 -1 
                  27 10 28 -1 
                  26 9 27 -1 
                  25 8 26 -1 
                  2 3 25 -1 
                  5 6 7 -1 
                  4 6 5 -1 
                  7 0 1 -1 
                  6 0 7 -1 
                  4 3 0 -1 
                  9 8 3 -1 
                  10 9 3 -1 
                  11 10 3 -1 
                  12 11 3 -1 
                  13 12 3 -1 
                  14 13 3 -1 
                  15 14 3 -1 
                  16 15 3 -1 
                  17 16 3 -1 
                  18 17 3 -1 
                  19 18 3 -1 
                  20 19 3 -1 
                  21 20 3 -1 
                  22 21 3 -1 
                  23 22 3 -1 
                  24 23 3 -1 
                  4 24 3 -1 
                  6 4 0 -1 
                  5 1 2 -1 
                  26 2 25 -1 
                  27 2 26 -1 
                  28 2 27 -1 
                  29 2 28 -1 
                  30 2 29 -1 
                  31 2 30 -1 
                  32 2 31 -1 
                  33 2 32 -1 
                  34 2 33 -1 
                  35 2 34 -1 
                  36 2 35 -1 
                  37 2 36 -1 
                  38 2 37 -1 
                  39 2 38 -1 
                  40 2 39 -1 
                  41 2 40 -1 
                  5 2 41 -1 
                  7 1 5 -1 
                ]
                normalIndex [
                  2 1 0 -1 
                  3 2 0 -1 
                  5 40 4 -1 
                  6 39 5 -1 
                  7 38 6 -1 
                  8 37 7 -1 
                  9 36 8 -1 
                  10 35 9 -1 
                  11 34 10 -1 
                  12 33 11 -1 
                  13 32 12 -1 
                  14 31 13 -1 
                  15 30 14 -1 
                  16 29 15 -1 
                  17 28 16 -1 
                  18 27 17 -1 
                  19 26 18 -1 
                  20 25 19 -1 
                  21 24 20 -1 
                  22 23 21 -1 
                  24 21 23 -1 
                  25 20 24 -1 
                  26 19 25 -1 
                  27 18 26 -1 
                  28 17 27 -1 
                  29 16 28 -1 
                  30 15 29 -1 
                  31 14 30 -1 
                  32 13 31 -1 
                  33 12 32 -1 
                  34 11 33 -1 
                  35 10 34 -1 
                  36 9 35 -1 
                  37 8 36 -1 
                  38 7 37 -1 
                  39 6 38 -1 
                  40 5 39 -1 
                  41 4 40 -1 
                  44 42 43 -1 
                  45 42 44 -1 
                  48 46 47 -1 
                  49 46 48 -1 
                  69 51 50 -1 
                  53 52 51 -1 
                  54 53 51 -1 
                  55 54 51 -1 
                  56 55 51 -1 
                  57 56 51 -1 
                  58 57 51 -1 
                  59 58 51 -1 
                  60 59 51 -1 
                  61 60 51 -1 
                  62 61 51 -1 
                  63 62 51 -1 
                  64 63 51 -1 
                  65 64 51 -1 
                  66 65 51 -1 
                  67 66 51 -1 
                  68 67 51 -1 
                  69 68 51 -1 
                  70 69 50 -1 
                  90 71 72 -1 
                  74 72 73 -1 
                  75 72 74 -1 
                  76 72 75 -1 
                  77 72 76 -1 
                  78 72 77 -1 
                  79 72 78 -1 
                  80 72 79 -1 
                  81 72 80 -1 
                  82 72 81 -1 
                  83 72 82 -1 
                  84 72 83 -1 
                  85 72 84 -1 
                  86 72 85 -1 
                  87 72 86 -1 
                  88 72 87 -1 
                  89 72 88 -1 
                  90 72 89 -1 
                  91 71 90 -1 
                ]
              }
            }
            DEF PinsArrayLR_2 Shape {
              appearance DEF __20 Appearance {
                material DEF __21 Material {
                  ambientIntensity 0.260947436094
                  diffuseColor 0.73400002718 0.773000001907 0.79699999094
                  shininess 0
                }
              }
              geometry DEF __22 IndexedFaceSet {
                solid FALSE
                coord Coordinate {
                  point [
                    0.00155 0.00088 0,
                    0.00155 0.00088 0.000125,
                    0.00122 0.00088 0.000125,
                    0.00122 0.00088 0,
                    0.00122 0.00112 0,
                    0.00122 0.00112 0.000125,
                    0.00155 0.00112 0,
                    0.00155 0.00112 0.000125,
                    0.00119916221868 0.00111817693036 0,
                    0.0011789575828 0.00111276311449 0,
                    0.00116 0.00110392304845 0,
                    0.00114286548684 0.00109192533317 0,
                    0.00112807466683 0.00107713451316 0,
                    0.00111607695155 0.00106 0,
                    0.00110723688551 0.0010410424172 0,
                    0.00110182306964 0.00102083778132 0,
                    0.0011 0.001 0,
                    0.00110182306964 0.00097916221868 0,
                    0.00110723688551 0.000958957582801 0,
                    0.00111607695155 0.00094 0,
                    0.00112807466683 0.000922865486838 0,
                    0.00114286548684 0.000908074666826 0,
                    0.00116 0.000896076951546 0,
                    0.0011789575828 0.000887236885506 0,
                    0.00119916221868 0.000881823069639 0,
                    0.00119916221868 0.00111817693036 0.000125,
                    0.0011789575828 0.00111276311449 0.000125,
                    0.00116 0.00110392304845 0.000125,
                    0.00114286548684 0.00109192533317 0.000125,
                    0.00112807466683 0.00107713451316 0.000125,
                    0.00111607695155 0.00106 0.000125,
                    0.00110723688551 0.0010410424172 0.000125,
                    0.00110182306964 0.00102083778132 0.000125,
                    0.0011 0.001 0.000125,
                    0.00110182306964 0.00097916221868 0.000125,
                    0.00110723688551 0.000958957582801 0.000125,
                    0.00111607695155 0.00094 0.000125,
                    0.00112807466683 0.000922865486838 0.000125,
                    0.00114286548684 0.000908074666826 0.000125,
                    0.00116 0.000896076951546 0.000125,
                    0.0011789575828 0.000887236885506 0.000125,
                    0.00119916221868 0.000881823069639 0.000125

                  ]
                }
                normal Normal {
                  vector [
                    0 -1 0,
                    0 -1 0,
                    0 -1 0,
                    0 -1 0,
                    -2.220446e-16 1 0,
                    -0.17364818 0.98480773 0,
                    -0.34202015 0.93969262 0,
                    -0.5 0.86602539 0,
                    -0.64278764 0.76604444 0,
                    -0.76604444 0.64278764 0,
                    -0.86602539 0.5 0,
                    -0.93969262 0.34202015 0,
                    -0.98480773 0.17364818 0,
                    -1 -1.110223e-16 0,
                    -0.98480773 -0.17364818 0,
                    -0.93969262 -0.34202015 0,
                    -0.86602539 -0.5 0,
                    -0.76604444 -0.64278764 0,
                    -0.64278764 -0.76604444 0,
                    -0.5 -0.86602539 0,
                    -0.34202015 -0.93969262 0,
                    -0.17364818 -0.98480773 0,
                    0 -1 0,
                    3.0997427e-13 -1 0,
                    -0.17364818 -0.98480773 0,
                    -0.34202015 -0.93969262 0,
                    -0.5 -0.86602539 0,
                    -0.64278764 -0.76604444 0,
                    -0.76604444 -0.64278764 0,
                    -0.86602539 -0.5 0,
                    -0.93969262 -0.34202015 0,
                    -0.98480773 -0.17364818 0,
                    -1 -1.110223e-16 0,
                    -0.98480773 0.17364818 0,
                    -0.93969262 0.34202015 0,
                    -0.86602539 0.5 0,
                    -0.76604444 0.64278764 0,
                    -0.64278764 0.76604444 0,
                    -0.5 0.86602539 0,
                    -0.34202015 0.93969262 0,
                    -0.17364818 0.98480773 0,
                    -2.220446e-16 1 0,
                    -0 1 -0,
                    -0 1 -0,
                    -0 1 -0,
                    -0 1 -0,
                    1 -0 -0,
                    1 -0 -0,
                    1 -0 -0,
                    1 -0 -0,
                    -0 -0 -1,
                    -0 -0 -1,
                    -0 -0 -1,
                    -0 -0 -1,
                    -0 -0 -1,
                    -0 -0 -1,
                    -0 -0 -1,
                    -0 -0 -1,
                    -0 -0 -1,
                    -0 -0 -1,
                    -0 -0 -1,
                    -0 -0 -1,
                    -0 -0 -1,
                    -0 -0 -1,
                    -0 -0 -1,
                    -0 -0 -1,
                    -0 -0 -1,
                    -0 -0 -1,
                    -0 -0 -1,
                    -0 -0 -1,
                    -0 -0 -1,
                    0 0 1,
                    0 0 1,
                    0 0 1,
                    0 0 1,
                    0 0 1,
                    0 0 1,
                    0 0 1,
                    0 0 1,
                    0 0 1,
                    0 0 1,
                    0 0 1,
                    0 0 1,
                    0 0 1,
                    0 0 1,
                    0 0 1,
                    0 0 1,
                    0 0 1,
                    0 0 1,
                    0 0 1,
                    0 0 1,
                    0 0 1

                  ]
                }
                coordIndex [
                  2 0 1 -1 
                  3 0 2 -1 
                  8 25 4 -1 
                  9 26 8 -1 
                  10 27 9 -1 
                  11 28 10 -1 
                  12 29 11 -1 
                  13 30 12 -1 
                  14 31 13 -1 
                  15 32 14 -1 
                  16 33 15 -1 
                  17 34 16 -1 
                  18 35 17 -1 
                  19 36 18 -1 
                  20 37 19 -1 
                  21 38 20 -1 
                  22 39 21 -1 
                  23 40 22 -1 
                  24 41 23 -1 
                  3 2 24 -1 
                  41 24 2 -1 
                  40 23 41 -1 
                  39 22 40 -1 
                  38 21 39 -1 
                  37 20 38 -1 
                  36 19 37 -1 
                  35 18 36 -1 
                  34 17 35 -1 
                  33 16 34 -1 
                  32 15 33 -1 
                  31 14 32 -1 
                  30 13 31 -1 
                  29 12 30 -1 
                  28 11 29 -1 
                  27 10 28 -1 
                  26 9 27 -1 
                  25 8 26 -1 
                  5 4 25 -1 
                  5 7 6 -1 
                  4 5 6 -1 
                  7 1 0 -1 
                  6 7 0 -1 
                  4 0 3 -1 
                  23 3 24 -1 
                  22 3 23 -1 
                  21 3 22 -1 
                  20 3 21 -1 
                  19 3 20 -1 
                  18 3 19 -1 
                  17 3 18 -1 
                  16 3 17 -1 
                  15 3 16 -1 
                  14 3 15 -1 
                  13 3 14 -1 
                  12 3 13 -1 
                  11 3 12 -1 
                  10 3 11 -1 
                  9 3 10 -1 
                  8 3 9 -1 
                  4 3 8 -1 
                  6 0 4 -1 
                  5 2 1 -1 
                  40 41 2 -1 
                  39 40 2 -1 
                  38 39 2 -1 
                  37 38 2 -1 
                  36 37 2 -1 
                  35 36 2 -1 
                  34 35 2 -1 
                  33 34 2 -1 
                  32 33 2 -1 
                  31 32 2 -1 
                  30 31 2 -1 
                  29 30 2 -1 
                  28 29 2 -1 
                  27 28 2 -1 
                  26 27 2 -1 
                  25 26 2 -1 
                  5 25 2 -1 
                  7 5 1 -1 
                ]
                normalIndex [
                  2 0 1 -1 
                  3 0 2 -1 
                  5 40 4 -1 
                  6 39 5 -1 
                  7 38 6 -1 
                  8 37 7 -1 
                  9 36 8 -1 
                  10 35 9 -1 
                  11 34 10 -1 
                  12 33 11 -1 
                  13 32 12 -1 
                  14 31 13 -1 
                  15 30 14 -1 
                  16 29 15 -1 
                  17 28 16 -1 
                  18 27 17 -1 
                  19 26 18 -1 
                  20 25 19 -1 
                  21 24 20 -1 
                  22 23 21 -1 
                  24 21 23 -1 
                  25 20 24 -1 
                  26 19 25 -1 
                  27 18 26 -1 
                  28 17 27 -1 
                  29 16 28 -1 
                  30 15 29 -1 
                  31 14 30 -1 
                  32 13 31 -1 
                  33 12 32 -1 
                  34 11 33 -1 
                  35 10 34 -1 
                  36 9 35 -1 
                  37 8 36 -1 
                  38 7 37 -1 
                  39 6 38 -1 
                  40 5 39 -1 
                  41 4 40 -1 
                  44 43 42 -1 
                  45 44 42 -1 
                  48 47 46 -1 
                  49 48 46 -1 
                  69 50 51 -1 
                  53 51 52 -1 
                  54 51 53 -1 
                  55 51 54 -1 
                  56 51 55 -1 
                  57 51 56 -1 
                  58 51 57 -1 
                  59 51 58 -1 
                  60 51 59 -1 
                  61 51 60 -1 
                  62 51 61 -1 
                  63 51 62 -1 
                  64 51 63 -1 
                  65 51 64 -1 
                  66 51 65 -1 
                  67 51 66 -1 
                  68 51 67 -1 
                  69 51 68 -1 
                  70 50 69 -1 
                  90 72 71 -1 
                  74 73 72 -1 
                  75 74 72 -1 
                  76 75 72 -1 
                  77 76 72 -1 
                  78 77 72 -1 
                  79 78 72 -1 
                  80 79 72 -1 
                  81 80 72 -1 
                  82 81 72 -1 
                  83 82 72 -1 
                  84 83 72 -1 
                  85 84 72 -1 
                  86 85 72 -1 
                  87 86 72 -1 
                  88 87 72 -1 
                  89 88 72 -1 
                  90 89 72 -1 
                  91 90 71 -1 
                ]
              }
            }
            DEF PinsArrayLR_3 Shape {
              appearance DEF __24 Appearance {
                material DEF __25 Material {
                  ambientIntensity 0.260947436094
                  diffuseColor 0.73400002718 0.773000001907 0.79699999094
                  shininess 0
                }
              }
              geometry DEF __26 IndexedFaceSet {
                solid FALSE
                coord Coordinate {
                  point [
                    -0.00155 0.00038 0,
                    -0.00155 0.00038 0.000125,
                    -0.00122 0.00038 0.000125,
                    -0.00122 0.00038 0,
                    -0.00122 0.00062 0,
                    -0.00122 0.00062 0.000125,
                    -0.00155 0.00062 0,
                    -0.00155 0.00062 0.000125,
                    -0.00119916221868 0.000381823069639 0,
                    -0.0011789575828 0.000387236885506 0,
                    -0.00116 0.000396076951546 0,
                    -0.00114286548684 0.000408074666826 0,
                    -0.00112807466683 0.000422865486838 0,
                    -0.00111607695155 0.00044 0,
                    -0.00110723688551 0.000458957582801 0,
                    -0.00110182306964 0.00047916221868 0,
                    -0.0011 0.0005 0,
                    -0.00110182306964 0.00052083778132 0,
                    -0.00110723688551 0.000541042417199 0,
                    -0.00111607695155 0.00056 0,
                    -0.00112807466683 0.000577134513162 0,
                    -0.00114286548684 0.000591925333174 0,
                    -0.00116 0.000603923048454 0,
                    -0.0011789575828 0.000612763114494 0,
                    -0.00119916221868 0.000618176930361 0,
                    -0.00119916221868 0.000381823069639 0.000125,
                    -0.0011789575828 0.000387236885506 0.000125,
                    -0.00116 0.000396076951546 0.000125,
                    -0.00114286548684 0.000408074666826 0.000125,
                    -0.00112807466683 0.000422865486838 0.000125,
                    -0.00111607695155 0.00044 0.000125,
                    -0.00110723688551 0.000458957582801 0.000125,
                    -0.00110182306964 0.00047916221868 0.000125,
                    -0.0011 0.0005 0.000125,
                    -0.00110182306964 0.00052083778132 0.000125,
                    -0.00110723688551 0.000541042417199 0.000125,
                    -0.00111607695155 0.00056 0.000125,
                    -0.00112807466683 0.000577134513162 0.000125,
                    -0.00114286548684 0.000591925333174 0.000125,
                    -0.00116 0.000603923048454 0.000125,
                    -0.0011789575828 0.000612763114494 0.000125,
                    -0.00119916221868 0.000618176930361 0.000125

                  ]
                }
                normal Normal {
                  vector [
                    -0 -1 -0,
                    -0 -1 -0,
                    -0 -1 -0,
                    -0 -1 -0,
                    2.220446e-16 -1 0,
                    0.17364818 -0.98480773 0,
                    0.34202015 -0.93969262 0,
                    0.5 -0.86602539 0,
                    0.64278764 -0.76604444 0,
                    0.76604444 -0.64278764 0,
                    0.86602539 -0.5 0,
                    0.93969262 -0.34202015 0,
                    0.98480773 -0.17364818 0,
                    1 2.220446e-16 0,
                    0.98480773 0.17364818 0,
                    0.93969262 0.34202015 0,
                    0.86602539 0.5 0,
                    0.76604444 0.64278764 0,
                    0.64278764 0.76604444 0,
                    0.5 0.86602539 0,
                    0.34202015 0.93969262 0,
                    0.17364818 0.98480773 0,
                    -2.220446e-16 1 0,
                    4.8294702e-13 1 0,
                    0.17364818 0.98480773 0,
                    0.34202015 0.93969262 0,
                    0.5 0.86602539 0,
                    0.64278764 0.76604444 0,
                    0.76604444 0.64278764 0,
                    0.86602539 0.5 0,
                    0.93969262 0.34202015 0,
                    0.98480773 0.17364818 0,
                    1 2.220446e-16 0,
                    0.98480773 -0.17364818 0,
                    0.93969262 -0.34202015 0,
                    0.86602539 -0.5 0,
                    0.76604444 -0.64278764 0,
                    0.64278764 -0.76604444 0,
                    0.5 -0.86602539 0,
                    0.34202015 -0.93969262 0,
                    0.17364818 -0.98480773 0,
                    2.220446e-16 -1 0,
                    0 1 0,
                    0 1 0,
                    0 1 0,
                    0 1 0,
                    -1 0 0,
                    -1 0 0,
                    -1 0 0,
                    -1 0 0,
                    -0 -0 -1,
                    -0 -0 -1,
                    -0 -0 -1,
                    -0 -0 -1,
                    -0 -0 -1,
                    -0 -0 -1,
                    -0 -0 -1,
                    -0 -0 -1,
                    -0 -0 -1,
                    -0 -0 -1,
                    -0 -0 -1,
                    -0 -0 -1,
                    -0 -0 -1,
                    -0 -0 -1,
                    -0 -0 -1,
                    -0 -0 -1,
                    -0 -0 -1,
                    -0 -0 -1,
                    -0 -0 -1,
                    -0 -0 -1,
                    -0 -0 -1,
                    0 0 1,
                    0 0 1,
                    0 0 1,
                    0 0 1,
                    0 0 1,
                    0 0 1,
                    0 0 1,
                    0 0 1,
                    0 0 1,
                    0 0 1,
                    0 0 1,
                    0 0 1,
                    0 0 1,
                    0 0 1,
                    0 0 1,
                    0 0 1,
                    0 0 1,
                    0 0 1,
                    0 0 1,
                    0 0 1,
                    0 0 1

                  ]
                }
                coordIndex [
                  2 1 0 -1 
                  3 2 0 -1 
                  8 25 3 -1 
                  9 26 8 -1 
                  10 27 9 -1 
                  11 28 10 -1 
                  12 29 11 -1 
                  13 30 12 -1 
                  14 31 13 -1 
                  15 32 14 -1 
                  16 33 15 -1 
                  17 34 16 -1 
                  18 35 17 -1 
                  19 36 18 -1 
                  20 37 19 -1 
                  21 38 20 -1 
                  22 39 21 -1 
                  23 40 22 -1 
                  24 41 23 -1 
                  4 5 24 -1 
                  41 24 5 -1 
                  40 23 41 -1 
                  39 22 40 -1 
                  38 21 39 -1 
                  37 20 38 -1 
                  36 19 37 -1 
                  35 18 36 -1 
                  34 17 35 -1 
                  33 16 34 -1 
                  32 15 33 -1 
                  31 14 32 -1 
                  30 13 31 -1 
                  29 12 30 -1 
                  28 11 29 -1 
                  27 10 28 -1 
                  26 9 27 -1 
                  25 8 26 -1 
                  2 3 25 -1 
                  5 6 7 -1 
                  4 6 5 -1 
                  7 0 1 -1 
                  6 0 7 -1 
                  4 3 0 -1 
                  9 8 3 -1 
                  10 9 3 -1 
                  11 10 3 -1 
                  12 11 3 -1 
                  13 12 3 -1 
                  14 13 3 -1 
                  15 14 3 -1 
                  16 15 3 -1 
                  17 16 3 -1 
                  18 17 3 -1 
                  19 18 3 -1 
                  20 19 3 -1 
                  21 20 3 -1 
                  22 21 3 -1 
                  23 22 3 -1 
                  24 23 3 -1 
                  4 24 3 -1 
                  6 4 0 -1 
                  5 1 2 -1 
                  26 2 25 -1 
                  27 2 26 -1 
                  28 2 27 -1 
                  29 2 28 -1 
                  30 2 29 -1 
                  31 2 30 -1 
                  32 2 31 -1 
                  33 2 32 -1 
                  34 2 33 -1 
                  35 2 34 -1 
                  36 2 35 -1 
                  37 2 36 -1 
                  38 2 37 -1 
                  39 2 38 -1 
                  40 2 39 -1 
                  41 2 40 -1 
                  5 2 41 -1 
                  7 1 5 -1 
                ]
                normalIndex [
                  2 1 0 -1 
                  3 2 0 -1 
                  5 40 4 -1 
                  6 39 5 -1 
                  7 38 6 -1 
                  8 37 7 -1 
                  9 36 8 -1 
                  10 35 9 -1 
                  11 34 10 -1 
                  12 33 11 -1 
                  13 32 12 -1 
                  14 31 13 -1 
                  15 30 14 -1 
                  16 29 15 -1 
                  17 28 16 -1 
                  18 27 17 -1 
                  19 26 18 -1 
                  20 25 19 -1 
                  21 24 20 -1 
                  22 23 21 -1 
                  24 21 23 -1 
                  25 20 24 -1 
                  26 19 25 -1 
                  27 18 26 -1 
                  28 17 27 -1 
                  29 16 28 -1 
                  30 15 29 -1 
                  31 14 30 -1 
                  32 13 31 -1 
                  33 12 32 -1 
                  34 11 33 -1 
                  35 10 34 -1 
                  36 9 35 -1 
                  37 8 36 -1 
                  38 7 37 -1 
                  39 6 38 -1 
                  40 5 39 -1 
                  41 4 40 -1 
                  44 42 43 -1 
                  45 42 44 -1 
                  48 46 47 -1 
                  49 46 48 -1 
                  69 51 50 -1 
                  53 52 51 -1 
                  54 53 51 -1 
                  55 54 51 -1 
                  56 55 51 -1 
                  57 56 51 -1 
                  58 57 51 -1 
                  59 58 51 -1 
                  60 59 51 -1 
                  61 60 51 -1 
                  62 61 51 -1 
                  63 62 51 -1 
                  64 63 51 -1 
                  65 64 51 -1 
                  66 65 51 -1 
                  67 66 51 -1 
                  68 67 51 -1 
                  69 68 51 -1 
                  70 69 50 -1 
                  90 71 72 -1 
                  74 72 73 -1 
                  75 72 74 -1 
                  76 72 75 -1 
                  77 72 76 -1 
                  78 72 77 -1 
                  79 72 78 -1 
                  80 72 79 -1 
                  81 72 80 -1 
                  82 72 81 -1 
                  83 72 82 -1 
                  84 72 83 -1 
                  85 72 84 -1 
                  86 72 85 -1 
                  87 72 86 -1 
                  88 72 87 -1 
                  89 72 88 -1 
                  90 72 89 -1 
                  91 71 90 -1 
                ]
              }
            }
            DEF PinsArrayLR_4 Shape {
              appearance DEF __28 Appearance {
                material DEF __29 Material {
                  ambientIntensity 0.260947436094
                  diffuseColor 0.73400002718 0.773000001907 0.79699999094
                  shininess 0
                }
              }
              geometry DEF __30 IndexedFaceSet {
                solid FALSE
                coord Coordinate {
                  point [
                    0.00155 0.00038 0,
                    0.00155 0.00038 0.000125,
                    0.00122 0.00038 0.000125,
                    0.00122 0.00038 0,
                    0.00122 0.00062 0,
                    0.00122 0.00062 0.000125,
                    0.00155 0.00062 0,
                    0.00155 0.00062 0.000125,
                    0.00119916221868 0.000618176930361 0,
                    0.0011789575828 0.000612763114494 0,
                    0.00116 0.000603923048454 0,
                    0.00114286548684 0.000591925333174 0,
                    0.00112807466683 0.000577134513162 0,
                    0.00111607695155 0.00056 0,
                    0.00110723688551 0.000541042417199 0,
                    0.00110182306964 0.00052083778132 0,
                    0.0011 0.0005 0,
                    0.00110182306964 0.00047916221868 0,
                    0.00110723688551 0.000458957582801 0,
                    0.00111607695155 0.00044 0,
                    0.00112807466683 0.000422865486838 0,
                    0.00114286548684 0.000408074666826 0,
                    0.00116 0.000396076951546 0,
                    0.0011789575828 0.000387236885506 0,
                    0.00119916221868 0.000381823069639 0,
                    0.00119916221868 0.000618176930361 0.000125,
                    0.0011789575828 0.000612763114494 0.000125,
                    0.00116 0.000603923048454 0.000125,
                    0.00114286548684 0.000591925333174 0.000125,
                    0.00112807466683 0.000577134513162 0.000125,
                    0.00111607695155 0.00056 0.000125,
                    0.00110723688551 0.000541042417199 0.000125,
                    0.00110182306964 0.00052083778132 0.000125,
                    0.0011 0.0005 0.000125,
                    0.00110182306964 0.00047916221868 0.000125,
                    0.00110723688551 0.000458957582801 0.000125,
                    0.00111607695155 0.00044 0.000125,
                    0.00112807466683 0.000422865486838 0.000125,
                    0.00114286548684 0.000408074666826 0.000125,
                    0.00116 0.000396076951546 0.000125,
                    0.0011789575828 0.000387236885506 0.000125,
                    0.00119916221868 0.000381823069639 0.000125

                  ]
                }
                normal Normal {
                  vector [
                    0 -1 0,
                    0 -1 0,
                    0 -1 0,
                    0 -1 0,
                    -2.220446e-16 1 0,
                    -0.17364818 0.98480773 0,
                    -0.34202015 0.93969262 0,
                    -0.5 0.86602539 0,
                    -0.64278764 0.76604444 0,
                    -0.76604444 0.64278764 0,
                    -0.86602539 0.5 0,
                    -0.93969262 0.34202015 0,
                    -0.98480773 0.17364818 0,
                    -1 -1.110223e-16 0,
                    -0.98480773 -0.17364818 0,
                    -0.93969262 -0.34202015 0,
                    -0.86602539 -0.5 0,
                    -0.76604444 -0.64278764 0,
                    -0.64278764 -0.76604444 0,
                    -0.5 -0.86602539 0,
                    -0.34202015 -0.93969262 0,
                    -0.17364818 -0.98480773 0,
                    0 -1 0,
                    3.0997427e-13 -1 0,
                    -0.17364818 -0.98480773 0,
                    -0.34202015 -0.93969262 0,
                    -0.5 -0.86602539 0,
                    -0.64278764 -0.76604444 0,
                    -0.76604444 -0.64278764 0,
                    -0.86602539 -0.5 0,
                    -0.93969262 -0.34202015 0,
                    -0.98480773 -0.17364818 0,
                    -1 -1.110223e-16 0,
                    -0.98480773 0.17364818 0,
                    -0.93969262 0.34202015 0,
                    -0.86602539 0.5 0,
                    -0.76604444 0.64278764 0,
                    -0.64278764 0.76604444 0,
                    -0.5 0.86602539 0,
                    -0.34202015 0.93969262 0,
                    -0.17364818 0.98480773 0,
                    -2.220446e-16 1 0,
                    -0 1 -0,
                    -0 1 -0,
                    -0 1 -0,
                    -0 1 -0,
                    1 -0 -0,
                    1 -0 -0,
                    1 -0 -0,
                    1 -0 -0,
                    -0 -0 -1,
                    -0 -0 -1,
                    -0 -0 -1,
                    -0 -0 -1,
                    -0 -0 -1,
                    -0 -0 -1,
                    -0 -0 -1,
                    -0 -0 -1,
                    -0 -0 -1,
                    -0 -0 -1,
                    -0 -0 -1,
                    -0 -0 -1,
                    -0 -0 -1,
                    -0 -0 -1,
                    -0 -0 -1,
                    -0 -0 -1,
                    -0 -0 -1,
                    -0 -0 -1,
                    -0 -0 -1,
                    -0 -0 -1,
                    -0 -0 -1,
                    0 0 1,
                    0 0 1,
                    0 0 1,
                    0 0 1,
                    0 0 1,
                    0 0 1,
                    0 0 1,
                    0 0 1,
                    0 0 1,
                    0 0 1,
                    0 0 1,
                    0 0 1,
                    0 0 1,
                    0 0 1,
                    0 0 1,
                    0 0 1,
                    0 0 1,
                    0 0 1,
                    0 0 1,
                    0 0 1,
                    0 0 1

                  ]
                }
                coordIndex [
                  2 0 1 -1 
                  3 0 2 -1 
                  8 25 4 -1 
                  9 26 8 -1 
                  10 27 9 -1 
                  11 28 10 -1 
                  12 29 11 -1 
                  13 30 12 -1 
                  14 31 13 -1 
                  15 32 14 -1 
                  16 33 15 -1 
                  17 34 16 -1 
                  18 35 17 -1 
                  19 36 18 -1 
                  20 37 19 -1 
                  21 38 20 -1 
                  22 39 21 -1 
                  23 40 22 -1 
                  24 41 23 -1 
                  3 2 24 -1 
                  41 24 2 -1 
                  40 23 41 -1 
                  39 22 40 -1 
                  38 21 39 -1 
                  37 20 38 -1 
                  36 19 37 -1 
                  35 18 36 -1 
                  34 17 35 -1 
                  33 16 34 -1 
                  32 15 33 -1 
                  31 14 32 -1 
                  30 13 31 -1 
                  29 12 30 -1 
                  28 11 29 -1 
                  27 10 28 -1 
                  26 9 27 -1 
                  25 8 26 -1 
                  5 4 25 -1 
                  5 7 6 -1 
                  4 5 6 -1 
                  7 1 0 -1 
                  6 7 0 -1 
                  4 0 3 -1 
                  23 3 24 -1 
                  22 3 23 -1 
                  21 3 22 -1 
                  20 3 21 -1 
                  19 3 20 -1 
                  18 3 19 -1 
                  17 3 18 -1 
                  16 3 17 -1 
                  15 3 16 -1 
                  14 3 15 -1 
                  13 3 14 -1 
                  12 3 13 -1 
                  11 3 12 -1 
                  10 3 11 -1 
                  9 3 10 -1 
                  8 3 9 -1 
                  4 3 8 -1 
                  6 0 4 -1 
                  5 2 1 -1 
                  40 41 2 -1 
                  39 40 2 -1 
                  38 39 2 -1 
                  37 38 2 -1 
                  36 37 2 -1 
                  35 36 2 -1 
                  34 35 2 -1 
                  33 34 2 -1 
                  32 33 2 -1 
                  31 32 2 -1 
                  30 31 2 -1 
                  29 30 2 -1 
                  28 29 2 -1 
                  27 28 2 -1 
                  26 27 2 -1 
                  25 26 2 -1 
                  5 25 2 -1 
                  7 5 1 -1 
                ]
                normalIndex [
                  2 0 1 -1 
                  3 0 2 -1 
                  5 40 4 -1 
                  6 39 5 -1 
                  7 38 6 -1 
                  8 37 7 -1 
                  9 36 8 -1 
                  10 35 9 -1 
                  11 34 10 -1 
                  12 33 11 -1 
                  13 32 12 -1 
                  14 31 13 -1 
                  15 30 14 -1 
                  16 29 15 -1 
                  17 28 16 -1 
                  18 27 17 -1 
                  19 26 18 -1 
                  20 25 19 -1 
                  21 24 20 -1 
                  22 23 21 -1 
                  24 21 23 -1 
                  25 20 24 -1 
                  26 19 25 -1 
                  27 18 26 -1 
                  28 17 27 -1 
                  29 16 28 -1 
                  30 15 29 -1 
                  31 14 30 -1 
                  32 13 31 -1 
                  33 12 32 -1 
                  34 11 33 -1 
                  35 10 34 -1 
                  36 9 35 -1 
                  37 8 36 -1 
                  38 7 37 -1 
                  39 6 38 -1 
                  40 5 39 -1 
                  41 4 40 -1 
                  44 43 42 -1 
                  45 44 42 -1 
                  48 47 46 -1 
                  49 48 46 -1 
                  69 50 51 -1 
                  53 51 52 -1 
                  54 51 53 -1 
                  55 51 54 -1 
                  56 51 55 -1 
                  57 51 56 -1 
                  58 51 57 -1 
                  59 51 58 -1 
                  60 51 59 -1 
                  61 51 60 -1 
                  62 51 61 -1 
                  63 51 62 -1 
                  64 51 63 -1 
                  65 51 64 -1 
                  66 51 65 -1 
                  67 51 66 -1 
                  68 51 67 -1 
                  69 51 68 -1 
                  70 50 69 -1 
                  90 72 71 -1 
                  74 73 72 -1 
                  75 74 72 -1 
                  76 75 72 -1 
                  77 76 72 -1 
                  78 77 72 -1 
                  79 78 72 -1 
                  80 79 72 -1 
                  81 80 72 -1 
                  82 81 72 -1 
                  83 82 72 -1 
                  84 83 72 -1 
                  85 84 72 -1 
                  86 85 72 -1 
                  87 86 72 -1 
                  88 87 72 -1 
                  89 88 72 -1 
                  90 89 72 -1 
                  91 90 71 -1 
                ]
              }
            }
            DEF PinsArrayLR_5 Shape {
              appearance DEF __32 Appearance {
                material DEF __33 Material {
                  ambientIntensity 0.260947436094
                  diffuseColor 0.73400002718 0.773000001907 0.79699999094
                  shininess 0
                }
              }
              geometry DEF __34 IndexedFaceSet {
                solid FALSE
                coord Coordinate {
                  point [
                    -0.00155 -0.00012 0,
                    -0.00155 -0.00012 0.000125,
                    -0.00122 -0.00012 0.000125,
                    -0.00122 -0.00012 0,
                    -0.00122 0.00012 0,
                    -0.00122 0.00012 0.000125,
                    -0.00155 0.00012 0,
                    -0.00155 0.00012 0.000125,
                    -0.00119916221868 -0.000118176930361 0,
                    -0.0011789575828 -0.000112763114494 0,
                    -0.00116 -0.000103923048454 0,
                    -0.00114286548684 -9.19253331743e-05 0,
                    -0.00112807466683 -7.71345131624e-05 0,
                    -0.00111607695155 -6e-05 0,
                    -0.00110723688551 -4.10424171991e-05 0,
                    -0.00110182306964 -2.083778132e-05 0,
                    -0.0011 -2.93915231795e-20 0,
                    -0.00110182306964 2.083778132e-05 0,
                    -0.00110723688551 4.10424171991e-05 0,
                    -0.00111607695155 6e-05 0,
                    -0.00112807466683 7.71345131624e-05 0,
                    -0.00114286548684 9.19253331743e-05 0,
                    -0.00116 0.000103923048454 0,
                    -0.0011789575828 0.000112763114494 0,
                    -0.00119916221868 0.000118176930361 0,
                    -0.00119916221868 -0.000118176930361 0.000125,
                    -0.0011789575828 -0.000112763114494 0.000125,
                    -0.00116 -0.000103923048454 0.000125,
                    -0.00114286548684 -9.19253331743e-05 0.000125,
                    -0.00112807466683 -7.71345131624e-05 0.000125,
                    -0.00111607695155 -6e-05 0.000125,
                    -0.00110723688551 -4.10424171991e-05 0.000125,
                    -0.00110182306964 -2.083778132e-05 0.000125,
                    -0.0011 -2.93915231795e-20 0.000125,
                    -0.00110182306964 2.083778132e-05 0.000125,
                    -0.00110723688551 4.10424171991e-05 0.000125,
                    -0.00111607695155 6e-05 0.000125,
                    -0.00112807466683 7.71345131624e-05 0.000125,
                    -0.00114286548684 9.19253331743e-05 0.000125,
                    -0.00116 0.000103923048454 0.000125,
                    -0.0011789575828 0.000112763114494 0.000125,
                    -0.00119916221868 0.000118176930361 0.000125

                  ]
                }
                normal Normal {
                  vector [
                    -0 -1 -0,
                    -0 -1 -0,
                    -0 -1 -0,
                    -0 -1 -0,
                    2.220446e-16 -1 0,
                    0.17364818 -0.98480773 0,
                    0.34202015 -0.93969262 0,
                    0.5 -0.86602539 0,
                    0.64278764 -0.76604444 0,
                    0.76604444 -0.64278764 0,
                    0.86602539 -0.5 0,
                    0.93969262 -0.34202015 0,
                    0.98480773 -0.17364818 0,
                    1 2.4492937e-16 0,
                    0.98480773 0.17364818 0,
                    0.93969262 0.34202015 0,
                    0.86602539 0.5 0,
                    0.76604444 0.64278764 0,
                    0.64278764 0.76604444 0,
                    0.5 0.86602539 0,
                    0.34202015 0.93969262 0,
                    0.17364818 0.98480773 0,
                    -2.220446e-16 1 0,
                    4.8294702e-13 1 0,
                    0.17364818 0.98480773 0,
                    0.34202015 0.93969262 0,
                    0.5 0.86602539 0,
                    0.64278764 0.76604444 0,
                    0.76604444 0.64278764 0,
                    0.86602539 0.5 0,
                    0.93969262 0.34202015 0,
                    0.98480773 0.17364818 0,
                    1 2.4492937e-16 0,
                    0.98480773 -0.17364818 0,
                    0.93969262 -0.34202015 0,
                    0.86602539 -0.5 0,
                    0.76604444 -0.64278764 0,
                    0.64278764 -0.76604444 0,
                    0.5 -0.86602539 0,
                    0.34202015 -0.93969262 0,
                    0.17364818 -0.98480773 0,
                    2.220446e-16 -1 0,
                    0 1 0,
                    0 1 0,
                    0 1 0,
                    0 1 0,
                    -1 0 0,
                    -1 0 0,
                    -1 0 0,
                    -1 0 0,
                    -0 -0 -1,
                    -0 -0 -1,
                    -0 -0 -1,
                    -0 -0 -1,
                    -0 -0 -1,
                    -0 -0 -1,
                    -0 -0 -1,
                    -0 -0 -1,
                    -0 -0 -1,
                    -0 -0 -1,
                    -0 -0 -1,
                    -0 -0 -1,
                    -0 -0 -1,
                    -0 -0 -1,
                    -0 -0 -1,
                    -0 -0 -1,
                    -0 -0 -1,
                    -0 -0 -1,
                    -0 -0 -1,
                    -0 -0 -1,
                    -0 -0 -1,
                    0 0 1,
                    0 0 1,
                    0 0 1,
                    0 0 1,
                    0 0 1,
                    0 0 1,
                    0 0 1,
                    0 0 1,
                    0 0 1,
                    0 0 1,
                    0 0 1,
                    0 0 1,
                    0 0 1,
                    0 0 1,
                    0 0 1,
                    0 0 1,
                    0 0 1,
                    0 0 1,
                    0 0 1,
                    0 0 1,
                    0 0 1

                  ]
                }
                coordIndex [
                  2 1 0 -1 
                  3 2 0 -1 
                  8 25 3 -1 
                  9 26 8 -1 
                  10 27 9 -1 
                  11 28 10 -1 
                  12 29 11 -1 
                  13 30 12 -1 
                  14 31 13 -1 
                  15 32 14 -1 
                  16 33 15 -1 
                  17 34 16 -1 
                  18 35 17 -1 
                  19 36 18 -1 
                  20 37 19 -1 
                  21 38 20 -1 
                  22 39 21 -1 
                  23 40 22 -1 
                  24 41 23 -1 
                  4 5 24 -1 
                  41 24 5 -1 
                  40 23 41 -1 
                  39 22 40 -1 
                  38 21 39 -1 
                  37 20 38 -1 
                  36 19 37 -1 
                  35 18 36 -1 
                  34 17 35 -1 
                  33 16 34 -1 
                  32 15 33 -1 
                  31 14 32 -1 
                  30 13 31 -1 
                  29 12 30 -1 
                  28 11 29 -1 
                  27 10 28 -1 
                  26 9 27 -1 
                  25 8 26 -1 
                  2 3 25 -1 
                  5 6 7 -1 
                  4 6 5 -1 
                  7 0 1 -1 
                  6 0 7 -1 
                  4 3 0 -1 
                  9 8 3 -1 
                  10 9 3 -1 
                  11 10 3 -1 
                  12 11 3 -1 
                  13 12 3 -1 
                  14 13 3 -1 
                  15 14 3 -1 
                  16 15 3 -1 
                  17 16 3 -1 
                  18 17 3 -1 
                  19 18 3 -1 
                  20 19 3 -1 
                  21 20 3 -1 
                  22 21 3 -1 
                  23 22 3 -1 
                  24 23 3 -1 
                  4 24 3 -1 
                  6 4 0 -1 
                  5 1 2 -1 
                  26 2 25 -1 
                  27 2 26 -1 
                  28 2 27 -1 
                  29 2 28 -1 
                  30 2 29 -1 
                  31 2 30 -1 
                  32 2 31 -1 
                  33 2 32 -1 
                  34 2 33 -1 
                  35 2 34 -1 
                  36 2 35 -1 
                  37 2 36 -1 
                  38 2 37 -1 
                  39 2 38 -1 
                  40 2 39 -1 
                  41 2 40 -1 
                  5 2 41 -1 
                  7 1 5 -1 
                ]
                normalIndex [
                  2 1 0 -1 
                  3 2 0 -1 
                  5 40 4 -1 
                  6 39 5 -1 
                  7 38 6 -1 
                  8 37 7 -1 
                  9 36 8 -1 
                  10 35 9 -1 
                  11 34 10 -1 
                  12 33 11 -1 
                  13 32 12 -1 
                  14 31 13 -1 
                  15 30 14 -1 
                  16 29 15 -1 
                  17 28 16 -1 
                  18 27 17 -1 
                  19 26 18 -1 
                  20 25 19 -1 
                  21 24 20 -1 
                  22 23 21 -1 
                  24 21 23 -1 
                  25 20 24 -1 
                  26 19 25 -1 
                  27 18 26 -1 
                  28 17 27 -1 
                  29 16 28 -1 
                  30 15 29 -1 
                  31 14 30 -1 
                  32 13 31 -1 
                  33 12 32 -1 
                  34 11 33 -1 
                  35 10 34 -1 
                  36 9 35 -1 
                  37 8 36 -1 
                  38 7 37 -1 
                  39 6 38 -1 
                  40 5 39 -1 
                  41 4 40 -1 
                  44 42 43 -1 
                  45 42 44 -1 
                  48 46 47 -1 
                  49 46 48 -1 
                  69 51 50 -1 
                  53 52 51 -1 
                  54 53 51 -1 
                  55 54 51 -1 
                  56 55 51 -1 
                  57 56 51 -1 
                  58 57 51 -1 
                  59 58 51 -1 
                  60 59 51 -1 
                  61 60 51 -1 
                  62 61 51 -1 
                  63 62 51 -1 
                  64 63 51 -1 
                  65 64 51 -1 
                  66 65 51 -1 
                  67 66 51 -1 
                  68 67 51 -1 
                  69 68 51 -1 
                  70 69 50 -1 
                  90 71 72 -1 
                  74 72 73 -1 
                  75 72 74 -1 
                  76 72 75 -1 
                  77 72 76 -1 
                  78 72 77 -1 
                  79 72 78 -1 
                  80 72 79 -1 
                  81 72 80 -1 
                  82 72 81 -1 
                  83 72 82 -1 
                  84 72 83 -1 
                  85 72 84 -1 
                  86 72 85 -1 
                  87 72 86 -1 
                  88 72 87 -1 
                  89 72 88 -1 
                  90 72 89 -1 
                  91 71 90 -1 
                ]
              }
            }
            DEF PinsArrayLR_6 Shape {
              appearance DEF __36 Appearance {
                material DEF __37 Material {
                  ambientIntensity 0.260947436094
                  diffuseColor 0.73400002718 0.773000001907 0.79699999094
                  shininess 0
                }
              }
              geometry DEF __38 IndexedFaceSet {
                solid FALSE
                coord Coordinate {
                  point [
                    0.00155 -0.00012 0,
                    0.00155 -0.00012 0.000125,
                    0.00122 -0.00012 0.000125,
                    0.00122 -0.00012 0,
                    0.00122 0.00012 0,
                    0.00122 0.00012 0.000125,
                    0.00155 0.00012 0,
                    0.00155 0.00012 0.000125,
                    0.00119916221868 0.000118176930361 0,
                    0.0011789575828 0.000112763114494 0,
                    0.00116 0.000103923048454 0,
                    0.00114286548684 9.19253331743e-05 0,
                    0.00112807466683 7.71345131624e-05 0,
                    0.00111607695155 6e-05 0,
                    0.00110723688551 4.10424171991e-05 0,
                    0.00110182306964 2.083778132e-05 0,
                    0.0011 1.46957615898e-20 0,
                    0.00110182306964 -2.083778132e-05 0,
                    0.00110723688551 -4.10424171991e-05 0,
                    0.00111607695155 -6e-05 0,
                    0.00112807466683 -7.71345131624e-05 0,
                    0.00114286548684 -9.19253331743e-05 0,
                    0.00116 -0.000103923048454 0,
                    0.0011789575828 -0.000112763114494 0,
                    0.00119916221868 -0.000118176930361 0,
                    0.00119916221868 0.000118176930361 0.000125,
                    0.0011789575828 0.000112763114494 0.000125,
                    0.00116 0.000103923048454 0.000125,
                    0.00114286548684 9.19253331743e-05 0.000125,
                    0.00112807466683 7.71345131624e-05 0.000125,
                    0.00111607695155 6e-05 0.000125,
                    0.00110723688551 4.10424171991e-05 0.000125,
                    0.00110182306964 2.083778132e-05 0.000125,
                    0.0011 1.46957615898e-20 0.000125,
                    0.00110182306964 -2.083778132e-05 0.000125,
                    0.00110723688551 -4.10424171991e-05 0.000125,
                    0.00111607695155 -6e-05 0.000125,
                    0.00112807466683 -7.71345131624e-05 0.000125,
                    0.00114286548684 -9.19253331743e-05 0.000125,
                    0.00116 -0.000103923048454 0.000125,
                    0.0011789575828 -0.000112763114494 0.000125,
                    0.00119916221868 -0.000118176930361 0.000125

                  ]
                }
                normal Normal {
                  vector [
                    0 -1 0,
                    0 -1 0,
                    0 -1 0,
                    0 -1 0,
                    -2.220446e-16 1 0,
                    -0.17364818 0.98480773 0,
                    -0.34202015 0.93969262 0,
                    -0.5 0.86602539 0,
                    -0.64278764 0.76604444 0,
                    -0.76604444 0.64278764 0,
                    -0.86602539 0.5 0,
                    -0.93969262 0.34202015 0,
                    -0.98480773 0.17364818 0,
                    -1 -1.2246469e-16 0,
                    -0.98480773 -0.17364818 0,
                    -0.93969262 -0.34202015 0,
                    -0.86602539 -0.5 0,
                    -0.76604444 -0.64278764 0,
                    -0.64278764 -0.76604444 0,
                    -0.5 -0.86602539 0,
                    -0.34202015 -0.93969262 0,
                    -0.17364818 -0.98480773 0,
                    0 -1 0,
                    3.0997427e-13 -1 0,
                    -0.17364818 -0.98480773 0,
                    -0.34202015 -0.93969262 0,
                    -0.5 -0.86602539 0,
                    -0.64278764 -0.76604444 0,
                    -0.76604444 -0.64278764 0,
                    -0.86602539 -0.5 0,
                    -0.93969262 -0.34202015 0,
                    -0.98480773 -0.17364818 0,
                    -1 -1.2246469e-16 0,
                    -0.98480773 0.17364818 0,
                    -0.93969262 0.34202015 0,
                    -0.86602539 0.5 0,
                    -0.76604444 0.64278764 0,
                    -0.64278764 0.76604444 0,
                    -0.5 0.86602539 0,
                    -0.34202015 0.93969262 0,
                    -0.17364818 0.98480773 0,
                    -2.220446e-16 1 0,
                    -0 1 -0,
                    -0 1 -0,
                    -0 1 -0,
                    -0 1 -0,
                    1 -0 -0,
                    1 -0 -0,
                    1 -0 -0,
                    1 -0 -0,
                    -0 -0 -1,
                    -0 -0 -1,
                    -0 -0 -1,
                    -0 -0 -1,
                    -0 -0 -1,
                    -0 -0 -1,
                    -0 -0 -1,
                    -0 -0 -1,
                    -0 -0 -1,
                    -0 -0 -1,
                    -0 -0 -1,
                    -0 -0 -1,
                    -0 -0 -1,
                    -0 -0 -1,
                    -0 -0 -1,
                    -0 -0 -1,
                    -0 -0 -1,
                    -0 -0 -1,
                    -0 -0 -1,
                    -0 -0 -1,
                    -0 -0 -1,
                    0 0 1,
                    0 0 1,
                    0 0 1,
                    0 0 1,
                    0 0 1,
                    0 0 1,
                    0 0 1,
                    0 0 1,
                    0 0 1,
                    0 0 1,
                    0 0 1,
                    0 0 1,
                    0 0 1,
                    0 0 1,
                    0 0 1,
                    0 0 1,
                    0 0 1,
                    0 0 1,
                    0 0 1,
                    0 0 1,
                    0 0 1

                  ]
                }
                coordIndex [
                  2 0 1 -1 
                  3 0 2 -1 
                  8 25 4 -1 
                  9 26 8 -1 
                  10 27 9 -1 
                  11 28 10 -1 
                  12 29 11 -1 
                  13 30 12 -1 
                  14 31 13 -1 
                  15 32 14 -1 
                  16 33 15 -1 
                  17 34 16 -1 
                  18 35 17 -1 
                  19 36 18 -1 
                  20 37 19 -1 
                  21 38 20 -1 
                  22 39 21 -1 
                  23 40 22 -1 
                  24 41 23 -1 
                  3 2 24 -1 
                  41 24 2 -1 
                  40 23 41 -1 
                  39 22 40 -1 
                  38 21 39 -1 
                  37 20 38 -1 
                  36 19 37 -1 
                  35 18 36 -1 
                  34 17 35 -1 
                  33 16 34 -1 
                  32 15 33 -1 
                  31 14 32 -1 
                  30 13 31 -1 
                  29 12 30 -1 
                  28 11 29 -1 
                  27 10 28 -1 
                  26 9 27 -1 
                  25 8 26 -1 
                  5 4 25 -1 
                  5 7 6 -1 
                  4 5 6 -1 
                  7 1 0 -1 
                  6 7 0 -1 
                  4 0 3 -1 
                  23 3 24 -1 
                  22 3 23 -1 
                  21 3 22 -1 
                  20 3 21 -1 
                  19 3 20 -1 
                  18 3 19 -1 
                  17 3 18 -1 
                  16 3 17 -1 
                  15 3 16 -1 
                  14 3 15 -1 
                  13 3 14 -1 
                  12 3 13 -1 
                  11 3 12 -1 
                  10 3 11 -1 
                  9 3 10 -1 
                  8 3 9 -1 
                  4 3 8 -1 
                  6 0 4 -1 
                  5 2 1 -1 
                  40 41 2 -1 
                  39 40 2 -1 
                  38 39 2 -1 
                  37 38 2 -1 
                  36 37 2 -1 
                  35 36 2 -1 
                  34 35 2 -1 
                  33 34 2 -1 
                  32 33 2 -1 
                  31 32 2 -1 
                  30 31 2 -1 
                  29 30 2 -1 
                  28 29 2 -1 
                  27 28 2 -1 
                  26 27 2 -1 
                  25 26 2 -1 
                  5 25 2 -1 
                  7 5 1 -1 
                ]
                normalIndex [
                  2 0 1 -1 
                  3 0 2 -1 
                  5 40 4 -1 
                  6 39 5 -1 
                  7 38 6 -1 
                  8 37 7 -1 
                  9 36 8 -1 
                  10 35 9 -1 
                  11 34 10 -1 
                  12 33 11 -1 
                  13 32 12 -1 
                  14 31 13 -1 
                  15 30 14 -1 
                  16 29 15 -1 
                  17 28 16 -1 
                  18 27 17 -1 
                  19 26 18 -1 
                  20 25 19 -1 
                  21 24 20 -1 
                  22 23 21 -1 
                  24 21 23 -1 
                  25 20 24 -1 
                  26 19 25 -1 
                  27 18 26 -1 
                  28 17 27 -1 
                  29 16 28 -1 
                  30 15 29 -1 
                  31 14 30 -1 
                  32 13 31 -1 
                  33 12 32 -1 
                  34 11 33 -1 
                  35 10 34 -1 
                  36 9 35 -1 
                  37 8 36 -1 
                  38 7 37 -1 
                  39 6 38 -1 
                  40 5 39 -1 
                  41 4 40 -1 
                  44 43 42 -1 
                  45 44 42 -1 
                  48 47 46 -1 
                  49 48 46 -1 
                  69 50 51 -1 
                  53 51 52 -1 
                  54 51 53 -1 
                  55 51 54 -1 
                  56 51 55 -1 
                  57 51 56 -1 
                  58 51 57 -1 
                  59 51 58 -1 
                  60 51 59 -1 
                  61 51 60 -1 
                  62 51 61 -1 
                  63 51 62 -1 
                  64 51 63 -1 
                  65 51 64 -1 
                  66 51 65 -1 
                  67 51 66 -1 
                  68 51 67 -1 
                  69 51 68 -1 
                  70 50 69 -1 
                  90 72 71 -1 
                  74 73 72 -1 
                  75 74 72 -1 
                  76 75 72 -1 
                  77 76 72 -1 
                  78 77 72 -1 
                  79 78 72 -1 
                  80 79 72 -1 
                  81 80 72 -1 
                  82 81 72 -1 
                  83 82 72 -1 
                  84 83 72 -1 
                  85 84 72 -1 
                  86 85 72 -1 
                  87 86 72 -1 
                  88 87 72 -1 
                  89 88 72 -1 
                  90 89 72 -1 
                  91 90 71 -1 
                ]
              }
            }
            DEF PinsArrayLR_7 Shape {
              appearance DEF __40 Appearance {
                material DEF __41 Material {
                  ambientIntensity 0.260947436094
                  diffuseColor 0.73400002718 0.773000001907 0.79699999094
                  shininess 0
                }
              }
              geometry DEF __42 IndexedFaceSet {
                solid FALSE
                coord Coordinate {
                  point [
                    -0.00155 -0.00062 0,
                    -0.00155 -0.00062 0.000125,
                    -0.00122 -0.00062 0.000125,
                    -0.00122 -0.00062 0,
                    -0.00122 -0.00038 0,
                    -0.00122 -0.00038 0.000125,
                    -0.00155 -0.00038 0,
                    -0.00155 -0.00038 0.000125,
                    -0.00119916221868 -0.000618176930361 0,
                    -0.0011789575828 -0.000612763114494 0,
                    -0.00116 -0.000603923048454 0,
                    -0.00114286548684 -0.000591925333174 0,
                    -0.00112807466683 -0.000577134513162 0,
                    -0.00111607695155 -0.00056 0,
                    -0.00110723688551 -0.000541042417199 0,
                    -0.00110182306964 -0.00052083778132 0,
                    -0.0011 -0.0005 0,
                    -0.00110182306964 -0.00047916221868 0,
                    -0.00110723688551 -0.000458957582801 0,
                    -0.00111607695155 -0.00044 0,
                    -0.00112807466683 -0.000422865486838 0,
                    -0.00114286548684 -0.000408074666826 0,
                    -0.00116 -0.000396076951546 0,
                    -0.0011789575828 -0.000387236885506 0,
                    -0.00119916221868 -0.000381823069639 0,
                    -0.00119916221868 -0.000618176930361 0.000125,
                    -0.0011789575828 -0.000612763114494 0.000125,
                    -0.00116 -0.000603923048454 0.000125,
                    -0.00114286548684 -0.000591925333174 0.000125,
                    -0.00112807466683 -0.000577134513162 0.000125,
                    -0.00111607695155 -0.00056 0.000125,
                    -0.00110723688551 -0.000541042417199 0.000125,
                    -0.00110182306964 -0.00052083778132 0.000125,
                    -0.0011 -0.0005 0.000125,
                    -0.00110182306964 -0.00047916221868 0.000125,
                    -0.00110723688551 -0.000458957582801 0.000125,
                    -0.00111607695155 -0.00044 0.000125,
                    -0.00112807466683 -0.000422865486838 0.000125,
                    -0.00114286548684 -0.000408074666826 0.000125,
                    -0.00116 -0.000396076951546 0.000125,
                    -0.0011789575828 -0.000387236885506 0.000125,
                    -0.00119916221868 -0.000381823069639 0.000125

                  ]
                }
                normal Normal {
                  vector [
                    -0 -1 -0,
                    -0 -1 -0,
                    -0 -1 -0,
                    -0 -1 -0,
                    2.220446e-16 -1 0,
                    0.17364818 -0.98480773 0,
                    0.34202015 -0.93969262 0,
                    0.5 -0.86602539 0,
                    0.64278764 -0.76604444 0,
                    0.76604444 -0.64278764 0,
                    0.86602539 -0.5 0,
                    0.93969262 -0.34202015 0,
                    0.98480773 -0.17364818 0,
                    1 2.220446e-16 0,
                    0.98480773 0.17364818 0,
                    0.93969262 0.34202015 0,
                    0.86602539 0.5 0,
                    0.76604444 0.64278764 0,
                    0.64278764 0.76604444 0,
                    0.5 0.86602539 0,
                    0.34202015 0.93969262 0,
                    0.17364818 0.98480773 0,
                    -2.220446e-16 1 0,
                    4.8294702e-13 1 0,
                    0.17364818 0.98480773 0,
                    0.34202015 0.93969262 0,
                    0.5 0.86602539 0,
                    0.64278764 0.76604444 0,
                    0.76604444 0.64278764 0,
                    0.86602539 0.5 0,
                    0.93969262 0.34202015 0,
                    0.98480773 0.17364818 0,
                    1 2.220446e-16 0,
                    0.98480773 -0.17364818 0,
                    0.93969262 -0.34202015 0,
                    0.86602539 -0.5 0,
                    0.76604444 -0.64278764 0,
                    0.64278764 -0.76604444 0,
                    0.5 -0.86602539 0,
                    0.34202015 -0.93969262 0,
                    0.17364818 -0.98480773 0,
                    2.220446e-16 -1 0,
                    0 1 0,
                    0 1 0,
                    0 1 0,
                    0 1 0,
                    -1 0 0,
                    -1 0 0,
                    -1 0 0,
                    -1 0 0,
                    -0 -0 -1,
                    -0 -0 -1,
                    -0 -0 -1,
                    -0 -0 -1,
                    -0 -0 -1,
                    -0 -0 -1,
                    -0 -0 -1,
                    -0 -0 -1,
                    -0 -0 -1,
                    -0 -0 -1,
                    -0 -0 -1,
                    -0 -0 -1,
                    -0 -0 -1,
                    -0 -0 -1,
                    -0 -0 -1,
                    -0 -0 -1,
                    -0 -0 -1,
                    -0 -0 -1,
                    -0 -0 -1,
                    -0 -0 -1,
                    -0 -0 -1,
                    0 0 1,
                    0 0 1,
                    0 0 1,
                    0 0 1,
                    0 0 1,
                    0 0 1,
                    0 0 1,
                    0 0 1,
                    0 0 1,
                    0 0 1,
                    0 0 1,
                    0 0 1,
                    0 0 1,
                    0 0 1,
                    0 0 1,
                    0 0 1,
                    0 0 1,
                    0 0 1,
                    0 0 1,
                    0 0 1,
                    0 0 1

                  ]
                }
                coordIndex [
                  2 1 0 -1 
                  3 2 0 -1 
                  8 25 3 -1 
                  9 26 8 -1 
                  10 27 9 -1 
                  11 28 10 -1 
                  12 29 11 -1 
                  13 30 12 -1 
                  14 31 13 -1 
                  15 32 14 -1 
                  16 33 15 -1 
                  17 34 16 -1 
                  18 35 17 -1 
                  19 36 18 -1 
                  20 37 19 -1 
                  21 38 20 -1 
                  22 39 21 -1 
                  23 40 22 -1 
                  24 41 23 -1 
                  4 5 24 -1 
                  41 24 5 -1 
                  40 23 41 -1 
                  39 22 40 -1 
                  38 21 39 -1 
                  37 20 38 -1 
                  36 19 37 -1 
                  35 18 36 -1 
                  34 17 35 -1 
                  33 16 34 -1 
                  32 15 33 -1 
                  31 14 32 -1 
                  30 13 31 -1 
                  29 12 30 -1 
                  28 11 29 -1 
                  27 10 28 -1 
                  26 9 27 -1 
                  25 8 26 -1 
                  2 3 25 -1 
                  5 6 7 -1 
                  4 6 5 -1 
                  7 0 1 -1 
                  6 0 7 -1 
                  4 3 0 -1 
                  9 8 3 -1 
                  10 9 3 -1 
                  11 10 3 -1 
                  12 11 3 -1 
                  13 12 3 -1 
                  14 13 3 -1 
                  15 14 3 -1 
                  16 15 3 -1 
                  17 16 3 -1 
                  18 17 3 -1 
                  19 18 3 -1 
                  20 19 3 -1 
                  21 20 3 -1 
                  22 21 3 -1 
                  23 22 3 -1 
                  24 23 3 -1 
                  4 24 3 -1 
                  6 4 0 -1 
                  5 1 2 -1 
                  26 2 25 -1 
                  27 2 26 -1 
                  28 2 27 -1 
                  29 2 28 -1 
                  30 2 29 -1 
                  31 2 30 -1 
                  32 2 31 -1 
                  33 2 32 -1 
                  34 2 33 -1 
                  35 2 34 -1 
                  36 2 35 -1 
                  37 2 36 -1 
                  38 2 37 -1 
                  39 2 38 -1 
                  40 2 39 -1 
                  41 2 40 -1 
                  5 2 41 -1 
                  7 1 5 -1 
                ]
                normalIndex [
                  2 1 0 -1 
                  3 2 0 -1 
                  5 40 4 -1 
                  6 39 5 -1 
                  7 38 6 -1 
                  8 37 7 -1 
                  9 36 8 -1 
                  10 35 9 -1 
                  11 34 10 -1 
                  12 33 11 -1 
                  13 32 12 -1 
                  14 31 13 -1 
                  15 30 14 -1 
                  16 29 15 -1 
                  17 28 16 -1 
                  18 27 17 -1 
                  19 26 18 -1 
                  20 25 19 -1 
                  21 24 20 -1 
                  22 23 21 -1 
                  24 21 23 -1 
                  25 20 24 -1 
                  26 19 25 -1 
                  27 18 26 -1 
                  28 17 27 -1 
                  29 16 28 -1 
                  30 15 29 -1 
                  31 14 30 -1 
                  32 13 31 -1 
                  33 12 32 -1 
                  34 11 33 -1 
                  35 10 34 -1 
                  36 9 35 -1 
                  37 8 36 -1 
                  38 7 37 -1 
                  39 6 38 -1 
                  40 5 39 -1 
                  41 4 40 -1 
                  44 42 43 -1 
                  45 42 44 -1 
                  48 46 47 -1 
                  49 46 48 -1 
                  69 51 50 -1 
                  53 52 51 -1 
                  54 53 51 -1 
                  55 54 51 -1 
                  56 55 51 -1 
                  57 56 51 -1 
                  58 57 51 -1 
                  59 58 51 -1 
                  60 59 51 -1 
                  61 60 51 -1 
                  62 61 51 -1 
                  63 62 51 -1 
                  64 63 51 -1 
                  65 64 51 -1 
                  66 65 51 -1 
                  67 66 51 -1 
                  68 67 51 -1 
                  69 68 51 -1 
                  70 69 50 -1 
                  90 71 72 -1 
                  74 72 73 -1 
                  75 72 74 -1 
                  76 72 75 -1 
                  77 72 76 -1 
                  78 72 77 -1 
                  79 72 78 -1 
                  80 72 79 -1 
                  81 72 80 -1 
                  82 72 81 -1 
                  83 72 82 -1 
                  84 72 83 -1 
                  85 72 84 -1 
                  86 72 85 -1 
                  87 72 86 -1 
                  88 72 87 -1 
                  89 72 88 -1 
                  90 72 89 -1 
                  91 71 90 -1 
                ]
              }
            }
            DEF PinsArrayLR_8 Shape {
              appearance DEF __44 Appearance {
                material DEF __45 Material {
                  ambientIntensity 0.260947436094
                  diffuseColor 0.73400002718 0.773000001907 0.79699999094
                  shininess 0
                }
              }
              geometry DEF __46 IndexedFaceSet {
                solid FALSE
                coord Coordinate {
                  point [
                    0.00155 -0.00062 0,
                    0.00155 -0.00062 0.000125,
                    0.00122 -0.00062 0.000125,
                    0.00122 -0.00062 0,
                    0.00122 -0.00038 0,
                    0.00122 -0.00038 0.000125,
                    0.00155 -0.00038 0,
                    0.00155 -0.00038 0.000125,
                    0.00119916221868 -0.000381823069639 0,
                    0.0011789575828 -0.000387236885506 0,
                    0.00116 -0.000396076951546 0,
                    0.00114286548684 -0.000408074666826 0,
                    0.00112807466683 -0.000422865486838 0,
                    0.00111607695155 -0.00044 0,
                    0.00110723688551 -0.000458957582801 0,
                    0.00110182306964 -0.00047916221868 0,
                    0.0011 -0.0005 0,
                    0.00110182306964 -0.00052083778132 0,
                    0.00110723688551 -0.000541042417199 0,
                    0.00111607695155 -0.00056 0,
                    0.00112807466683 -0.000577134513162 0,
                    0.00114286548684 -0.000591925333174 0,
                    0.00116 -0.000603923048454 0,
                    0.0011789575828 -0.000612763114494 0,
                    0.00119916221868 -0.000618176930361 0,
                    0.00119916221868 -0.000381823069639 0.000125,
                    0.0011789575828 -0.000387236885506 0.000125,
                    0.00116 -0.000396076951546 0.000125,
                    0.00114286548684 -0.000408074666826 0.000125,
                    0.00112807466683 -0.000422865486838 0.000125,
                    0.00111607695155 -0.00044 0.000125,
                    0.00110723688551 -0.000458957582801 0.000125,
                    0.00110182306964 -0.00047916221868 0.000125,
                    0.0011 -0.0005 0.000125,
                    0.00110182306964 -0.00052083778132 0.000125,
                    0.00110723688551 -0.000541042417199 0.000125,
                    0.00111607695155 -0.00056 0.000125,
                    0.00112807466683 -0.000577134513162 0.000125,
                    0.00114286548684 -0.000591925333174 0.000125,
                    0.00116 -0.000603923048454 0.000125,
                    0.0011789575828 -0.000612763114494 0.000125,
                    0.00119916221868 -0.000618176930361 0.000125

                  ]
                }
                normal Normal {
                  vector [
                    0 -1 0,
                    0 -1 0,
                    0 -1 0,
                    0 -1 0,
                    -2.220446e-16 1 0,
                    -0.17364818 0.98480773 0,
                    -0.34202015 0.93969262 0,
                    -0.5 0.86602539 0,
                    -0.64278764 0.76604444 0,
                    -0.76604444 0.64278764 0,
                    -0.86602539 0.5 0,
                    -0.93969262 0.34202015 0,
                    -0.98480773 0.17364818 0,
                    -1 -1.110223e-16 0,
                    -0.98480773 -0.17364818 0,
                    -0.93969262 -0.34202015 0,
                    -0.86602539 -0.5 0,
                    -0.76604444 -0.64278764 0,
                    -0.64278764 -0.76604444 0,
                    -0.5 -0.86602539 0,
                    -0.34202015 -0.93969262 0,
                    -0.17364818 -0.98480773 0,
                    0 -1 0,
                    3.0997427e-13 -1 0,
                    -0.17364818 -0.98480773 0,
                    -0.34202015 -0.93969262 0,
                    -0.5 -0.86602539 0,
                    -0.64278764 -0.76604444 0,
                    -0.76604444 -0.64278764 0,
                    -0.86602539 -0.5 0,
                    -0.93969262 -0.34202015 0,
                    -0.98480773 -0.17364818 0,
                    -1 -1.110223e-16 0,
                    -0.98480773 0.17364818 0,
                    -0.93969262 0.34202015 0,
                    -0.86602539 0.5 0,
                    -0.76604444 0.64278764 0,
                    -0.64278764 0.76604444 0,
                    -0.5 0.86602539 0,
                    -0.34202015 0.93969262 0,
                    -0.17364818 0.98480773 0,
                    -2.220446e-16 1 0,
                    -0 1 -0,
                    -0 1 -0,
                    -0 1 -0,
                    -0 1 -0,
                    1 -0 -0,
                    1 -0 -0,
                    1 -0 -0,
                    1 -0 -0,
                    -0 -0 -1,
                    -0 -0 -1,
                    -0 -0 -1,
                    -0 -0 -1,
                    -0 -0 -1,
                    -0 -0 -1,
                    -0 -0 -1,
                    -0 -0 -1,
                    -0 -0 -1,
                    -0 -0 -1,
                    -0 -0 -1,
                    -0 -0 -1,
                    -0 -0 -1,
                    -0 -0 -1,
                    -0 -0 -1,
                    -0 -0 -1,
                    -0 -0 -1,
                    -0 -0 -1,
                    -0 -0 -1,
                    -0 -0 -1,
                    -0 -0 -1,
                    0 0 1,
                    0 0 1,
                    0 0 1,
                    0 0 1,
                    0 0 1,
                    0 0 1,
                    0 0 1,
                    0 0 1,
                    0 0 1,
                    0 0 1,
                    0 0 1,
                    0 0 1,
                    0 0 1,
                    0 0 1,
                    0 0 1,
                    0 0 1,
                    0 0 1,
                    0 0 1,
                    0 0 1,
                    0 0 1,
                    0 0 1

                  ]
                }
                coordIndex [
                  2 0 1 -1 
                  3 0 2 -1 
                  8 25 4 -1 
                  9 26 8 -1 
                  10 27 9 -1 
                  11 28 10 -1 
                  12 29 11 -1 
                  13 30 12 -1 
                  14 31 13 -1 
                  15 32 14 -1 
                  16 33 15 -1 
                  17 34 16 -1 
                  18 35 17 -1 
                  19 36 18 -1 
                  20 37 19 -1 
                  21 38 20 -1 
                  22 39 21 -1 
                  23 40 22 -1 
                  24 41 23 -1 
                  3 2 24 -1 
                  41 24 2 -1 
                  40 23 41 -1 
                  39 22 40 -1 
                  38 21 39 -1 
                  37 20 38 -1 
                  36 19 37 -1 
                  35 18 36 -1 
                  34 17 35 -1 
                  33 16 34 -1 
                  32 15 33 -1 
                  31 14 32 -1 
                  30 13 31 -1 
                  29 12 30 -1 
                  28 11 29 -1 
                  27 10 28 -1 
                  26 9 27 -1 
                  25 8 26 -1 
                  5 4 25 -1 
                  5 7 6 -1 
                  4 5 6 -1 
                  7 1 0 -1 
                  6 7 0 -1 
                  4 0 3 -1 
                  23 3 24 -1 
                  22 3 23 -1 
                  21 3 22 -1 
                  20 3 21 -1 
                  19 3 20 -1 
                  18 3 19 -1 
                  17 3 18 -1 
                  16 3 17 -1 
                  15 3 16 -1 
                  14 3 15 -1 
                  13 3 14 -1 
                  12 3 13 -1 
                  11 3 12 -1 
                  10 3 11 -1 
                  9 3 10 -1 
                  8 3 9 -1 
                  4 3 8 -1 
                  6 0 4 -1 
                  5 2 1 -1 
                  40 41 2 -1 
                  39 40 2 -1 
                  38 39 2 -1 
                  37 38 2 -1 
                  36 37 2 -1 
                  35 36 2 -1 
                  34 35 2 -1 
                  33 34 2 -1 
                  32 33 2 -1 
                  31 32 2 -1 
                  30 31 2 -1 
                  29 30 2 -1 
                  28 29 2 -1 
                  27 28 2 -1 
                  26 27 2 -1 
                  25 26 2 -1 
                  5 25 2 -1 
                  7 5 1 -1 
                ]
                normalIndex [
                  2 0 1 -1 
                  3 0 2 -1 
                  5 40 4 -1 
                  6 39 5 -1 
                  7 38 6 -1 
                  8 37 7 -1 
                  9 36 8 -1 
                  10 35 9 -1 
                  11 34 10 -1 
                  12 33 11 -1 
                  13 32 12 -1 
                  14 31 13 -1 
                  15 30 14 -1 
                  16 29 15 -1 
                  17 28 16 -1 
                  18 27 17 -1 
                  19 26 18 -1 
                  20 25 19 -1 
                  21 24 20 -1 
                  22 23 21 -1 
                  24 21 23 -1 
                  25 20 24 -1 
                  26 19 25 -1 
                  27 18 26 -1 
                  28 17 27 -1 
                  29 16 28 -1 
                  30 15 29 -1 
                  31 14 30 -1 
                  32 13 31 -1 
                  33 12 32 -1 
                  34 11 33 -1 
                  35 10 34 -1 
                  36 9 35 -1 
                  37 8 36 -1 
                  38 7 37 -1 
                  39 6 38 -1 
                  40 5 39 -1 
                  41 4 40 -1 
                  44 43 42 -1 
                  45 44 42 -1 
                  48 47 46 -1 
                  49 48 46 -1 
                  69 50 51 -1 
                  53 51 52 -1 
                  54 51 53 -1 
                  55 51 54 -1 
                  56 51 55 -1 
                  57 51 56 -1 
                  58 51 57 -1 
                  59 51 58 -1 
                  60 51 59 -1 
                  61 51 60 -1 
                  62 51 61 -1 
                  63 51 62 -1 
                  64 51 63 -1 
                  65 51 64 -1 
                  66 51 65 -1 
                  67 51 66 -1 
                  68 51 67 -1 
                  69 51 68 -1 
                  70 50 69 -1 
                  90 72 71 -1 
                  74 73 72 -1 
                  75 74 72 -1 
                  76 75 72 -1 
                  77 76 72 -1 
                  78 77 72 -1 
                  79 78 72 -1 
                  80 79 72 -1 
                  81 80 72 -1 
                  82 81 72 -1 
                  83 82 72 -1 
                  84 83 72 -1 
                  85 84 72 -1 
                  86 85 72 -1 
                  87 86 72 -1 
                  88 87 72 -1 
                  89 88 72 -1 
                  90 89 72 -1 
                  91 90 71 -1 
                ]
              }
            }
            DEF PinsArrayLR_9 Shape {
              appearance DEF __48 Appearance {
                material DEF __49 Material {
                  ambientIntensity 0.260947436094
                  diffuseColor 0.73400002718 0.773000001907 0.79699999094
                  shininess 0
                }
              }
              geometry DEF __50 IndexedFaceSet {
                solid FALSE
                coord Coordinate {
                  point [
                    -0.00155 -0.00112 0,
                    -0.00155 -0.00112 0.000125,
                    -0.00122 -0.00112 0.000125,
                    -0.00122 -0.00112 0,
                    -0.00122 -0.00088 0,
                    -0.00122 -0.00088 0.000125,
                    -0.00155 -0.00088 0,
                    -0.00155 -0.00088 0.000125,
                    -0.00119916221868 -0.00111817693036 0,
                    -0.0011789575828 -0.00111276311449 0,
                    -0.00116 -0.00110392304845 0,
                    -0.00114286548684 -0.00109192533317 0,
                    -0.00112807466683 -0.00107713451316 0,
                    -0.00111607695155 -0.00106 0,
                    -0.00110723688551 -0.0010410424172 0,
                    -0.00110182306964 -0.00102083778132 0,
                    -0.0011 -0.001 0,
                    -0.00110182306964 -0.00097916221868 0,
                    -0.00110723688551 -0.000958957582801 0,
                    -0.00111607695155 -0.00094 0,
                    -0.00112807466683 -0.000922865486838 0,
                    -0.00114286548684 -0.000908074666826 0,
                    -0.00116 -0.000896076951546 0,
                    -0.0011789575828 -0.000887236885506 0,
                    -0.00119916221868 -0.000881823069639 0,
                    -0.00119916221868 -0.00111817693036 0.000125,
                    -0.0011789575828 -0.00111276311449 0.000125,
                    -0.00116 -0.00110392304845 0.000125,
                    -0.00114286548684 -0.00109192533317 0.000125,
                    -0.00112807466683 -0.00107713451316 0.000125,
                    -0.00111607695155 -0.00106 0.000125,
                    -0.00110723688551 -0.0010410424172 0.000125,
                    -0.00110182306964 -0.00102083778132 0.000125,
                    -0.0011 -0.001 0.000125,
                    -0.00110182306964 -0.00097916221868 0.000125,
                    -0.00110723688551 -0.000958957582801 0.000125,
                    -0.00111607695155 -0.00094 0.000125,
                    -0.00112807466683 -0.000922865486838 0.000125,
                    -0.00114286548684 -0.000908074666826 0.000125,
                    -0.00116 -0.000896076951546 0.000125,
                    -0.0011789575828 -0.000887236885506 0.000125,
                    -0.00119916221868 -0.000881823069639 0.000125

                  ]
                }
                normal Normal {
                  vector [
                    -0 -1 -0,
                    -0 -1 -0,
                    -0 -1 -0,
                    -0 -1 -0,
                    2.220446e-16 -1 0,
                    0.17364818 -0.98480773 0,
                    0.34202015 -0.93969262 0,
                    0.5 -0.86602539 0,
                    0.64278764 -0.76604444 0,
                    0.76604444 -0.64278764 0,
                    0.86602539 -0.5 0,
                    0.93969262 -0.34202015 0,
                    0.98480773 -0.17364818 0,
                    1 2.220446e-16 0,
                    0.98480773 0.17364818 0,
                    0.93969262 0.34202015 0,
                    0.86602539 0.5 0,
                    0.76604444 0.64278764 0,
                    0.64278764 0.76604444 0,
                    0.5 0.86602539 0,
                    0.34202015 0.93969262 0,
                    0.17364818 0.98480773 0,
                    -2.220446e-16 1 0,
                    4.8294702e-13 1 0,
                    0.17364818 0.98480773 0,
                    0.34202015 0.93969262 0,
                    0.5 0.86602539 0,
                    0.64278764 0.76604444 0,
                    0.76604444 0.64278764 0,
                    0.86602539 0.5 0,
                    0.93969262 0.34202015 0,
                    0.98480773 0.17364818 0,
                    1 2.220446e-16 0,
                    0.98480773 -0.17364818 0,
                    0.93969262 -0.34202015 0,
                    0.86602539 -0.5 0,
                    0.76604444 -0.64278764 0,
                    0.64278764 -0.76604444 0,
                    0.5 -0.86602539 0,
                    0.34202015 -0.93969262 0,
                    0.17364818 -0.98480773 0,
                    2.220446e-16 -1 0,
                    0 1 0,
                    0 1 0,
                    0 1 0,
                    0 1 0,
                    -1 0 0,
                    -1 0 0,
                    -1 0 0,
                    -1 0 0,
                    -0 -0 -1,
                    -0 -0 -1,
                    -0 -0 -1,
                    -0 -0 -1,
                    -0 -0 -1,
                    -0 -0 -1,
                    -0 -0 -1,
                    -0 -0 -1,
                    -0 -0 -1,
                    -0 -0 -1,
                    -0 -0 -1,
                    -0 -0 -1,
                    -0 -0 -1,
                    -0 -0 -1,
                    -0 -0 -1,
                    -0 -0 -1,
                    -0 -0 -1,
                    -0 -0 -1,
                    -0 -0 -1,
                    -0 -0 -1,
                    -0 -0 -1,
                    0 0 1,
                    0 0 1,
                    0 0 1,
                    0 0 1,
                    0 0 1,
                    0 0 1,
                    0 0 1,
                    0 0 1,
                    0 0 1,
                    0 0 1,
                    0 0 1,
                    0 0 1,
                    0 0 1,
                    0 0 1,
                    0 0 1,
                    0 0 1,
                    0 0 1,
                    0 0 1,
                    0 0 1,
                    0 0 1,
                    0 0 1

                  ]
                }
                coordIndex [
                  2 1 0 -1 
                  3 2 0 -1 
                  8 25 3 -1 
                  9 26 8 -1 
                  10 27 9 -1 
                  11 28 10 -1 
                  12 29 11 -1 
                  13 30 12 -1 
                  14 31 13 -1 
                  15 32 14 -1 
                  16 33 15 -1 
                  17 34 16 -1 
                  18 35 17 -1 
                  19 36 18 -1 
                  20 37 19 -1 
                  21 38 20 -1 
                  22 39 21 -1 
                  23 40 22 -1 
                  24 41 23 -1 
                  4 5 24 -1 
                  41 24 5 -1 
                  40 23 41 -1 
                  39 22 40 -1 
                  38 21 39 -1 
                  37 20 38 -1 
                  36 19 37 -1 
                  35 18 36 -1 
                  34 17 35 -1 
                  33 16 34 -1 
                  32 15 33 -1 
                  31 14 32 -1 
                  30 13 31 -1 
                  29 12 30 -1 
                  28 11 29 -1 
                  27 10 28 -1 
                  26 9 27 -1 
                  25 8 26 -1 
                  2 3 25 -1 
                  5 6 7 -1 
                  4 6 5 -1 
                  7 0 1 -1 
                  6 0 7 -1 
                  4 3 0 -1 
                  9 8 3 -1 
                  10 9 3 -1 
                  11 10 3 -1 
                  12 11 3 -1 
                  13 12 3 -1 
                  14 13 3 -1 
                  15 14 3 -1 
                  16 15 3 -1 
                  17 16 3 -1 
                  18 17 3 -1 
                  19 18 3 -1 
                  20 19 3 -1 
                  21 20 3 -1 
                  22 21 3 -1 
                  23 22 3 -1 
                  24 23 3 -1 
                  4 24 3 -1 
                  6 4 0 -1 
                  5 1 2 -1 
                  26 2 25 -1 
                  27 2 26 -1 
                  28 2 27 -1 
                  29 2 28 -1 
                  30 2 29 -1 
                  31 2 30 -1 
                  32 2 31 -1 
                  33 2 32 -1 
                  34 2 33 -1 
                  35 2 34 -1 
                  36 2 35 -1 
                  37 2 36 -1 
                  38 2 37 -1 
                  39 2 38 -1 
                  40 2 39 -1 
                  41 2 40 -1 
                  5 2 41 -1 
                  7 1 5 -1 
                ]
                normalIndex [
                  2 1 0 -1 
                  3 2 0 -1 
                  5 40 4 -1 
                  6 39 5 -1 
                  7 38 6 -1 
                  8 37 7 -1 
                  9 36 8 -1 
                  10 35 9 -1 
                  11 34 10 -1 
                  12 33 11 -1 
                  13 32 12 -1 
                  14 31 13 -1 
                  15 30 14 -1 
                  16 29 15 -1 
                  17 28 16 -1 
                  18 27 17 -1 
                  19 26 18 -1 
                  20 25 19 -1 
                  21 24 20 -1 
                  22 23 21 -1 
                  24 21 23 -1 
                  25 20 24 -1 
                  26 19 25 -1 
                  27 18 26 -1 
                  28 17 27 -1 
                  29 16 28 -1 
                  30 15 29 -1 
                  31 14 30 -1 
                  32 13 31 -1 
                  33 12 32 -1 
                  34 11 33 -1 
                  35 10 34 -1 
                  36 9 35 -1 
                  37 8 36 -1 
                  38 7 37 -1 
                  39 6 38 -1 
                  40 5 39 -1 
                  41 4 40 -1 
                  44 42 43 -1 
                  45 42 44 -1 
                  48 46 47 -1 
                  49 46 48 -1 
                  69 51 50 -1 
                  53 52 51 -1 
                  54 53 51 -1 
                  55 54 51 -1 
                  56 55 51 -1 
                  57 56 51 -1 
                  58 57 51 -1 
                  59 58 51 -1 
                  60 59 51 -1 
                  61 60 51 -1 
                  62 61 51 -1 
                  63 62 51 -1 
                  64 63 51 -1 
                  65 64 51 -1 
                  66 65 51 -1 
                  67 66 51 -1 
                  68 67 51 -1 
                  69 68 51 -1 
                  70 69 50 -1 
                  90 71 72 -1 
                  74 72 73 -1 
                  75 72 74 -1 
                  76 72 75 -1 
                  77 72 76 -1 
                  78 72 77 -1 
                  79 72 78 -1 
                  80 72 79 -1 
                  81 72 80 -1 
                  82 72 81 -1 
                  83 72 82 -1 
                  84 72 83 -1 
                  85 72 84 -1 
                  86 72 85 -1 
                  87 72 86 -1 
                  88 72 87 -1 
                  89 72 88 -1 
                  90 72 89 -1 
                  91 71 90 -1 
                ]
              }
            }
            DEF PinsArrayLR_10 Shape {
              appearance DEF __52 Appearance {
                material DEF __53 Material {
                  ambientIntensity 0.260947436094
                  diffuseColor 0.73400002718 0.773000001907 0.79699999094
                  shininess 0
                }
              }
              geometry DEF __54 IndexedFaceSet {
                solid FALSE
                coord Coordinate {
                  point [
                    0.00155 -0.00112 0,
                    0.00155 -0.00112 0.000125,
                    0.00122 -0.00112 0.000125,
                    0.00122 -0.00112 0,
                    0.00122 -0.00088 0,
                    0.00122 -0.00088 0.000125,
                    0.00155 -0.00088 0,
                    0.00155 -0.00088 0.000125,
                    0.00119916221868 -0.000881823069639 0,
                    0.0011789575828 -0.000887236885506 0,
                    0.00116 -0.000896076951546 0,
                    0.00114286548684 -0.000908074666826 0,
                    0.00112807466683 -0.000922865486838 0,
                    0.00111607695155 -0.00094 0,
                    0.00110723688551 -0.000958957582801 0,
                    0.00110182306964 -0.00097916221868 0,
                    0.0011 -0.001 0,
                    0.00110182306964 -0.00102083778132 0,
                    0.00110723688551 -0.0010410424172 0,
                    0.00111607695155 -0.00106 0,
                    0.00112807466683 -0.00107713451316 0,
                    0.00114286548684 -0.00109192533317 0,
                    0.00116 -0.00110392304845 0,
                    0.0011789575828 -0.00111276311449 0,
                    0.00119916221868 -0.00111817693036 0,
                    0.00119916221868 -0.000881823069639 0.000125,
                    0.0011789575828 -0.000887236885506 0.000125,
                    0.00116 -0.000896076951546 0.000125,
                    0.00114286548684 -0.000908074666826 0.000125,
                    0.00112807466683 -0.000922865486838 0.000125,
                    0.00111607695155 -0.00094 0.000125,
                    0.00110723688551 -0.000958957582801 0.000125,
                    0.00110182306964 -0.00097916221868 0.000125,
                    0.0011 -0.001 0.000125,
                    0.00110182306964 -0.00102083778132 0.000125,
                    0.00110723688551 -0.0010410424172 0.000125,
                    0.00111607695155 -0.00106 0.000125,
                    0.00112807466683 -0.00107713451316 0.000125,
                    0.00114286548684 -0.00109192533317 0.000125,
                    0.00116 -0.00110392304845 0.000125,
                    0.0011789575828 -0.00111276311449 0.000125,
                    0.00119916221868 -0.00111817693036 0.000125

                  ]
                }
                normal Normal {
                  vector [
                    0 -1 0,
                    0 -1 0,
                    0 -1 0,
                    0 -1 0,
                    -2.220446e-16 1 0,
                    -0.17364818 0.98480773 0,
                    -0.34202015 0.93969262 0,
                    -0.5 0.86602539 0,
                    -0.64278764 0.76604444 0,
                    -0.76604444 0.64278764 0,
                    -0.86602539 0.5 0,
                    -0.93969262 0.34202015 0,
                    -0.98480773 0.17364818 0,
                    -1 -2.220446e-16 0,
                    -0.98480773 -0.17364818 0,
                    -0.93969262 -0.34202015 0,
                    -0.86602539 -0.5 0,
                    -0.76604444 -0.64278764 0,
                    -0.64278764 -0.76604444 0,
                    -0.5 -0.86602539 0,
                    -0.34202015 -0.93969262 0,
                    -0.17364818 -0.98480773 0,
                    0 -1 0,
                    3.0997427e-13 -1 0,
                    -0.17364818 -0.98480773 0,
                    -0.34202015 -0.93969262 0,
                    -0.5 -0.86602539 0,
                    -0.64278764 -0.76604444 0,
                    -0.76604444 -0.64278764 0,
                    -0.86602539 -0.5 0,
                    -0.93969262 -0.34202015 0,
                    -0.98480773 -0.17364818 0,
                    -1 -2.220446e-16 0,
                    -0.98480773 0.17364818 0,
                    -0.93969262 0.34202015 0,
                    -0.86602539 0.5 0,
                    -0.76604444 0.64278764 0,
                    -0.64278764 0.76604444 0,
                    -0.5 0.86602539 0,
                    -0.34202015 0.93969262 0,
                    -0.17364818 0.98480773 0,
                    -2.220446e-16 1 0,
                    -0 1 -0,
                    -0 1 -0,
                    -0 1 -0,
                    -0 1 -0,
                    1 -0 -0,
                    1 -0 -0,
                    1 -0 -0,
                    1 -0 -0,
                    -0 -0 -1,
                    -0 -0 -1,
                    -0 -0 -1,
                    -0 -0 -1,
                    -0 -0 -1,
                    -0 -0 -1,
                    -0 -0 -1,
                    -0 -0 -1,
                    -0 -0 -1,
                    -0 -0 -1,
                    -0 -0 -1,
                    -0 -0 -1,
                    -0 -0 -1,
                    -0 -0 -1,
                    -0 -0 -1,
                    -0 -0 -1,
                    -0 -0 -1,
                    -0 -0 -1,
                    -0 -0 -1,
                    -0 -0 -1,
                    -0 -0 -1,
                    0 0 1,
                    0 0 1,
                    0 0 1,
                    0 0 1,
                    0 0 1,
                    0 0 1,
                    0 0 1,
                    0 0 1,
                    0 0 1,
                    0 0 1,
                    0 0 1,
                    0 0 1,
                    0 0 1,
                    0 0 1,
                    0 0 1,
                    0 0 1,
                    0 0 1,
                    0 0 1,
                    0 0 1,
                    0 0 1,
                    0 0 1

                  ]
                }
                coordIndex [
                  2 0 1 -1 
                  3 0 2 -1 
                  8 25 4 -1 
                  9 26 8 -1 
                  10 27 9 -1 
                  11 28 10 -1 
                  12 29 11 -1 
                  13 30 12 -1 
                  14 31 13 -1 
                  15 32 14 -1 
                  16 33 15 -1 
                  17 34 16 -1 
                  18 35 17 -1 
                  19 36 18 -1 
                  20 37 19 -1 
                  21 38 20 -1 
                  22 39 21 -1 
                  23 40 22 -1 
                  24 41 23 -1 
                  3 2 24 -1 
                  41 24 2 -1 
                  40 23 41 -1 
                  39 22 40 -1 
                  38 21 39 -1 
                  37 20 38 -1 
                  36 19 37 -1 
                  35 18 36 -1 
                  34 17 35 -1 
                  33 16 34 -1 
                  32 15 33 -1 
                  31 14 32 -1 
                  30 13 31 -1 
                  29 12 30 -1 
                  28 11 29 -1 
                  27 10 28 -1 
                  26 9 27 -1 
                  25 8 26 -1 
                  5 4 25 -1 
                  5 7 6 -1 
                  4 5 6 -1 
                  7 1 0 -1 
                  6 7 0 -1 
                  4 0 3 -1 
                  23 3 24 -1 
                  22 3 23 -1 
                  21 3 22 -1 
                  20 3 21 -1 
                  19 3 20 -1 
                  18 3 19 -1 
                  17 3 18 -1 
                  16 3 17 -1 
                  15 3 16 -1 
                  14 3 15 -1 
                  13 3 14 -1 
                  12 3 13 -1 
                  11 3 12 -1 
                  10 3 11 -1 
                  9 3 10 -1 
                  8 3 9 -1 
                  4 3 8 -1 
                  6 0 4 -1 
                  5 2 1 -1 
                  40 41 2 -1 
                  39 40 2 -1 
                  38 39 2 -1 
                  37 38 2 -1 
                  36 37 2 -1 
                  35 36 2 -1 
                  34 35 2 -1 
                  33 34 2 -1 
                  32 33 2 -1 
                  31 32 2 -1 
                  30 31 2 -1 
                  29 30 2 -1 
                  28 29 2 -1 
                  27 28 2 -1 
                  26 27 2 -1 
                  25 26 2 -1 
                  5 25 2 -1 
                  7 5 1 -1 
                ]
                normalIndex [
                  2 0 1 -1 
                  3 0 2 -1 
                  5 40 4 -1 
                  6 39 5 -1 
                  7 38 6 -1 
                  8 37 7 -1 
                  9 36 8 -1 
                  10 35 9 -1 
                  11 34 10 -1 
                  12 33 11 -1 
                  13 32 12 -1 
                  14 31 13 -1 
                  15 30 14 -1 
                  16 29 15 -1 
                  17 28 16 -1 
                  18 27 17 -1 
                  19 26 18 -1 
                  20 25 19 -1 
                  21 24 20 -1 
                  22 23 21 -1 
                  24 21 23 -1 
                  25 20 24 -1 
                  26 19 25 -1 
                  27 18 26 -1 
                  28 17 27 -1 
                  29 16 28 -1 
                  30 15 29 -1 
                  31 14 30 -1 
                  32 13 31 -1 
                  33 12 32 -1 
                  34 11 33 -1 
                  35 10 34 -1 
                  36 9 35 -1 
                  37 8 36 -1 
                  38 7 37 -1 
                  39 6 38 -1 
                  40 5 39 -1 
                  41 4 40 -1 
                  44 43 42 -1 
                  45 44 42 -1 
                  48 47 46 -1 
                  49 48 46 -1 
                  69 50 51 -1 
                  53 51 52 -1 
                  54 51 53 -1 
                  55 51 54 -1 
                  56 51 55 -1 
                  57 51 56 -1 
                  58 51 57 -1 
                  59 51 58 -1 
                  60 51 59 -1 
                  61 51 60 -1 
                  62 51 61 -1 
                  63 51 62 -1 
                  64 51 63 -1 
                  65 51 64 -1 
                  66 51 65 -1 
                  67 51 66 -1 
                  68 51 67 -1 
                  69 51 68 -1 
                  70 50 69 -1 
                  90 72 71 -1 
                  74 73 72 -1 
                  75 74 72 -1 
                  76 75 72 -1 
                  77 76 72 -1 
                  78 77 72 -1 
                  79 78 72 -1 
                  80 79 72 -1 
                  81 80 72 -1 
                  82 81 72 -1 
                  83 82 72 -1 
                  84 83 72 -1 
                  85 84 72 -1 
                  86 85 72 -1 
                  87 86 72 -1 
                  88 87 72 -1 
                  89 88 72 -1 
                  90 89 72 -1 
                  91 90 71 -1 
                ]
              }
            }
          ]
        }
      ]
    }
  ]
}
